[
	{
		"code": "dye-green-alum",
		"ingredients": [
			{ "type": "item", "code": "game:dilutedalumportion", "quantity": 4 },
			{ "type": "item", "code": "bricklayers:powdered-chromiumoxide", "quantity": 1 }
		],
		"output": { "type": "item", "code": "game:dye-green", "stackSize": 1 }
	},
	{
		"code": "dye-green-cassiterite",
		"ingredients": [
			{ "type": "item", "code": "game:dilutedcassiteriteportion", "quantity": 4 },
			{ "type": "item", "code": "bricklayers:powdered-chromiumoxide", "quantity": 1 }
		],
		"output": { "type": "item", "code": "game:dye-green", "stackSize": 1 }
	},
	{
		"code": "dye-green-limewater",
		"ingredients": [
			{ "type": "item", "code": "game:limewaterportion", "quantity": 4 },
			{ "type": "item", "code": "bricklayers:powdered-chromiumoxide", "quantity": 1 }
		],
		"output": { "type": "item", "code": "game:dye-green", "stackSize": 1 }
	},
	{
		"code": "dye-green-diluatedborax",
		"ingredients": [
			{ "type": "item", "code": "game:diluatedboraxportion", "quantity": 2 },
			{ "type": "item", "code": "bricklayers:powdered-chromiumoxide", "quantity": 1 }
		],
		"output": { "type": "item", "code": "game:dye-green", "stackSize": 1 }
	}
]
