[
	{
		"code": "dye-purple-red",
		"ingredients": [
			{ "type": "item", "code": "game:dye-red", "quantity": 4 },
			{ "type": "item", "code": "bricklayers:powdered-nickel", "quantity": 1 }
		],
		"output": { "type": "item", "code": "game:dye-purple", "stackSize": 4 }
	},
	{
		"code": "dye-purple-blue",
		"ingredients": [
			{ "type": "item", "code": "game:dye-blue", "quantity": 4 },
			{ "type": "item", "code": "bricklayers:powdered-litharge", "quantity": 1 }
		],
		"output": { "type": "item", "code": "game:dye-purple", "stackSize": 4 }
	},
	{
		"code": "dye-purple-blue",
		"ingredients": [
			{ "type": "item", "code": "game:dye-blue", "quantity": 4 },
			{ "type": "item", "code": "bricklayers:powdered-hematite", "quantity": 1 }
		],
		"output": { "type": "item", "code": "game:dye-purple", "stackSize": 4 }
	}
]
