[
	{
		"code": "dye-red-alum",
		"ingredients": [
			{ "type": "item", "code": "game:dilutedalumportion", "quantity": 4 },
			{ "type": "item", "code": "bricklayers:powdered-litharge", "quantity": 1 }
		],
		"output": { "type": "item", "code": "game:dye-red", "stackSize": 1 }
	},
	{
		"code": "dye-red-alum",
		"ingredients": [
			{ "type": "item", "code": "game:dilutedalumportion", "quantity": 4 },
			{ "type": "item", "code": "bricklayers:powdered-hematite", "quantity": 1 }
		],
		"output": { "type": "item", "code": "game:dye-red", "stackSize": 1 }
	},
	{
		"code": "dye-red-cassiterite",
		"ingredients": [
			{ "type": "item", "code": "game:dilutedcassiteriteportion", "quantity": 2 },
			{ "type": "item", "code": "bricklayers:powdered-litharge", "quantity": 1 }
		],
		"output": { "type": "item", "code": "game:dye-red", "stackSize": 1 }
	},
	{
		"code": "dye-red-cassiterite",
		"ingredients": [
			{ "type": "item", "code": "game:dilutedcassiteriteportion", "quantity": 2 },
			{ "type": "item", "code": "bricklayers:powdered-hematite", "quantity": 1 }
		],
		"output": { "type": "item", "code": "game:dye-red", "stackSize": 1 }
	},
	{
		"code": "dye-red-chromite",
		"ingredients": [
			{ "type": "item", "code": "game:dilutedchromiteportion", "quantity": 3 },
			{ "type": "item", "code": "bricklayers:powdered-litharge", "quantity": 1 }
		],
		"output": { "type": "item", "code": "game:dye-red", "stackSize": 1 }
	},
	{
		"code": "dye-red-chromite",
		"ingredients": [
			{ "type": "item", "code": "game:dilutedchromiteportion", "quantity": 3 },
			{ "type": "item", "code": "bricklayers:powdered-hematite", "quantity": 1 }
		],
		"output": { "type": "item", "code": "game:dye-red", "stackSize": 1 }
	}
]
