{
	"editor": {
		"allAngles": false,
		"entityTextureMode": false
	},
	"textureWidth": 8,
	"textureHeight": 8,
	"textureSizes": {
	},
	"textures": {
		"bellpepper": "item/food/vegetable/bellpepper"
	},
	"elements": [
		{
			"name": "origin",
			"from": [ 8.0, 0.0, 8.0 ], 
			"to": [ 8.0, 0.0, 8.0 ], 
			"rotationOrigin": [ 8.0, 0.0, 8.0 ],
			"faces": {
				"north": { "texture": "#null", "uv": [ 0.0, 0.0, 0.5, 0.5 ], "enabled": false },
				"east": { "texture": "#null", "uv": [ 0.0, 0.0, 0.5, 0.5 ], "enabled": false },
				"south": { "texture": "#null", "uv": [ 0.0, 0.0, 0.5, 0.5 ], "enabled": false },
				"west": { "texture": "#null", "uv": [ 0.0, 0.0, 0.5, 0.5 ], "enabled": false },
				"up": { "texture": "#null", "uv": [ 0.0, 0.0, 0.5, 0.5 ], "enabled": false },
				"down": { "texture": "#null", "uv": [ 0.0, 0.0, 0.5, 0.5 ], "enabled": false }
			},
			"children": [
				{
					"name": "inside",
					"from": [ -1.5, 0.0, -1.5 ], 
					"to": [ 1.5, 6.0, 1.5 ], 
					"faces": {
						"north": { "texture": "#bellpepper", "uv": [ 0.5, 2.0, 3.5, 8.0 ] },
						"east": { "texture": "#bellpepper", "uv": [ 0.5, 1.5, 3.5, 7.5 ] },
						"south": { "texture": "#bellpepper", "uv": [ 0.5, 2.0, 3.5, 8.0 ] },
						"west": { "texture": "#bellpepper", "uv": [ 0.5, 2.0, 3.5, 8.0 ] },
						"up": { "texture": "#bellpepper", "uv": [ 4.5, 0.5, 7.5, 3.5 ] },
						"down": { "texture": "#bellpepper", "uv": [ 0.0, 0.0, 3.0, 3.0 ] }
					},
					"children": [
						{
							"name": "stem",
							"from": [ 1.0, 5.6, 1.0 ], 
							"to": [ 2.0, 7.6, 2.0 ], 
							"rotationOrigin": [ 1.5, 5.6, 1.5 ],
							"rotationX": 22.500000622717995,
							"rotationY": 22.50000022689532,
							"faces": {
								"north": { "texture": "#bellpepper", "uv": [ 6.5, 6.0, 7.5, 8.0 ] },
								"east": { "texture": "#bellpepper", "uv": [ 6.5, 6.0, 7.5, 8.0 ] },
								"south": { "texture": "#bellpepper", "uv": [ 6.0, 5.5, 7.0, 7.5 ] },
								"west": { "texture": "#bellpepper", "uv": [ 7.0, 6.0, 8.0, 8.0 ] },
								"up": { "texture": "#bellpepper", "uv": [ 6.5, 6.0, 7.5, 7.0 ] },
								"down": { "texture": "#bellpepper", "uv": [ 6.5, 5.5, 7.5, 6.5 ], "enabled": false }
							}
						},
						{
							"name": "NW",
							"from": [ -0.5, 1.5, -0.5 ], 
							"to": [ 1.5, 5.5, 1.5 ], 
							"rotationOrigin": [ 1.5, 1.5, 1.5 ],
							"rotationX": -4.99999939381209,
							"rotationZ": 4.99999939381209,
							"faces": {
								"north": { "texture": "#bellpepper", "uv": [ 2.0, 4.0, 4.0, 8.0 ] },
								"east": { "texture": "#bellpepper", "uv": [ 0.0, 3.0, 2.0, 7.0 ] },
								"south": { "texture": "#bellpepper", "uv": [ 0.0, 3.0, 2.0, 7.0 ] },
								"west": { "texture": "#bellpepper", "uv": [ 0.0, 4.0, 2.0, 8.0 ] },
								"up": { "texture": "#bellpepper", "uv": [ 4.0, 0.0, 6.0, 2.0 ] },
								"down": { "texture": "#bellpepper", "uv": [ 0.0, 0.0, 2.0, 2.0 ] }
							},
							"children": [
								{
									"name": "NW2",
									"from": [ -0.3, 0.2, 0.5 ], 
									"to": [ 0.0, 3.8, 1.5 ], 
									"rotationOrigin": [ 1.7, 0.2, 2.5 ],
									"rotationX": -2.1495652956682494E-7,
									"rotationY": -7.976080887407848E-9,
									"rotationZ": 4.26886799687054E-7,
									"faces": {
										"north": { "texture": "#bellpepper", "uv": [ 2.0, 4.0, 2.5, 7.5 ] },
										"east": { "texture": "#bellpepper", "uv": [ 0.0, 3.0, 1.0, 6.5 ] },
										"south": { "texture": "#bellpepper", "uv": [ 0.0, 3.0, 0.5, 6.5 ] },
										"west": { "texture": "#bellpepper", "uv": [ 0.0, 4.0, 1.0, 7.5 ] },
										"up": { "texture": "#bellpepper", "uv": [ 4.0, 0.0, 4.5, 1.0 ] },
										"down": { "texture": "#bellpepper", "uv": [ 0.0, 0.0, 0.5, 1.0 ] }
									}
								},
								{
									"name": "NW3",
									"from": [ 1.7, 0.2, 0.5 ], 
									"to": [ 2.0, 3.8, 1.5 ], 
									"rotationOrigin": [ 2.0, 0.0, 0.0 ],
									"rotationX": -2.1495652956682494E-7,
									"rotationY": -90.0,
									"rotationZ": 4.26886799687054E-7,
									"faces": {
										"north": { "texture": "#bellpepper", "uv": [ 2.0, 4.0, 2.5, 7.5 ] },
										"east": { "texture": "#bellpepper", "uv": [ 0.0, 3.0, 1.0, 6.5 ] },
										"south": { "texture": "#bellpepper", "uv": [ 0.0, 3.0, 0.5, 6.5 ] },
										"west": { "texture": "#bellpepper", "uv": [ 0.0, 4.0, 1.0, 7.5 ] },
										"up": { "texture": "#bellpepper", "uv": [ 4.0, 0.0, 4.5, 1.0 ] },
										"down": { "texture": "#bellpepper", "uv": [ 0.0, 0.0, 0.5, 1.0 ] }
									}
								},
								{
									"name": "NW4",
									"from": [ 0.2, 4.0, 0.2 ], 
									"to": [ 1.7, 4.3, 1.7 ], 
									"rotationOrigin": [ 0.2, 4.0, 0.2 ],
									"faces": {
										"north": { "texture": "#bellpepper", "uv": [ 0.0, 0.0, 1.5, 0.5 ] },
										"east": { "texture": "#bellpepper", "uv": [ 0.0, 0.0, 1.5, 0.5 ] },
										"south": { "texture": "#bellpepper", "uv": [ 0.0, 0.0, 1.5, 0.5 ] },
										"west": { "texture": "#bellpepper", "uv": [ 0.0, 0.0, 1.5, 0.5 ] },
										"up": { "texture": "#bellpepper", "uv": [ 0.0, 0.0, 1.5, 1.5 ] },
										"down": { "texture": "#bellpepper", "uv": [ 0.0, 0.0, 1.5, 1.5 ] }
									}
								}
							]
						},
						{
							"name": "SE",
							"from": [ 1.5, 1.5, 1.5 ], 
							"to": [ 3.5, 5.5, 3.5 ], 
							"rotationOrigin": [ 1.5, 1.5, 1.5 ],
							"rotationX": 4.99999939381209,
							"rotationZ": -4.99999939381209,
							"faces": {
								"north": { "texture": "#bellpepper", "uv": [ 0.0, 3.5, 2.0, 7.5 ] },
								"east": { "texture": "#bellpepper", "uv": [ 0.0, 4.0, 2.0, 8.0 ] },
								"south": { "texture": "#bellpepper", "uv": [ 2.0, 4.0, 4.0, 8.0 ] },
								"west": { "texture": "#bellpepper", "uv": [ 0.0, 4.0, 2.0, 8.0 ] },
								"up": { "texture": "#bellpepper", "uv": [ 6.0, 2.0, 8.0, 4.0 ] },
								"down": { "texture": "#bellpepper", "uv": [ 0.0, 0.0, 2.0, 2.0 ] }
							},
							"children": [
								{
									"name": "SE2",
									"from": [ 2.0, 0.2, 0.5 ], 
									"to": [ 2.3, 3.8, 1.5 ], 
									"rotationOrigin": [ 2.0, 0.2, 0.5 ],
									"rotationX": 2.1495652956682494E-7,
									"rotationY": -7.976080887407848E-9,
									"rotationZ": -4.26886799687054E-7,
									"faces": {
										"north": { "texture": "#bellpepper", "uv": [ 0.0, 3.5, 0.5, 7.0 ] },
										"east": { "texture": "#bellpepper", "uv": [ 0.0, 4.0, 1.0, 7.5 ] },
										"south": { "texture": "#bellpepper", "uv": [ 2.0, 4.0, 2.5, 7.5 ] },
										"west": { "texture": "#bellpepper", "uv": [ 0.0, 4.0, 1.0, 7.5 ] },
										"up": { "texture": "#bellpepper", "uv": [ 4.0, 3.0, 4.5, 4.0 ] },
										"down": { "texture": "#bellpepper", "uv": [ 0.0, 0.0, 0.5, 1.0 ] }
									}
								},
								{
									"name": "SE3",
									"from": [ 0.5, 0.2, 2.3 ], 
									"to": [ 0.8, 3.8, 3.3 ], 
									"rotationOrigin": [ 0.5, 0.2, 2.3 ],
									"rotationX": 2.1495652956682494E-7,
									"rotationY": 90.0,
									"rotationZ": -4.26886799687054E-7,
									"faces": {
										"north": { "texture": "#bellpepper", "uv": [ 0.0, 3.5, 0.5, 7.0 ] },
										"east": { "texture": "#bellpepper", "uv": [ 0.0, 4.0, 1.0, 7.5 ] },
										"south": { "texture": "#bellpepper", "uv": [ 2.0, 4.0, 2.5, 7.5 ] },
										"west": { "texture": "#bellpepper", "uv": [ 0.0, 4.0, 1.0, 7.5 ] },
										"up": { "texture": "#bellpepper", "uv": [ 3.5, 2.0, 4.0, 3.0 ] },
										"down": { "texture": "#bellpepper", "uv": [ 0.0, 0.0, 0.5, 1.0 ] }
									}
								},
								{
									"name": "SE4",
									"from": [ 0.2, 4.0, 0.2 ], 
									"to": [ 1.7, 4.3, 1.7 ], 
									"rotationOrigin": [ 0.2, 3.0, 0.2 ],
									"faces": {
										"north": { "texture": "#bellpepper", "uv": [ 0.0, 0.0, 1.5, 0.5 ] },
										"east": { "texture": "#bellpepper", "uv": [ 0.0, 0.0, 1.5, 0.5 ] },
										"south": { "texture": "#bellpepper", "uv": [ 0.0, 0.0, 1.5, 0.5 ] },
										"west": { "texture": "#bellpepper", "uv": [ 0.0, 0.0, 1.5, 0.5 ] },
										"up": { "texture": "#bellpepper", "uv": [ 0.0, 0.0, 1.5, 1.5 ] },
										"down": { "texture": "#bellpepper", "uv": [ 0.0, 0.0, 1.5, 1.5 ] }
									}
								}
							]
						},
						{
							"name": "NE",
							"from": [ 1.5, 1.5, -0.5 ], 
							"to": [ 3.5, 5.5, 1.5 ], 
							"rotationOrigin": [ 1.5, 1.5, 1.5 ],
							"rotationX": -4.99999939381209,
							"rotationZ": -4.99999939381209,
							"faces": {
								"north": { "texture": "#bellpepper", "uv": [ 0.0, 4.0, 2.0, 8.0 ] },
								"east": { "texture": "#bellpepper", "uv": [ 2.0, 4.0, 4.0, 8.0 ] },
								"south": { "texture": "#bellpepper", "uv": [ 0.0, 4.0, 2.0, 8.0 ] },
								"west": { "texture": "#bellpepper", "uv": [ 2.0, 4.0, 4.0, 8.0 ] },
								"up": { "texture": "#bellpepper", "uv": [ 6.0, 0.0, 8.0, 2.0 ] },
								"down": { "texture": "#bellpepper", "uv": [ 0.0, 0.0, 2.0, 2.0 ] }
							},
							"children": [
								{
									"name": "NE2",
									"from": [ 2.0, 0.2, 0.5 ], 
									"to": [ 2.3, 3.8, 1.5 ], 
									"rotationOrigin": [ 2.0, 0.2, 2.5 ],
									"rotationX": -2.1495652956682494E-7,
									"rotationY": 7.976080887407848E-9,
									"rotationZ": -4.26886799687054E-7,
									"faces": {
										"north": { "texture": "#bellpepper", "uv": [ 0.0, 4.0, 0.5, 7.5 ] },
										"east": { "texture": "#bellpepper", "uv": [ 2.0, 4.0, 3.0, 7.5 ] },
										"south": { "texture": "#bellpepper", "uv": [ 0.0, 4.0, 0.5, 7.5 ] },
										"west": { "texture": "#bellpepper", "uv": [ 2.0, 4.0, 3.0, 7.5 ] },
										"up": { "texture": "#bellpepper", "uv": [ 6.0, 0.0, 6.5, 1.0 ] },
										"down": { "texture": "#bellpepper", "uv": [ 0.0, 0.0, 0.5, 1.0 ] }
									}
								},
								{
									"name": "NE3",
									"from": [ 2.5, 0.2, -2.0 ], 
									"to": [ 2.8, 3.8, -1.0 ], 
									"rotationOrigin": [ 2.5, 0.2, 0.0 ],
									"rotationX": -2.1495652956682494E-7,
									"rotationY": 90.0,
									"rotationZ": -4.26886799687054E-7,
									"faces": {
										"north": { "texture": "#bellpepper", "uv": [ 0.0, 4.0, 0.5, 7.5 ] },
										"east": { "texture": "#bellpepper", "uv": [ 2.0, 4.0, 3.0, 7.5 ] },
										"south": { "texture": "#bellpepper", "uv": [ 0.0, 4.0, 0.5, 7.5 ] },
										"west": { "texture": "#bellpepper", "uv": [ 2.0, 4.0, 3.0, 7.5 ] },
										"up": { "texture": "#bellpepper", "uv": [ 6.0, 0.0, 6.5, 1.0 ] },
										"down": { "texture": "#bellpepper", "uv": [ 0.0, 0.0, 0.5, 1.0 ] }
									}
								},
								{
									"name": "NE4",
									"from": [ 0.2, 4.0, 0.2 ], 
									"to": [ 1.7, 4.3, 1.7 ], 
									"rotationOrigin": [ 0.2, 4.0, 0.2 ],
									"faces": {
										"north": { "texture": "#bellpepper", "uv": [ 0.0, 0.0, 1.5, 0.5 ] },
										"east": { "texture": "#bellpepper", "uv": [ 0.0, 0.0, 1.5, 0.5 ] },
										"south": { "texture": "#bellpepper", "uv": [ 0.0, 0.0, 1.5, 0.5 ] },
										"west": { "texture": "#bellpepper", "uv": [ 0.0, 0.0, 1.5, 0.5 ] },
										"up": { "texture": "#bellpepper", "uv": [ 0.0, 0.0, 1.5, 1.5 ] },
										"down": { "texture": "#bellpepper", "uv": [ 0.0, 0.0, 1.5, 1.5 ] }
									}
								}
							]
						},
						{
							"name": "SW",
							"from": [ -0.5, 1.5, 1.5 ], 
							"to": [ 1.5, 5.5, 3.5 ], 
							"rotationOrigin": [ 1.5, 1.5, 1.5 ],
							"rotationX": 4.99999939381209,
							"rotationZ": 4.99999939381209,
							"faces": {
								"north": { "texture": "#bellpepper", "uv": [ 1.5, 4.0, 3.5, 8.0 ] },
								"east": { "texture": "#bellpepper", "uv": [ 0.0, 4.0, 2.0, 8.0 ] },
								"south": { "texture": "#bellpepper", "uv": [ 0.0, 4.0, 2.0, 8.0 ] },
								"west": { "texture": "#bellpepper", "uv": [ 2.0, 4.0, 4.0, 8.0 ] },
								"up": { "texture": "#bellpepper", "uv": [ 4.0, 2.0, 6.0, 4.0 ] },
								"down": { "texture": "#bellpepper", "uv": [ 0.0, 0.0, 2.0, 2.0 ] }
							},
							"children": [
								{
									"name": "SW2",
									"from": [ -0.3, 0.2, 0.5 ], 
									"to": [ 0.0, 3.8, 1.5 ], 
									"rotationOrigin": [ 1.7, 0.2, 0.5 ],
									"rotationX": 2.1495652956682494E-7,
									"rotationY": 7.976080887407848E-9,
									"rotationZ": 4.26886799687054E-7,
									"faces": {
										"north": { "texture": "#bellpepper", "uv": [ 1.5, 4.0, 2.0, 7.5 ] },
										"east": { "texture": "#bellpepper", "uv": [ 0.0, 4.0, 1.0, 7.5 ] },
										"south": { "texture": "#bellpepper", "uv": [ 0.0, 4.0, 0.5, 7.5 ] },
										"west": { "texture": "#bellpepper", "uv": [ 2.0, 4.0, 3.0, 7.5 ] },
										"up": { "texture": "#bellpepper", "uv": [ 4.0, 2.0, 4.5, 3.0 ] },
										"down": { "texture": "#bellpepper", "uv": [ 0.0, 0.0, 0.5, 1.0 ] }
									}
								},
								{
									"name": "SW3",
									"from": [ -1.5, 0.2, 0.3 ], 
									"to": [ -1.2, 3.8, 1.3 ], 
									"rotationOrigin": [ 0.5, 0.2, 0.3 ],
									"rotationY": 90.0,
									"rotationZ": 4.26886799687054E-7,
									"faces": {
										"north": { "texture": "#bellpepper", "uv": [ 1.5, 4.0, 2.0, 7.5 ] },
										"east": { "texture": "#bellpepper", "uv": [ 0.0, 4.0, 1.0, 7.5 ] },
										"south": { "texture": "#bellpepper", "uv": [ 0.0, 4.0, 0.5, 7.5 ] },
										"west": { "texture": "#bellpepper", "uv": [ 2.0, 4.0, 3.0, 7.5 ] },
										"up": { "texture": "#bellpepper", "uv": [ 4.0, 2.0, 4.5, 3.0 ] },
										"down": { "texture": "#bellpepper", "uv": [ 0.0, 0.0, 0.5, 1.0 ] }
									}
								},
								{
									"name": "SW4",
									"from": [ 0.2, 4.0, 0.2 ], 
									"to": [ 1.7, 4.3, 1.7 ], 
									"rotationOrigin": [ 0.2, 4.0, 0.2 ],
									"faces": {
										"north": { "texture": "#bellpepper", "uv": [ 0.0, 0.0, 1.5, 0.5 ] },
										"east": { "texture": "#bellpepper", "uv": [ 0.0, 0.0, 1.5, 0.5 ] },
										"south": { "texture": "#bellpepper", "uv": [ 0.0, 0.0, 1.5, 0.5 ] },
										"west": { "texture": "#bellpepper", "uv": [ 0.0, 0.0, 1.5, 0.5 ] },
										"up": { "texture": "#bellpepper", "uv": [ 0.0, 0.0, 1.5, 1.5 ] },
										"down": { "texture": "#bellpepper", "uv": [ 0.0, 0.0, 1.5, 1.5 ] }
									}
								}
							]
						}
					]
				}
			]
		}
	]}