{
	"editor": {
		"allAngles": false,
		"entityTextureMode": false
	},
	"textureWidth": 16,
	"textureHeight": 16,
	"textureSizes": {
	},
	"textures": {
		"sides": "block/wood/barrel/sides",
		"inside": "block/wood/barrel/inside",
		"top-empty": "block/wood/barrel/top-empty"
	},
	"elements": [
		{
			"name": "Barrel west",
			"from": [ 1.0, 0.0, 1.0 ], 
			"to": [ 2.0, 15.0, 15.0 ], 
			"faces": {
				"north": { "texture": "#sides", "uv": [ 14.0, 1.0, 15.0, 16.0 ] },
				"east": { "texture": "#inside", "uv": [ 1.5, 1.0, 15.5, 16.0 ] },
				"south": { "texture": "#sides", "uv": [ 1.0, 1.0, 2.0, 16.0 ] },
				"west": { "texture": "#sides", "uv": [ 1.0, 1.0, 15.0, 16.0 ] },
				"up": { "texture": "#sides", "uv": [ 1.0, 0.0, 15.0, 1.0 ], "rotation": 90 },
				"down": { "texture": "#sides", "uv": [ 1.0, 0.5, 15.0, 1.5 ], "rotation": 90 }
			}
		},
		{
			"name": "Lower ring N",
			"from": [ 0.5, 2.0, 0.5 ], 
			"to": [ 15.5, 4.0, 1.0 ], 
			"rotationOrigin": [ 0.5, 0.0, 0.5 ],
			"faces": {
				"north": { "texture": "#sides", "uv": [ 0.0, 12.0, 15.0, 14.0 ] },
				"east": { "texture": "#sides", "uv": [ 15.0, 12.0, 15.5, 14.0 ] },
				"south": { "texture": "#2", "uv": [ 0.0, 3.0, 15.0, 5.0 ], "enabled": false },
				"west": { "texture": "#sides", "uv": [ 0.0, 12.0, 0.5, 14.0 ] },
				"up": { "texture": "#inside", "uv": [ 0.0, 0.0, 15.0, 0.5 ], "rotation": 180 },
				"down": { "texture": "#inside", "uv": [ 0.0, 0.0, 15.0, 0.5 ] }
			}
		},
		{
			"name": "Lower ring S",
			"from": [ 0.5, 2.0, 15.0 ], 
			"to": [ 15.5, 4.0, 15.5 ], 
			"rotationOrigin": [ 0.5, 0.0, 0.0 ],
			"faces": {
				"north": { "texture": "#2", "uv": [ 0.0, 12.0, 15.0, 14.0 ], "enabled": false },
				"east": { "texture": "#sides", "uv": [ 0.0, 12.0, 0.5, 14.0 ] },
				"south": { "texture": "#sides", "uv": [ 0.0, 12.0, 15.0, 14.0 ] },
				"west": { "texture": "#sides", "uv": [ 15.0, 12.0, 15.5, 14.0 ] },
				"up": { "texture": "#inside", "uv": [ 0.0, 0.0, 15.0, 0.5 ] },
				"down": { "texture": "#inside", "uv": [ 0.0, 0.0, 15.0, 0.5 ], "rotation": 180 }
			}
		},
		{
			"name": "Lower Ring W",
			"from": [ 0.5, 2.0, 1.0 ], 
			"to": [ 1.0, 4.0, 15.0 ], 
			"rotationOrigin": [ 0.5, 0.0, 0.0 ],
			"faces": {
				"north": { "texture": "#-1", "uv": [ 0.0, 12.0, 0.5, 14.0 ], "enabled": false },
				"east": { "texture": "#sides", "uv": [ 9.0, 7.0, 23.0, 9.0 ], "enabled": false },
				"south": { "texture": "#-1", "uv": [ 0.0, 12.0, 0.5, 14.0 ], "enabled": false },
				"west": { "texture": "#sides", "uv": [ 1.0, 12.0, 15.0, 14.0 ] },
				"up": { "texture": "#inside", "uv": [ 1.0, 0.0, 15.0, 0.5 ], "rotation": 90 },
				"down": { "texture": "#inside", "uv": [ 1.0, 0.0, 15.0, 0.5 ], "rotation": 90 }
			}
		},
		{
			"name": "Lower Ring E",
			"from": [ 15.0, 2.0, 1.0 ], 
			"to": [ 15.5, 4.0, 15.0 ], 
			"faces": {
				"north": { "texture": "#-1", "uv": [ 0.0, 12.0, 0.5, 14.0 ], "enabled": false },
				"east": { "texture": "#sides", "uv": [ 1.0, 12.0, 15.0, 14.0 ] },
				"south": { "texture": "#sides", "uv": [ 0.0, 12.0, 0.5, 14.0 ], "enabled": false },
				"west": { "texture": "#sides", "uv": [ 1.0, 12.0, 15.0, 14.0 ], "enabled": false },
				"up": { "texture": "#inside", "uv": [ 1.0, 0.0, 15.0, 0.5 ], "rotation": 90 },
				"down": { "texture": "#inside", "uv": [ 1.0, 0.0, 15.0, 0.5 ], "rotation": 270 }
			}
		},
		{
			"name": "Upper ring N",
			"from": [ 0.5, 11.0, 0.5 ], 
			"to": [ 15.5, 13.0, 1.0 ], 
			"rotationOrigin": [ 0.5, 0.0, 0.5 ],
			"faces": {
				"north": { "texture": "#sides", "uv": [ 0.0, 3.0, 15.0, 5.0 ] },
				"east": { "texture": "#sides", "uv": [ 15.0, 3.0, 15.5, 5.0 ] },
				"south": { "texture": "#2", "uv": [ 0.0, 3.0, 15.0, 5.0 ], "enabled": false },
				"west": { "texture": "#sides", "uv": [ 0.0, 3.0, 0.5, 5.0 ] },
				"up": { "texture": "#inside", "uv": [ 0.0, 0.0, 15.0, 0.5 ], "rotation": 180 },
				"down": { "texture": "#inside", "uv": [ 0.0, 0.0, 15.0, 0.5 ] }
			}
		},
		{
			"name": "Upper Ring S",
			"from": [ 0.5, 11.0, 15.0 ], 
			"to": [ 15.5, 13.0, 15.5 ], 
			"rotationOrigin": [ 0.5, 0.0, 0.0 ],
			"faces": {
				"north": { "texture": "#2", "uv": [ 0.0, 12.0, 15.0, 14.0 ], "enabled": false },
				"east": { "texture": "#sides", "uv": [ 0.0, 3.0, 0.5, 5.0 ] },
				"south": { "texture": "#sides", "uv": [ 0.0, 3.0, 15.0, 5.0 ] },
				"west": { "texture": "#sides", "uv": [ 15.0, 3.0, 15.5, 5.0 ] },
				"up": { "texture": "#inside", "uv": [ 0.0, 0.0, 15.0, 0.5 ] },
				"down": { "texture": "#inside", "uv": [ 0.0, 0.0, 15.0, 0.5 ], "rotation": 180 }
			}
		},
		{
			"name": "Upper ring W",
			"from": [ 0.5, 11.0, 1.0 ], 
			"to": [ 1.0, 13.0, 15.0 ], 
			"rotationOrigin": [ 0.5, 0.0, 0.0 ],
			"faces": {
				"north": { "texture": "#2", "uv": [ 0.0, 12.0, 0.5, 14.0 ], "enabled": false },
				"east": { "texture": "#sides", "uv": [ 9.0, 8.0, 23.0, 10.0 ], "enabled": false },
				"south": { "texture": "#sides", "uv": [ 0.0, 12.0, 0.5, 14.0 ], "enabled": false },
				"west": { "texture": "#sides", "uv": [ 1.0, 3.0, 15.0, 5.0 ] },
				"up": { "texture": "#inside", "uv": [ 1.0, 0.0, 15.0, 0.5 ], "rotation": 90 },
				"down": { "texture": "#inside", "uv": [ 1.0, 0.0, 15.0, 0.5 ], "rotation": 90 }
			}
		},
		{
			"name": "Upper Ring E",
			"from": [ 15.0, 11.0, 1.0 ], 
			"to": [ 15.5, 13.0, 15.0 ], 
			"faces": {
				"north": { "texture": "#2", "uv": [ 0.0, 12.0, 0.5, 14.0 ], "enabled": false },
				"east": { "texture": "#sides", "uv": [ 1.0, 3.0, 15.0, 5.0 ] },
				"south": { "texture": "#sides", "uv": [ 0.0, 12.0, 0.5, 14.0 ], "enabled": false },
				"west": { "texture": "#sides", "uv": [ 1.0, 12.0, 15.0, 14.0 ], "enabled": false },
				"up": { "texture": "#inside", "uv": [ 1.0, 0.0, 15.0, 0.5 ], "rotation": 270 },
				"down": { "texture": "#inside", "uv": [ 1.0, 0.0, 15.0, 0.5 ], "rotation": 270 }
			}
		},
		{
			"name": "Barrel east",
			"from": [ 14.0, 0.0, 1.0 ], 
			"to": [ 15.0, 15.0, 15.0 ], 
			"faces": {
				"north": { "texture": "#sides", "uv": [ 1.0, 1.0, 2.0, 16.0 ], "rotation": 180 },
				"east": { "texture": "#sides", "uv": [ 1.0, 1.0, 15.0, 16.0 ] },
				"south": { "texture": "#sides", "uv": [ 14.0, 1.0, 15.0, 16.0 ], "rotation": 180 },
				"west": { "texture": "#inside", "uv": [ 1.5, 1.0, 15.5, 16.0 ] },
				"up": { "texture": "#sides", "uv": [ 1.5, 0.0, 15.5, 1.0 ], "rotation": 90 },
				"down": { "texture": "#sides", "uv": [ 1.0, 1.0, 15.0, 2.0 ], "rotation": 270 }
			}
		},
		{
			"name": "Barrel north",
			"from": [ 2.0, 0.0, 1.0 ], 
			"to": [ 14.0, 15.0, 2.0 ], 
			"faces": {
				"north": { "texture": "#sides", "uv": [ 2.0, 1.0, 14.0, 16.0 ] },
				"east": { "texture": "#sides", "uv": [ 1.0, 2.0, 2.0, 17.0 ], "enabled": false },
				"south": { "texture": "#inside", "uv": [ 2.5, 1.0, 14.5, 16.0 ] },
				"west": { "texture": "#sides", "uv": [ 1.0, 2.0, 2.0, 17.0 ], "enabled": false },
				"up": { "texture": "#sides", "uv": [ 2.5, 0.0, 14.5, 1.0 ] },
				"down": { "texture": "#sides", "uv": [ 2.0, 0.5, 14.0, 1.5 ] }
			}
		},
		{
			"name": "Barrel south",
			"from": [ 2.0, 0.0, 14.0 ], 
			"to": [ 14.0, 15.0, 15.0 ], 
			"faces": {
				"north": { "texture": "#inside", "uv": [ 2.5, 1.0, 14.5, 16.0 ] },
				"east": { "texture": "#sides", "uv": [ 1.0, 2.0, 2.0, 17.0 ], "enabled": false },
				"south": { "texture": "#sides", "uv": [ 2.0, 1.0, 14.0, 16.0 ] },
				"west": { "texture": "#sides", "uv": [ 1.0, 2.0, 2.0, 17.0 ], "enabled": false },
				"up": { "texture": "#sides", "uv": [ 2.0, 0.0, 14.0, 1.0 ] },
				"down": { "texture": "#sides", "uv": [ 2.5, 0.5, 14.5, 1.5 ] }
			}
		},
		{
			"name": "floor",
			"from": [ 2.0, 0.0, 2.0 ], 
			"to": [ 14.0, 1.0, 14.0 ], 
			"faces": {
				"north": { "texture": "#sides", "uv": [ 1.0, 2.0, 15.0, 16.0 ], "enabled": false },
				"east": { "texture": "#sides", "uv": [ 1.0, 2.0, 15.0, 16.0 ], "enabled": false },
				"south": { "texture": "#sides", "uv": [ 1.0, 2.0, 15.0, 16.0 ], "enabled": false },
				"west": { "texture": "#sides", "uv": [ 1.0, 2.0, 15.0, 16.0 ], "enabled": false },
				"up": { "texture": "#top-empty", "uv": [ 2.0, 2.0, 14.0, 14.0 ] },
				"down": { "texture": "#top-empty", "uv": [ 2.0, 2.0, 14.0, 14.0 ] }
			}
		},
		{
			"name": "Middle Ring N",
			"from": [ 0.5, 7.0, 0.5 ], 
			"to": [ 15.5, 9.0, 1.0 ], 
			"rotationOrigin": [ 0.5, 5.0, 0.5 ],
			"faces": {
				"north": { "texture": "#sides", "uv": [ 0.0, 12.0, 15.0, 14.0 ] },
				"east": { "texture": "#sides", "uv": [ 15.0, 12.0, 15.5, 14.0 ] },
				"south": { "texture": "#2", "uv": [ 0.0, 3.0, 15.0, 5.0 ], "enabled": false },
				"west": { "texture": "#sides", "uv": [ 0.0, 12.0, 0.5, 14.0 ] },
				"up": { "texture": "#inside", "uv": [ 0.0, 0.0, 15.0, 0.5 ], "rotation": 180 },
				"down": { "texture": "#inside", "uv": [ 0.0, 0.0, 15.0, 0.5 ] }
			}
		},
		{
			"name": "Middle Ring S",
			"from": [ 0.5, 7.0, 15.0 ], 
			"to": [ 15.5, 9.0, 15.5 ], 
			"rotationOrigin": [ 0.5, 5.0, 0.0 ],
			"faces": {
				"north": { "texture": "#2", "uv": [ 0.0, 12.0, 15.0, 14.0 ], "enabled": false },
				"east": { "texture": "#sides", "uv": [ 0.0, 12.0, 0.5, 14.0 ] },
				"south": { "texture": "#sides", "uv": [ 0.0, 12.0, 15.0, 14.0 ] },
				"west": { "texture": "#sides", "uv": [ 15.0, 12.0, 15.5, 14.0 ] },
				"up": { "texture": "#inside", "uv": [ 0.0, 0.0, 15.0, 0.5 ] },
				"down": { "texture": "#inside", "uv": [ 0.0, 0.0, 15.0, 0.5 ], "rotation": 180 }
			}
		},
		{
			"name": "Middle Ring W",
			"from": [ 0.5, 7.0, 1.0 ], 
			"to": [ 1.0, 9.0, 15.0 ], 
			"rotationOrigin": [ 0.5, 5.0, 0.0 ],
			"faces": {
				"north": { "texture": "#-1", "uv": [ 0.0, 12.0, 0.5, 14.0 ], "enabled": false },
				"east": { "texture": "#sides", "uv": [ 9.0, 7.0, 23.0, 9.0 ], "enabled": false },
				"south": { "texture": "#-1", "uv": [ 0.0, 12.0, 0.5, 14.0 ], "enabled": false },
				"west": { "texture": "#sides", "uv": [ 1.0, 12.0, 15.0, 14.0 ] },
				"up": { "texture": "#inside", "uv": [ 1.0, 0.0, 15.0, 0.5 ], "rotation": 90 },
				"down": { "texture": "#inside", "uv": [ 1.0, 0.0, 15.0, 0.5 ], "rotation": 90 }
			}
		},
		{
			"name": "Middle Ring E",
			"from": [ 15.0, 7.0, 1.0 ], 
			"to": [ 15.5, 9.0, 15.0 ], 
			"rotationOrigin": [ 0.0, 5.0, 0.0 ],
			"faces": {
				"north": { "texture": "#-1", "uv": [ 0.0, 12.0, 0.5, 14.0 ], "enabled": false },
				"east": { "texture": "#sides", "uv": [ 1.0, 12.0, 15.0, 14.0 ] },
				"south": { "texture": "#sides", "uv": [ 0.0, 12.0, 0.5, 14.0 ], "enabled": false },
				"west": { "texture": "#sides", "uv": [ 1.0, 12.0, 15.0, 14.0 ], "enabled": false },
				"up": { "texture": "#inside", "uv": [ 1.0, 0.0, 15.0, 0.5 ], "rotation": 90 },
				"down": { "texture": "#inside", "uv": [ 1.0, 0.0, 15.0, 0.5 ], "rotation": 270 }
			}
		}
	]}