{
	"editor": {
		"allAngles": false,
		"singleTexture": false
	},
	"textureWidth": 12,
	"textureHeight": 12,
	"textures": {
		"raw-onion": "block/wood/barrel/raw-onion"
	},
	"elements": [
		{
			"name": "food",
			"from": [ 2.0, 1.0, 2.0 ], 
			"to": [ 14.0, 2.0, 14.0 ], 
			"renderPass": 4,
			"faces": {
				"north": { "texture": "#raw-onion", "uv": [ 0.0, 0.0, 12.0, 0.6667 ], "enabled": false },
				"east": { "texture": "#raw-onion", "uv": [ 0.0, 0.0, 12.0, 0.6667 ], "enabled": false },
				"south": { "texture": "#raw-onion", "uv": [ 0.0, 0.0, 12.0, 0.6667 ], "enabled": false },
				"west": { "texture": "#raw-onion", "uv": [ 0.0, 0.0, 12.0, 0.6667 ], "enabled": false },
				"up": { "texture": "#raw-onion", "uv": [ 0.0, 0.0, 12.0, 12.0 ] },
				"down": { "texture": "#raw-onion", "uv": [ 0.0, 0.0, 12.0, 12.0 ], "enabled": false }
			}
		}
	]}