{
	"code": "pattern",
	"class": "Block",
	"behaviorsByType": {
		"*-raw-*": [
			{ "name": "GroundStorable" },
			{ "name": "Unplaceable" },
			{ "name": "RightClickPickup" }
		],
		"*": [ { "name": "UnstableFalling" }, { "name": "RightClickPickup" } ]
	},
	"variantgroups": [
		{ "code": "type", "states": [ "raw", "burnt", "waxed", "colored" ] },
		{ "code": "pattern", "states": [ "checker", "lines" ] }
	],
	"attributesByType": {
		"*-burnt-*": {
			"moldrackable": true,
			"onmoldrackTransform": { "rotation": { "z": 90 } }
		}
	},
	"combustiblePropsByType": {
		"*-raw-*": {
			"meltingPoint": 650,
			"meltingDuration": 45,
			"smeltedRatio": 1,
			"smeltingType": "fire",
			"smeltedStack": { "type": "block", "code": "bricklayers:pattern-burnt-{pattern}" },
			"requiresContainer": false
		}
	},
	"blockmaterial": "Ceramic",
	"creativeinventory": { "general": ["*"], "ceramics": ["*"] },
	"replaceable": 700,
	"resistance": 1.5,
	"maxStackSize": 8,
	"lightAbsorption": 0,
	"texturesByType": {
		"*-raw-*": {
			"ceramic": { "base": "game:block/clay/blueclay" },
			"bottom": { "base": "game:block/clay/blueclay" },
			"top": { "base": "game:block/clay/blueclay" }
		},
		"*-burnt-*": {
			"ceramic": { "base": "game:block/clay/ceramic" },
			"bottom": { "base": "game:block/clay/ceramic-dark" },
			"top": { "base": "game:block/clay/ceramic" }
	       	},
		"*-waxed-*": {
			"ceramic": { "base": "game:block/clay/ceramic" },
			"bottom": { "base": "game:block/clay/ceramic-dark" },
			"top": { "base": "bricklayers:block/ceramic/glazed/pattern/ceramic_waxed" }
	       	},
		"*-colored-*": {
			"ceramic": { "base": "game:block/clay/ceramic" },
			"bottom": { "base": "game:block/clay/ceramic-dark" },
			"top": { "base": "bricklayers:block/ceramic/glazed/pattern/ceramic_waxed" },
			"color": { "base": "bricklayers:block/liquid/glazing/clear/brown" }
	       	}
	},
	"shapeByType": {
		"*-colored-*":	{ "base": "bricklayers:block/clay/pattern/{pattern}_filled", "rotateY": 180 },
		"*":		{ "base": "bricklayers:block/clay/pattern/{pattern}", "rotateY": 180 }
	},
	"sounds": { "walk": "game:walk/stone" },
	"collisionbox": { "x1": 0, "y1": 0, "z1": 0, "x2": 1, "y2": 0.1875, "z2": 1 },
	"selectionbox": { "x1": 0, "y1": 0, "z1": 0, "x2": 1, "y2": 0.1875, "z2": 1 },
	"sideopaque": { "all": false },
	"sidesolid": { "all": false },
	"tpHandTransform": {
		"translation": { "x": -1, "y": 0.2, "z": -0.9 },
		"rotation": { "x": -87, "y": 9, "z": 4 },
		"origin": { "x": 0.5, "y": 0.125, "z": 0.5 },
		"scale": 0.5
	},
	"fpHandTransform": {
		"translation": { "x": -0.3, "y": 0, "z": 0.5 },
		"rotation": { "x": 16, "y": -51, "z": 91 },
		"origin": { "x": 0.5, "y": 0.125, "z": 0.5 }
	},
	"guiTransform": {
		"translation": { "x": 0, "y": 3, "z": 0 },
		"origin": { "x": 0.5, "y": 0.0625, "z": 0.5 },
		"scale": 1.33
	},
	"groundTransform": {
		"translation": { "x": 0, "y": 0, "z": 0 },
		"rotation": { "x": 0, "y": -45, "z": 0 },
		"origin": { "x": 0.5, "y": 0, "z": 0.5 },
		"scale": 2.2
	}
}
