{
	"editor": {
		"allAngles": false,
		"entityTextureMode": false
	},
	"textureWidth": 16,
	"textureHeight": 16,
	"textureSizes": {
	},
	"textures": {
		"ebony": "block/wood/debarked/ebony",
		"feather1": "item/tool/material/feather1",
		"iron": "block/metal/ingot/iron",
		"feather2": "item/tool/material/feather2",
		"gold1": "block/metal/sheet/gold1"
	},
	"elements": [
		{
			"name": "Stick",
			"from": [ 1.0, 0.0, 7.7 ], 
			"to": [ 17.0, 1.0, 8.7 ], 
			"rotationOrigin": [ 8.0, 0.5, 8.0 ],
			"faces": {
				"north": { "texture": "#ebony", "uv": [ 0.0, 14.5, 16.0, 15.5 ] },
				"east": { "texture": "#ebony", "uv": [ 8.0, 7.0, 9.0, 8.0 ] },
				"south": { "texture": "#ebony", "uv": [ 0.0, 7.5, 16.0, 8.5 ] },
				"west": { "texture": "#ebony", "uv": [ 3.0, 2.0, 4.0, 3.0 ], "enabled": false },
				"up": { "texture": "#ebony", "uv": [ 0.0, 6.5, 16.0, 7.5 ] },
				"down": { "texture": "#ebony", "uv": [ 0.0, 0.5, 16.0, 1.5 ] }
			},
			"children": [
				{
					"name": "Cube1",
					"from": [ 16.0, 0.4, 0.0 ], 
					"to": [ 17.5, 0.6, 1.0 ], 
					"rotationOrigin": [ 16.0, 0.4, 0.0 ],
					"faces": {
						"north": { "texture": "#iron", "uv": [ 4.0, 14.0, 5.5, 14.5 ] },
						"east": { "texture": "#iron", "uv": [ 11.0, 12.5, 12.0, 13.0 ] },
						"south": { "texture": "#iron", "uv": [ 7.5, 13.5, 9.0, 14.0 ] },
						"west": { "texture": "#iron", "uv": [ 9.5, 12.0, 10.5, 12.5 ] },
						"up": { "texture": "#iron", "uv": [ 12.0, 9.5, 13.5, 10.5 ] },
						"down": { "texture": "#iron", "uv": [ 10.0, 12.0, 11.5, 13.0 ] }
					}
				},
				{
					"name": "Cube5",
					"from": [ 14.5, 0.4, -0.2 ], 
					"to": [ 17.0, 0.6, 0.3 ], 
					"rotationOrigin": [ 17.0, 0.4, 0.3 ],
					"rotationX": -1.0,
					"rotationY": -7.0,
					"faces": {
						"north": { "texture": "#iron", "uv": [ 4.0, 14.0, 6.5, 14.5 ] },
						"east": { "texture": "#iron", "uv": [ 11.0, 12.5, 11.5, 13.0 ] },
						"south": { "texture": "#iron", "uv": [ 7.5, 13.5, 10.0, 14.0 ] },
						"west": { "texture": "#iron", "uv": [ 9.5, 12.0, 10.0, 12.5 ] },
						"up": { "texture": "#iron", "uv": [ 6.0, 10.5, 8.5, 11.0 ] },
						"down": { "texture": "#iron", "uv": [ 10.0, 12.0, 12.5, 12.5 ] }
					}
				},
				{
					"name": "Cube6",
					"from": [ 14.5, 0.4, 0.7 ], 
					"to": [ 17.0, 0.6, 1.2 ], 
					"rotationOrigin": [ 17.0, 0.4, 0.7 ],
					"rotationY": 7.0,
					"rotationZ": 1.0,
					"faces": {
						"north": { "texture": "#iron", "uv": [ 4.0, 14.0, 6.5, 14.5 ] },
						"east": { "texture": "#iron", "uv": [ 11.0, 12.5, 11.5, 13.0 ] },
						"south": { "texture": "#iron", "uv": [ 7.5, 13.5, 10.0, 14.0 ] },
						"west": { "texture": "#iron", "uv": [ 9.5, 12.0, 10.0, 12.5 ] },
						"up": { "texture": "#iron", "uv": [ 8.0, 10.0, 10.5, 10.5 ] },
						"down": { "texture": "#iron", "uv": [ 10.0, 12.0, 12.5, 12.5 ] }
					}
				},
				{
					"name": "Cube7",
					"from": [ 14.1, 0.35, 0.9 ], 
					"to": [ 16.1, 0.55, 1.4 ], 
					"rotationOrigin": [ 16.1, 0.4, 0.9 ],
					"rotationY": 18.0,
					"faces": {
						"north": { "texture": "#iron", "uv": [ 4.0, 14.0, 6.0, 14.5 ] },
						"east": { "texture": "#iron", "uv": [ 11.0, 12.5, 11.5, 13.0 ] },
						"south": { "texture": "#iron", "uv": [ 7.5, 13.5, 9.5, 14.0 ] },
						"west": { "texture": "#iron", "uv": [ 9.5, 12.0, 10.0, 12.5 ] },
						"up": { "texture": "#iron", "uv": [ 6.0, 7.0, 8.0, 7.5 ] },
						"down": { "texture": "#iron", "uv": [ 10.0, 12.0, 12.0, 12.5 ] }
					}
				},
				{
					"name": "Cube8",
					"from": [ 14.1, 0.35, -0.4 ], 
					"to": [ 16.1, 0.55, 0.1 ], 
					"rotationOrigin": [ 16.1, 0.3, 0.1 ],
					"rotationY": -18.0,
					"faces": {
						"north": { "texture": "#iron", "uv": [ 4.0, 14.0, 6.0, 14.5 ] },
						"east": { "texture": "#iron", "uv": [ 11.0, 12.5, 11.5, 13.0 ] },
						"south": { "texture": "#iron", "uv": [ 7.5, 13.5, 9.5, 14.0 ] },
						"west": { "texture": "#iron", "uv": [ 9.5, 12.0, 10.0, 12.5 ] },
						"up": { "texture": "#iron", "uv": [ 8.5, 0.0, 10.5, 0.5 ] },
						"down": { "texture": "#iron", "uv": [ 10.0, 12.0, 12.0, 12.5 ] }
					}
				},
				{
					"name": "Cube9",
					"from": [ 17.5, 0.4, 0.3 ], 
					"to": [ 18.0, 0.6, 0.7 ], 
					"rotationOrigin": [ 17.5, 0.4, 0.3 ],
					"faces": {
						"north": { "texture": "#iron", "uv": [ 4.0, 14.0, 4.5, 14.5 ] },
						"east": { "texture": "#iron", "uv": [ 11.0, 12.5, 11.5, 13.0 ] },
						"south": { "texture": "#iron", "uv": [ 7.5, 13.5, 8.0, 14.0 ] },
						"west": { "texture": "#iron", "uv": [ 9.5, 12.0, 10.0, 12.5 ] },
						"up": { "texture": "#iron", "uv": [ 3.5, 5.0, 4.0, 5.5 ] },
						"down": { "texture": "#iron", "uv": [ 10.0, 12.0, 10.5, 12.5 ] }
					}
				},
				{
					"name": "Cube13",
					"from": [ 13.7, 0.4, -0.4 ], 
					"to": [ 14.2, 0.6, 1.4 ], 
					"rotationOrigin": [ 13.7, 0.4, -0.4 ],
					"faces": {
						"north": { "texture": "#iron", "uv": [ 4.0, 14.0, 4.5, 14.5 ] },
						"east": { "texture": "#iron", "uv": [ 11.0, 12.5, 12.5, 13.0 ] },
						"south": { "texture": "#iron", "uv": [ 7.5, 13.5, 8.0, 14.0 ] },
						"west": { "texture": "#iron", "uv": [ 9.5, 12.0, 11.0, 12.5 ] },
						"up": { "texture": "#iron", "uv": [ 6.0, 10.5, 6.5, 12.0 ] },
						"down": { "texture": "#iron", "uv": [ 10.0, 12.0, 10.5, 13.5 ] }
					}
				},
				{
					"name": "Cube14",
					"from": [ -1.5, -0.1, -0.1 ], 
					"to": [ -1.0, 1.1, 1.1 ], 
					"rotationOrigin": [ -1.5, -0.1, -0.1 ],
					"faces": {
						"north": { "texture": "#gold1", "uv": [ 4.0, 14.0, 4.5, 15.0 ] },
						"east": { "texture": "#gold1", "uv": [ 10.5, 10.0, 11.5, 11.0 ] },
						"south": { "texture": "#gold1", "uv": [ 3.5, 10.0, 4.0, 11.0 ] },
						"west": { "texture": "#gold1", "uv": [ 10.5, 8.0, 11.5, 9.0 ] },
						"up": { "texture": "#gold1", "uv": [ 9.0, 9.0, 9.5, 10.0 ] },
						"down": { "texture": "#gold1", "uv": [ 8.5, 8.0, 9.0, 9.0 ] }
					}
				},
				{
					"name": "Cube15",
					"from": [ -0.5, -0.1, -0.1 ], 
					"to": [ 0.0, 1.1, 1.1 ], 
					"rotationOrigin": [ -0.5, -0.1, -0.1 ],
					"faces": {
						"north": { "texture": "#gold1", "uv": [ 1.0, 14.0, 1.5, 15.0 ] },
						"east": { "texture": "#gold1", "uv": [ 10.5, 10.0, 11.5, 11.0 ] },
						"south": { "texture": "#gold1", "uv": [ 5.5, 6.5, 6.0, 7.5 ] },
						"west": { "texture": "#gold1", "uv": [ 14.5, 12.0, 15.5, 13.0 ] },
						"up": { "texture": "#gold1", "uv": [ 5.5, 14.5, 6.0, 15.5 ] },
						"down": { "texture": "#gold1", "uv": [ 6.0, 7.0, 6.5, 8.0 ] }
					}
				},
				{
					"name": "FeatherHorizontal19",
					"from": [ -5.0, -1.3, 0.5 ], 
					"to": [ 0.5, 2.7, 0.5 ], 
					"shade": false,
					"rotationOrigin": [ 0.5, 0.6, 0.6 ],
					"rotationX": -45.0,
					"rotationY": -1.0,
					"faces": {
						"north": { "texture": "#feather2", "uv": [ 0.0, 0.0, 5.5, 4.0 ], "enabled": false },
						"east": { "texture": "#feather", "uv": [ 0.0, 0.0, 0.5, 4.0 ], "enabled": false },
						"south": { "texture": "#feather1", "uv": [ 6.0, 10.0, 10.0, 15.5 ], "rotation": 270 },
						"west": { "texture": "#feather", "uv": [ 0.0, 0.0, 0.5, 4.0 ], "enabled": false },
						"up": { "texture": "#feather2", "uv": [ 0.0, 0.0, 5.5, 0.5 ], "enabled": false },
						"down": { "texture": "#feather", "uv": [ 0.0, 0.0, 5.5, 0.5 ], "enabled": false }
					}
				},
				{
					"name": "FeatherHorizontal20",
					"from": [ -5.0, -1.5, 0.5 ], 
					"to": [ 0.5, 2.5, 0.5 ], 
					"shade": false,
					"rotationOrigin": [ 0.5, 0.4, 0.6 ],
					"rotationX": 45.0,
					"rotationY": -1.0,
					"faces": {
						"north": { "texture": "#feather2", "uv": [ 0.0, 0.0, 5.5, 4.0 ], "enabled": false },
						"east": { "texture": "#feather", "uv": [ 0.0, 0.0, 0.5, 4.0 ], "enabled": false },
						"south": { "texture": "#feather1", "uv": [ 6.0, 10.0, 10.0, 15.5 ], "rotation": 270 },
						"west": { "texture": "#feather", "uv": [ 0.0, 0.0, 0.5, 4.0 ], "enabled": false },
						"up": { "texture": "#feather2", "uv": [ 0.0, 0.0, 5.5, 0.5 ], "enabled": false },
						"down": { "texture": "#feather", "uv": [ 0.0, 0.0, 5.5, 0.5 ], "enabled": false }
					}
				},
				{
					"name": "stick 2",
					"from": [ -3.0, 0.0, 0.0 ], 
					"to": [ 0.0, 1.0, 1.0 ], 
					"rotationOrigin": [ -3.0, 0.0, 0.0 ],
					"faces": {
						"north": { "texture": "#ebony", "uv": [ 1.5, 2.5, 4.5, 3.5 ] },
						"east": { "texture": "#ebony", "uv": [ 0.0, 0.0, 1.0, 1.0 ], "enabled": false },
						"south": { "texture": "#ebony", "uv": [ 3.0, 2.5, 6.0, 3.5 ] },
						"west": { "texture": "#ebony", "uv": [ 0.0, 0.0, 1.0, 1.0 ] },
						"up": { "texture": "#ebony", "uv": [ 9.5, 1.5, 12.5, 2.5 ] },
						"down": { "texture": "#ebony", "uv": [ 2.5, 0.5, 5.5, 1.5 ] }
					}
				},
				{
					"name": "Cube24",
					"from": [ 14.0, -0.1, 1.15 ], 
					"to": [ 15.2, 1.1, 1.65 ], 
					"rotationOrigin": [ 14.0, -0.1, 1.1 ],
					"rotationY": 90.0,
					"faces": {
						"north": { "texture": "#gold1", "uv": [ 4.0, 14.0, 5.0, 15.0 ] },
						"east": { "texture": "#gold1", "uv": [ 10.5, 10.0, 11.0, 11.0 ] },
						"south": { "texture": "#gold1", "uv": [ 3.5, 10.0, 4.5, 11.0 ] },
						"west": { "texture": "#gold1", "uv": [ 10.5, 8.0, 11.0, 9.0 ] },
						"up": { "texture": "#gold1", "uv": [ 9.0, 9.0, 10.0, 9.5 ] },
						"down": { "texture": "#gold1", "uv": [ 8.5, 8.0, 9.5, 8.5 ] }
					}
				}
			]
		}
	]}