{
	"editor": {
		"allAngles": false,
		"entityTextureMode": false
	},
	"textureWidth": 16,
	"textureHeight": 16,
	"textureSizes": {
	},
	"textures": {
		"material": "block/metal/ingot/copper",
		"feather2": "item/tool/material/feather2",
		"handle": "item/tool/material/handle"
	},
	"elements": [
		{
			"name": "Stick",
			"from": [ 1.0, 0.0, 7.7 ], 
			"to": [ 17.0, 1.0, 8.7 ], 
			"rotationOrigin": [ 8.0, 0.5, 8.0 ],
			"faces": {
				"north": { "texture": "#handle", "uv": [ 0.0, 14.5, 16.0, 15.5 ] },
				"east": { "texture": "#handle", "uv": [ 8.0, 7.0, 9.0, 8.0 ] },
				"south": { "texture": "#handle", "uv": [ 0.0, 7.5, 16.0, 8.5 ] },
				"west": { "texture": "#handle", "uv": [ 3.0, 2.0, 4.0, 3.0 ], "enabled": false },
				"up": { "texture": "#handle", "uv": [ 0.0, 6.5, 16.0, 7.5 ] },
				"down": { "texture": "#handle", "uv": [ 0.0, 0.5, 16.0, 1.5 ] }
			},
			"children": [
				{
					"name": "Cube1",
					"from": [ 16.0, 0.4, 0.0 ], 
					"to": [ 17.5, 0.6, 1.0 ], 
					"rotationOrigin": [ 16.0, 0.4, 0.0 ],
					"faces": {
						"north": { "texture": "#material", "uv": [ 4.0, 14.0, 5.5, 14.5 ] },
						"east": { "texture": "#material", "uv": [ 11.0, 12.5, 12.0, 13.0 ] },
						"south": { "texture": "#material", "uv": [ 7.5, 13.5, 9.0, 14.0 ] },
						"west": { "texture": "#material", "uv": [ 9.5, 12.0, 10.5, 12.5 ] },
						"up": { "texture": "#material", "uv": [ 12.0, 9.5, 13.5, 10.5 ] },
						"down": { "texture": "#material", "uv": [ 10.0, 12.0, 11.5, 13.0 ] }
					}
				},
				{
					"name": "Cube5",
					"from": [ 14.5, 0.4, -0.2 ], 
					"to": [ 17.0, 0.6, 0.3 ], 
					"rotationOrigin": [ 17.0, 0.4, 0.3 ],
					"rotationX": -1.0,
					"rotationY": -7.0,
					"faces": {
						"north": { "texture": "#material", "uv": [ 4.0, 14.0, 6.5, 14.5 ] },
						"east": { "texture": "#material", "uv": [ 11.0, 12.5, 11.5, 13.0 ] },
						"south": { "texture": "#material", "uv": [ 7.5, 13.5, 10.0, 14.0 ] },
						"west": { "texture": "#material", "uv": [ 9.5, 12.0, 10.0, 12.5 ] },
						"up": { "texture": "#material", "uv": [ 6.0, 10.5, 8.5, 11.0 ] },
						"down": { "texture": "#material", "uv": [ 10.0, 12.0, 12.5, 12.5 ] }
					}
				},
				{
					"name": "Cube6",
					"from": [ 14.5, 0.4, 0.7 ], 
					"to": [ 17.0, 0.6, 1.2 ], 
					"rotationOrigin": [ 17.0, 0.4, 0.7 ],
					"rotationY": 7.0,
					"rotationZ": 1.0,
					"faces": {
						"north": { "texture": "#material", "uv": [ 4.0, 14.0, 6.5, 14.5 ] },
						"east": { "texture": "#material", "uv": [ 11.0, 12.5, 11.5, 13.0 ] },
						"south": { "texture": "#material", "uv": [ 7.5, 13.5, 10.0, 14.0 ] },
						"west": { "texture": "#material", "uv": [ 9.5, 12.0, 10.0, 12.5 ] },
						"up": { "texture": "#material", "uv": [ 8.0, 10.0, 10.5, 10.5 ] },
						"down": { "texture": "#material", "uv": [ 10.0, 12.0, 12.5, 12.5 ] }
					}
				},
				{
					"name": "Cube7",
					"from": [ 14.0, 0.35, 0.8 ], 
					"to": [ 16.0, 0.55, 1.3 ], 
					"rotationOrigin": [ 16.0, 0.4, 0.8 ],
					"rotationY": 13.0,
					"faces": {
						"north": { "texture": "#material", "uv": [ 4.0, 14.0, 6.0, 14.5 ] },
						"east": { "texture": "#material", "uv": [ 11.0, 12.5, 11.5, 13.0 ] },
						"south": { "texture": "#material", "uv": [ 7.5, 13.5, 9.5, 14.0 ] },
						"west": { "texture": "#material", "uv": [ 9.5, 12.0, 10.0, 12.5 ] },
						"up": { "texture": "#material", "uv": [ 6.0, 7.0, 8.0, 7.5 ] },
						"down": { "texture": "#material", "uv": [ 10.0, 12.0, 12.0, 12.5 ] }
					}
				},
				{
					"name": "Cube8",
					"from": [ 14.0, 0.35, -0.3 ], 
					"to": [ 16.0, 0.55, 0.2 ], 
					"rotationOrigin": [ 16.0, 0.3, 0.2 ],
					"rotationY": -13.0,
					"faces": {
						"north": { "texture": "#material", "uv": [ 4.0, 14.0, 6.0, 14.5 ] },
						"east": { "texture": "#material", "uv": [ 11.0, 12.5, 11.5, 13.0 ] },
						"south": { "texture": "#material", "uv": [ 7.5, 13.5, 9.5, 14.0 ] },
						"west": { "texture": "#material", "uv": [ 9.5, 12.0, 10.0, 12.5 ] },
						"up": { "texture": "#material", "uv": [ 8.5, 5.0, 10.5, 5.5 ] },
						"down": { "texture": "#material", "uv": [ 10.0, 12.0, 12.0, 12.5 ] }
					}
				},
				{
					"name": "Cube9",
					"from": [ 17.5, 0.4, 0.3 ], 
					"to": [ 18.0, 0.6, 0.7 ], 
					"rotationOrigin": [ 17.5, 0.4, 0.3 ],
					"faces": {
						"north": { "texture": "#material", "uv": [ 4.0, 14.0, 4.5, 14.5 ] },
						"east": { "texture": "#material", "uv": [ 11.0, 12.5, 11.5, 13.0 ] },
						"south": { "texture": "#material", "uv": [ 7.5, 13.5, 8.0, 14.0 ] },
						"west": { "texture": "#material", "uv": [ 9.5, 12.0, 10.0, 12.5 ] },
						"up": { "texture": "#material", "uv": [ 3.5, 5.0, 4.0, 5.5 ] },
						"down": { "texture": "#material", "uv": [ 10.0, 12.0, 10.5, 12.5 ] }
					}
				},
				{
					"name": "Cube14",
					"from": [ -3.09, 0.2, -0.1 ], 
					"to": [ -0.09, 0.6, 1.1 ], 
					"rotationOrigin": [ -3.1, 0.2, -0.1 ],
					"faces": {
						"north": { "texture": "#material", "uv": [ 4.0, 14.0, 7.0, 14.5 ] },
						"east": { "texture": "#material", "uv": [ 10.5, 10.0, 11.5, 10.5 ] },
						"south": { "texture": "#material", "uv": [ 3.5, 10.0, 6.5, 10.5 ] },
						"west": { "texture": "#material", "uv": [ 10.5, 8.0, 11.5, 8.5 ] },
						"up": { "texture": "#material", "uv": [ 9.0, 9.0, 12.0, 10.0 ] },
						"down": { "texture": "#material", "uv": [ 8.5, 8.0, 11.5, 9.0 ] }
					}
				},
				{
					"name": "Cube15",
					"from": [ -3.1, -0.1, 0.3 ], 
					"to": [ -0.1, 1.1, 0.7 ], 
					"rotationOrigin": [ -3.1, -0.1, 0.3 ],
					"faces": {
						"north": { "texture": "#material", "uv": [ 1.0, 14.0, 4.0, 15.0 ] },
						"east": { "texture": "#material", "uv": [ 10.5, 10.0, 11.0, 11.0 ] },
						"south": { "texture": "#material", "uv": [ 5.5, 6.5, 8.5, 7.5 ] },
						"west": { "texture": "#material", "uv": [ 14.5, 12.0, 15.0, 13.0 ] },
						"up": { "texture": "#material", "uv": [ 5.5, 14.5, 8.5, 15.0 ] },
						"down": { "texture": "#material", "uv": [ 6.0, 7.0, 9.0, 7.5 ] }
					}
				},
				{
					"name": "FeatherHorizontal19",
					"from": [ -5.0, -1.3, 0.5 ], 
					"to": [ 0.5, 2.7, 0.5 ], 
					"shade": false,
					"rotationOrigin": [ 0.5, 0.6, 0.6 ],
					"rotationX": -45.0,
					"rotationY": -1.0,
					"faces": {
						"north": { "texture": "#feather2", "uv": [ 0.0, 0.0, 5.5, 4.0 ], "enabled": false },
						"east": { "texture": "#feather", "uv": [ 0.0, 0.0, 0.5, 4.0 ], "enabled": false },
						"south": { "texture": "#feather2", "uv": [ 6.0, 10.0, 10.0, 15.5 ], "rotation": 270 },
						"west": { "texture": "#feather", "uv": [ 0.0, 0.0, 0.5, 4.0 ], "enabled": false },
						"up": { "texture": "#feather2", "uv": [ 0.0, 0.0, 5.5, 0.5 ], "enabled": false },
						"down": { "texture": "#feather", "uv": [ 0.0, 0.0, 5.5, 0.5 ], "enabled": false }
					}
				},
				{
					"name": "FeatherHorizontal20",
					"from": [ -5.0, -1.5, 0.5 ], 
					"to": [ 0.5, 2.5, 0.5 ], 
					"shade": false,
					"rotationOrigin": [ 0.5, 0.4, 0.6 ],
					"rotationX": 45.0,
					"rotationY": -1.0,
					"faces": {
						"north": { "texture": "#feather2", "uv": [ 0.0, 0.0, 5.5, 4.0 ], "enabled": false },
						"east": { "texture": "#feather", "uv": [ 0.0, 0.0, 0.5, 4.0 ], "enabled": false },
						"south": { "texture": "#feather2", "uv": [ 6.0, 10.0, 10.0, 15.5 ], "rotation": 270 },
						"west": { "texture": "#feather", "uv": [ 0.0, 0.0, 0.5, 4.0 ], "enabled": false },
						"up": { "texture": "#feather2", "uv": [ 0.0, 0.0, 5.5, 0.5 ], "enabled": false },
						"down": { "texture": "#feather", "uv": [ 0.0, 0.0, 5.5, 0.5 ], "enabled": false }
					}
				},
				{
					"name": "stick 2",
					"from": [ -3.0, 0.0, 0.0 ], 
					"to": [ 0.0, 1.0, 1.0 ], 
					"rotationOrigin": [ -3.0, 0.0, 0.0 ],
					"faces": {
						"north": { "texture": "#handle", "uv": [ 1.5, 2.5, 4.5, 3.5 ] },
						"east": { "texture": "#handle", "uv": [ 0.0, 0.0, 1.0, 1.0 ], "enabled": false },
						"south": { "texture": "#handle", "uv": [ 3.0, 2.5, 6.0, 3.5 ] },
						"west": { "texture": "#handle", "uv": [ 0.0, 0.0, 1.0, 1.0 ] },
						"up": { "texture": "#handle", "uv": [ 9.5, 1.5, 12.5, 2.5 ] },
						"down": { "texture": "#handle", "uv": [ 2.5, 0.5, 5.5, 1.5 ] }
					}
				},
				{
					"name": "Cube18",
					"from": [ 13.51, -0.1, 0.3 ], 
					"to": [ 16.01, 1.1, 0.7 ], 
					"rotationOrigin": [ 13.5, -0.1, 0.3 ],
					"faces": {
						"north": { "texture": "#material", "uv": [ 1.0, 14.0, 3.5, 15.0 ] },
						"east": { "texture": "#material", "uv": [ 8.0, 7.0, 8.5, 8.0 ] },
						"south": { "texture": "#material", "uv": [ 5.5, 6.5, 8.0, 7.5 ] },
						"west": { "texture": "#material", "uv": [ 14.5, 12.0, 15.0, 13.0 ] },
						"up": { "texture": "#material", "uv": [ 2.5, 14.0, 5.0, 14.5 ] },
						"down": { "texture": "#material", "uv": [ 6.0, 7.0, 8.5, 7.5 ] }
					},
					"children": [
						{
							"name": "Cube16",
							"from": [ 0.0, 1.0, 0.05 ], 
							"to": [ 2.4, 1.7, 0.35 ], 
							"rotationOrigin": [ 0.0, 1.0, 0.1 ],
							"rotationZ": -7.0,
							"faces": {
								"north": { "texture": "#material", "uv": [ 0.0, 0.0, 2.0, 0.5 ] },
								"east": { "texture": "#material", "uv": [ 0.0, 0.0, 0.5, 0.5 ] },
								"south": { "texture": "#material", "uv": [ 0.0, 0.0, 2.0, 0.5 ] },
								"west": { "texture": "#material", "uv": [ 0.0, 0.0, 0.5, 0.5 ] },
								"up": { "texture": "#material", "uv": [ 0.0, 0.0, 2.0, 0.5 ] },
								"down": { "texture": "#material", "uv": [ 0.0, 0.0, 2.0, 0.5 ] }
							}
						},
						{
							"name": "Cube17",
							"from": [ 0.1, -0.5, 0.05 ], 
							"to": [ 2.5, 0.2, 0.35 ], 
							"rotationOrigin": [ 0.1, -0.5, 0.1 ],
							"rotationZ": 7.0,
							"faces": {
								"north": { "texture": "#material", "uv": [ 0.0, 0.0, 2.0, 0.5 ] },
								"east": { "texture": "#material", "uv": [ 0.0, 0.0, 0.5, 0.5 ] },
								"south": { "texture": "#material", "uv": [ 0.0, 0.0, 2.0, 0.5 ] },
								"west": { "texture": "#material", "uv": [ 0.0, 0.0, 0.5, 0.5 ] },
								"up": { "texture": "#material", "uv": [ 0.0, 0.0, 2.0, 0.5 ] },
								"down": { "texture": "#material", "uv": [ 0.0, 0.0, 2.0, 0.5 ] }
							}
						},
						{
							"name": "Cube19",
							"from": [ -0.2, 1.3, 0.1 ], 
							"to": [ 3.6, 2.0, 0.3 ], 
							"rotationOrigin": [ -0.2, 1.3, 0.1 ],
							"rotationZ": -13.0,
							"faces": {
								"north": { "texture": "#material", "uv": [ 0.0, 0.0, 3.5, 0.5 ] },
								"east": { "texture": "#material", "uv": [ 0.0, 0.0, 0.5, 0.5 ] },
								"south": { "texture": "#material", "uv": [ 0.0, 0.0, 3.5, 0.5 ] },
								"west": { "texture": "#material", "uv": [ 0.0, 0.0, 0.5, 0.5 ] },
								"up": { "texture": "#material", "uv": [ 0.0, 0.0, 3.5, 0.5 ] },
								"down": { "texture": "#material", "uv": [ 0.0, 0.0, 3.5, 0.5 ] }
							}
						},
						{
							"name": "Cube20",
							"from": [ 0.0, -0.8, 0.1 ], 
							"to": [ 3.8, -0.1, 0.3 ], 
							"rotationOrigin": [ 0.0, -0.8, 0.1 ],
							"rotationZ": 13.0,
							"faces": {
								"north": { "texture": "#material", "uv": [ 0.0, 0.0, 3.5, 0.5 ] },
								"east": { "texture": "#material", "uv": [ 0.0, 0.0, 0.5, 0.5 ] },
								"south": { "texture": "#material", "uv": [ 0.0, 0.0, 3.5, 0.5 ] },
								"west": { "texture": "#material", "uv": [ 0.0, 0.0, 0.5, 0.5 ] },
								"up": { "texture": "#material", "uv": [ 0.0, 0.0, 3.5, 0.5 ] },
								"down": { "texture": "#material", "uv": [ 0.0, 0.0, 3.5, 0.5 ] }
							}
						},
						{
							"name": "Cube21",
							"from": [ 2.5, 0.1, 0.05 ], 
							"to": [ 4.0, 1.1, 0.35 ], 
							"rotationOrigin": [ 2.5, 0.1, 0.1 ],
							"faces": {
								"north": { "texture": "#material", "uv": [ 0.0, 0.0, 1.5, 1.0 ] },
								"east": { "texture": "#material", "uv": [ 0.0, 0.0, 0.5, 1.0 ] },
								"south": { "texture": "#material", "uv": [ 0.0, 0.0, 1.5, 1.0 ] },
								"west": { "texture": "#material", "uv": [ 0.0, 0.0, 0.5, 1.0 ] },
								"up": { "texture": "#material", "uv": [ 0.0, 0.0, 1.5, 0.5 ] },
								"down": { "texture": "#material", "uv": [ 0.0, 0.0, 1.5, 0.5 ] }
							}
						},
						{
							"name": "Cube22",
							"from": [ 4.0, 0.4, 0.1 ], 
							"to": [ 4.5, 0.8, 0.3 ], 
							"rotationOrigin": [ 4.0, 0.4, 0.1 ],
							"faces": {
								"north": { "texture": "#material", "uv": [ 0.0, 0.0, 0.5, 0.5 ] },
								"east": { "texture": "#material", "uv": [ 0.0, 0.0, 0.5, 0.5 ] },
								"south": { "texture": "#material", "uv": [ 0.0, 0.0, 0.5, 0.5 ] },
								"west": { "texture": "#material", "uv": [ 0.0, 0.0, 0.5, 0.5 ] },
								"up": { "texture": "#material", "uv": [ 0.0, 0.0, 0.5, 0.5 ] },
								"down": { "texture": "#material", "uv": [ 0.0, 0.0, 0.5, 0.5 ] }
							}
						}
					]
				}
			]
		}
	]}