{
	"editor": {
		"allAngles": false,
		"entityTextureMode": false
	},
	"textureWidth": 16,
	"textureHeight": 16,
	"textureSizes": {
	},
	"textures": {
		"string": "item/tool/material/string",
		"material": "block/metal/ingot/copper",
		"handle": "item/tool/material/handle"
	},
	"elements": [
		{
			"name": "origin",
			"from": [ 11.0, 0.5, 7.7 ], 
			"to": [ 11.0, 0.5, 7.7 ], 
			"rotationOrigin": [ 8.0, 0.0, 8.0 ],
			"faces": {
				"north": { "texture": "#string", "uv": [ 0.0, 0.0, 0.5, 0.5 ] },
				"east": { "texture": "#string", "uv": [ 0.0, 0.0, 0.5, 0.5 ] },
				"south": { "texture": "#string", "uv": [ 0.0, 0.0, 0.5, 0.5 ] },
				"west": { "texture": "#string", "uv": [ 0.0, 0.0, 0.5, 0.5 ] },
				"up": { "texture": "#string", "uv": [ 0.0, 0.0, 0.5, 0.5 ] },
				"down": { "texture": "#string", "uv": [ 0.0, 0.0, 0.5, 0.5 ] }
			},
			"children": [
				{
					"name": "handle 2",
					"from": [ -8.5, -0.5, -0.5 ], 
					"to": [ 7.5, 1.0, 1.0 ], 
					"rotationOrigin": [ -0.5, 0.3, 0.0 ],
					"faces": {
						"north": { "texture": "#handle", "uv": [ 0.0, 5.5, 16.0, 7.0 ] },
						"east": { "texture": "#handle", "uv": [ 0.5, 0.5, 2.0, 2.0 ] },
						"south": { "texture": "#handle", "uv": [ 0.0, 10.5, 16.0, 12.0 ] },
						"west": { "texture": "#handle", "uv": [ 14.0, 10.0, 15.5, 11.5 ], "enabled": false },
						"up": { "texture": "#handle", "uv": [ 0.0, 4.5, 16.0, 6.0 ] },
						"down": { "texture": "#handle", "uv": [ 0.0, 5.0, 16.0, 6.5 ] }
					}
				},
				{
					"name": "string",
					"from": [ 5.5, -0.8, -1.0 ], 
					"to": [ 6.0, 1.2, 2.0 ], 
					"rotationOrigin": [ 5.5, -0.8, 0.5 ],
					"rotationY": 51.999988138810544,
					"faces": {
						"north": { "texture": "#string", "uv": [ 9.5, 0.0, 11.5, 0.5 ], "rotation": 90 },
						"east": { "texture": "#string", "uv": [ 2.0, 2.0, 5.0, 4.0 ] },
						"south": { "texture": "#string", "uv": [ 5.5, 2.0, 7.5, 2.5 ], "rotation": 90 },
						"west": { "texture": "#string", "uv": [ 1.0, 1.5, 4.0, 3.5 ] },
						"up": { "texture": "#string", "uv": [ 1.0, 0.0, 4.0, 0.5 ], "rotation": 90 },
						"down": { "texture": "#string", "uv": [ 7.5, 1.0, 10.5, 1.5 ], "rotation": 90 }
					}
				},
				{
					"name": "string7",
					"from": [ 5.6, -0.7, -1.5 ], 
					"to": [ 6.1, 1.3, 1.5 ], 
					"rotationOrigin": [ 5.6, -0.7, 0.0 ],
					"rotationY": -51.999988138810544,
					"faces": {
						"north": { "texture": "#string", "uv": [ 1.0, 0.0, 3.0, 0.5 ], "rotation": 90 },
						"east": { "texture": "#string", "uv": [ 0.0, 0.0, 3.0, 2.0 ] },
						"south": { "texture": "#string", "uv": [ 0.0, 0.0, 0.5, 2.0 ] },
						"west": { "texture": "#string", "uv": [ 0.0, 0.0, 3.0, 2.0 ] },
						"up": { "texture": "#string", "uv": [ 3.5, 0.0, 6.5, 0.5 ], "rotation": 90 },
						"down": { "texture": "#string", "uv": [ 0.0, 0.0, 0.5, 3.0 ] }
					}
				},
				{
					"name": "string8",
					"from": [ 4.0, -0.6, -0.7 ], 
					"to": [ 4.5, 1.1, 1.3 ], 
					"rotationOrigin": [ 4.0, -0.6, 0.8 ],
					"rotationY": 12.000001625280545,
					"faces": {
						"north": { "texture": "#string", "uv": [ 8.5, 0.5, 10.0, 1.0 ], "rotation": 90 },
						"east": { "texture": "#string", "uv": [ 0.0, 0.0, 2.0, 1.5 ] },
						"south": { "texture": "#string", "uv": [ 1.0, 0.5, 2.5, 1.0 ], "rotation": 90 },
						"west": { "texture": "#string", "uv": [ 2.0, 2.5, 4.0, 4.0 ] },
						"up": { "texture": "#string", "uv": [ 0.0, 0.0, 0.5, 2.0 ] },
						"down": { "texture": "#string", "uv": [ 0.0, 0.0, 0.5, 2.0 ] }
					}
				},
				{
					"name": "string9",
					"from": [ 3.2, -0.6, -0.9 ], 
					"to": [ 3.7, 1.1, 1.1 ], 
					"rotationOrigin": [ 3.2, -0.6, 0.6 ],
					"rotationX": 1.9999995073623897,
					"rotationY": -25.999996984765755,
					"rotationZ": -2.9684691826926236E-8,
					"faces": {
						"north": { "texture": "#string", "uv": [ 0.0, 0.5, 1.5, 1.0 ], "rotation": 90 },
						"east": { "texture": "#string", "uv": [ 0.0, 0.0, 2.0, 1.5 ] },
						"south": { "texture": "#string", "uv": [ 2.0, 0.5, 3.5, 1.0 ], "rotation": 90 },
						"west": { "texture": "#string", "uv": [ 0.0, 4.0, 2.0, 5.5 ] },
						"up": { "texture": "#string", "uv": [ 3.0, 0.5, 5.0, 1.0 ], "rotation": 90 },
						"down": { "texture": "#string", "uv": [ 6.5, 0.5, 8.5, 1.0 ], "rotation": 90 }
					}
				},
				{
					"name": "string10",
					"from": [ 2.8, -0.6, -0.8 ], 
					"to": [ 3.3, 1.1, 1.2 ], 
					"rotationOrigin": [ 2.8, -0.6, 0.7 ],
					"rotationX": 0.9999997998811924,
					"faces": {
						"north": { "texture": "#string", "uv": [ 1.0, 0.5, 2.5, 1.0 ], "rotation": 90 },
						"east": { "texture": "#string", "uv": [ 0.0, 2.0, 2.0, 3.5 ] },
						"south": { "texture": "#string", "uv": [ 0.0, 2.5, 1.5, 3.0 ], "rotation": 90 },
						"west": { "texture": "#string", "uv": [ 2.0, 2.5, 4.0, 4.0 ] },
						"up": { "texture": "#string", "uv": [ 4.5, 0.0, 6.5, 0.5 ], "rotation": 90 },
						"down": { "texture": "#string", "uv": [ 2.5, 2.0, 4.5, 2.5 ], "rotation": 90 }
					}
				},
				{
					"name": "bladeneck",
					"from": [ 4.7, 0.0, -1.2 ], 
					"to": [ 6.7, 0.5, -0.2 ], 
					"rotationOrigin": [ 4.7, 0.0, -1.2 ],
					"rotationX": 1.0,
					"faces": {
						"north": { "texture": "#material", "uv": [ 2.0, 9.0, 4.0, 9.5 ] },
						"east": { "texture": "#material", "uv": [ 5.0, 10.0, 6.0, 10.5 ] },
						"south": { "texture": "#material", "uv": [ 6.5, 3.5, 8.5, 4.0 ] },
						"west": { "texture": "#material", "uv": [ 6.0, 2.0, 7.0, 2.5 ] },
						"up": { "texture": "#material", "uv": [ 0.5, 8.5, 2.5, 9.5 ] },
						"down": { "texture": "#material", "uv": [ 1.0, 8.5, 3.0, 9.5 ] }
					},
					"children": [
						{
							"name": "axe head 2",
							"from": [ -0.6, 0.0, -3.5 ], 
							"to": [ 2.4, 0.5, 0.2 ], 
							"rotationOrigin": [ 0.4, 0.0, -0.5 ],
							"rotationX": -1.0,
							"rotationY": 2.0,
							"faces": {
								"north": { "texture": "#material", "uv": [ 10.0, 14.0, 13.0, 14.5 ] },
								"east": { "texture": "#material", "uv": [ 6.5, 11.5, 10.0, 12.0 ] },
								"south": { "texture": "#material", "uv": [ 2.0, 7.0, 5.0, 7.5 ] },
								"west": { "texture": "#material", "uv": [ 2.5, 7.0, 6.0, 7.5 ] },
								"up": { "texture": "#material", "uv": [ 4.5, 1.0, 7.5, 4.5 ] },
								"down": { "texture": "#material", "uv": [ 4.5, 1.0, 7.5, 4.5 ] }
							}
						},
						{
							"name": "axe head 3",
							"from": [ -0.85, 0.1, -3.1 ], 
							"to": [ 2.55, 0.4, 0.2 ], 
							"rotationOrigin": [ 0.2, 0.1, -1.1 ],
							"rotationX": -1.0,
							"rotationY": 2.0,
							"faces": {
								"north": { "texture": "#material", "uv": [ 10.0, 14.0, 13.0, 14.5 ] },
								"east": { "texture": "#material", "uv": [ 6.5, 11.5, 9.5, 12.0 ] },
								"south": { "texture": "#material", "uv": [ 2.0, 7.0, 5.0, 7.5 ] },
								"west": { "texture": "#material", "uv": [ 2.5, 7.0, 5.5, 7.5 ] },
								"up": { "texture": "#material", "uv": [ 4.5, 1.0, 7.5, 4.0 ] },
								"down": { "texture": "#material", "uv": [ 4.5, 1.0, 7.5, 4.0 ] }
							}
						},
						{
							"name": "axe head 4",
							"from": [ -0.2, 0.1, -3.9 ], 
							"to": [ 2.0, 0.4, -0.2 ], 
							"rotationOrigin": [ 0.8, 0.1, -0.9 ],
							"rotationX": -1.0,
							"rotationY": 1.0,
							"faces": {
								"north": { "texture": "#material", "uv": [ 10.0, 14.0, 12.0, 14.5 ] },
								"east": { "texture": "#material", "uv": [ 6.5, 11.5, 10.0, 12.0 ] },
								"south": { "texture": "#material", "uv": [ 2.0, 7.0, 4.0, 7.5 ] },
								"west": { "texture": "#material", "uv": [ 2.5, 7.0, 6.0, 7.5 ] },
								"up": { "texture": "#material", "uv": [ 4.5, 1.0, 6.5, 4.5 ] },
								"down": { "texture": "#material", "uv": [ 4.5, 1.0, 6.5, 4.5 ] }
							}
						}
					]
				},
				{
					"name": "handle 11",
					"from": [ -12.5, -0.5, -0.5 ], 
					"to": [ -8.5, 1.0, 1.0 ], 
					"rotationOrigin": [ -9.5, 0.3, 0.0 ],
					"faces": {
						"north": { "texture": "#handle", "uv": [ 0.0, 5.5, 4.0, 7.0 ] },
						"east": { "texture": "#handle", "uv": [ 0.5, 0.5, 2.0, 2.0 ], "enabled": false },
						"south": { "texture": "#handle", "uv": [ 0.0, 10.5, 4.0, 12.0 ] },
						"west": { "texture": "#handle", "uv": [ 14.0, 10.0, 15.5, 11.5 ] },
						"up": { "texture": "#handle", "uv": [ 0.0, 4.5, 4.0, 6.0 ] },
						"down": { "texture": "#handle", "uv": [ 0.0, 5.0, 4.0, 6.5 ] }
					}
				},
				{
					"name": "socket",
					"from": [ 4.5, -0.6, -0.6 ], 
					"to": [ 7.0, 1.1, 1.1 ], 
					"rotationOrigin": [ 4.5, -0.6, -0.6 ],
					"faces": {
						"north": { "texture": "#material", "uv": [ 7.0, 3.0, 9.5, 4.5 ] },
						"east": { "texture": "#material", "uv": [ 1.0, 2.0, 2.5, 3.5 ] },
						"south": { "texture": "#material", "uv": [ 8.5, 6.5, 11.0, 8.0 ] },
						"west": { "texture": "#material", "uv": [ 6.0, 2.0, 7.5, 3.5 ] },
						"up": { "texture": "#material", "uv": [ 0.5, 8.0, 3.0, 9.5 ] },
						"down": { "texture": "#material", "uv": [ 8.0, 2.5, 10.5, 4.0 ] }
					}
				},
				{
					"name": "haftstraps",
					"from": [ 1.6, 0.0, -0.6 ], 
					"to": [ 4.6, 0.5, 1.1 ], 
					"rotationOrigin": [ 1.6, 0.0, -0.6 ],
					"faces": {
						"north": { "texture": "#material", "uv": [ 8.5, 3.5, 11.5, 4.0 ] },
						"east": { "texture": "#material", "uv": [ 1.0, 2.0, 2.5, 2.5 ] },
						"south": { "texture": "#material", "uv": [ 2.0, 14.5, 5.0, 15.0 ] },
						"west": { "texture": "#material", "uv": [ 6.0, 2.0, 7.5, 2.5 ] },
						"up": { "texture": "#material", "uv": [ 7.5, 6.5, 10.5, 8.0 ] },
						"down": { "texture": "#material", "uv": [ 4.0, 3.0, 7.0, 4.5 ] }
					}
				},
				{
					"name": "Nail",
					"from": [ 2.0, -0.7, 0.0 ], 
					"to": [ 2.5, 1.1, 0.5 ], 
					"rotationOrigin": [ 2.0, -0.7, 0.0 ],
					"faces": {
						"north": { "texture": "#material", "uv": [ 7.0, 3.0, 7.5, 4.5 ] },
						"east": { "texture": "#material", "uv": [ 1.0, 2.0, 1.5, 3.5 ] },
						"south": { "texture": "#material", "uv": [ 8.5, 6.5, 9.0, 8.0 ] },
						"west": { "texture": "#material", "uv": [ 6.0, 2.0, 6.5, 3.5 ] },
						"up": { "texture": "#material", "uv": [ 0.5, 8.0, 1.0, 8.5 ] },
						"down": { "texture": "#material", "uv": [ 8.0, 2.5, 8.5, 3.0 ] }
					}
				}
			]
		}
	]}