{
	"editor": {
		"allAngles": false,
		"singleTexture": false
	},
	"textureWidth": 16,
	"textureHeight": 8,
	"textures": {
		"metal": "item/tool/material/iron",
		"wood": "item/tool/material/wood"
	},
	"elements": [
		{
			"name": "handle",
			"from": [ 1.5, 7.5, 7.5 ], 
			"to": [ 15.5, 8.5, 8.5 ], 
			"rotationOrigin": [ 0.0, 0.0, 8.0 ],
			"faces": {
				"north": { "texture": "#wood", "uv": [ 0.0, 5.0, 14.0, 6.0 ] },
				"east": { "texture": "#wood", "uv": [ 3.0, 0.0, 4.0, 1.0 ] },
				"south": { "texture": "#wood", "uv": [ 0.0, 3.5, 14.0, 4.5 ] },
				"west": { "texture": "#wood", "uv": [ 4.0, 0.0, 5.0, 1.0 ] },
				"up": { "texture": "#wood", "uv": [ 0.0, 4.5, 14.0, 5.5 ] },
				"down": { "texture": "#wood", "uv": [ 0.0, 5.0, 14.0, 6.0 ] }
			},
			"children": [
				{
					"name": "Cube4",
					"from": [ 11.6, -0.1, -0.25 ], 
					"to": [ 13.6, 1.1, 1.25 ], 
					"rotationOrigin": [ 11.6, -0.1, -0.5 ],
					"faces": {
						"north": { "texture": "#metal", "uv": [ 7.0, 3.0, 9.0, 4.0 ] },
						"east": { "texture": "#metal", "uv": [ 1.0, 2.0, 2.5, 3.0 ] },
						"south": { "texture": "#metal", "uv": [ 6.0, 4.0, 8.0, 5.0 ] },
						"west": { "texture": "#metal", "uv": [ 6.0, 2.0, 7.5, 3.0 ] },
						"up": { "texture": "#metal", "uv": [ 3.0, 1.0, 5.0, 2.5 ] },
						"down": { "texture": "#metal", "uv": [ 4.0, 3.0, 6.0, 4.5 ] }
					},
					"children": [
						{
							"name": "Cube7",
							"from": [ 0.175, 0.0, -0.5 ], 
							"to": [ 1.925, 1.0, 0.0 ], 
							"faces": {
								"north": { "texture": "#metal", "uv": [ 0.0, 0.0, 1.75, 1.0 ] },
								"east": { "texture": "#metal", "uv": [ 0.0, 0.0, 0.5, 1.0 ] },
								"south": { "texture": "#metal", "uv": [ 0.0, 0.0, 1.75, 1.0 ] },
								"west": { "texture": "#metal", "uv": [ 0.0, 0.0, 0.5, 1.0 ] },
								"up": { "texture": "#metal", "uv": [ 0.0, 0.0, 1.75, 0.5 ] },
								"down": { "texture": "#metal", "uv": [ 0.0, 0.0, 1.75, 0.5 ] }
							}
						}
					]
				},
				{
					"name": "Cube1",
					"from": [ 11.1, 0.0, -3.45 ], 
					"to": [ 14.1, 1.0, -0.45 ], 
					"rotationOrigin": [ 12.1, 0.0, -0.5 ],
					"faces": {
						"north": { "texture": "#metal", "uv": [ 1.0, 5.0, 4.0, 6.0 ] },
						"east": { "texture": "#metal", "uv": [ 2.0, 5.0, 5.0, 6.0 ] },
						"south": { "texture": "#metal", "uv": [ 2.0, 7.0, 5.0, 8.0 ] },
						"west": { "texture": "#metal", "uv": [ 2.0, 6.0, 5.0, 7.0 ] },
						"up": { "texture": "#metal", "uv": [ 2.0, 2.0, 5.0, 5.0 ] },
						"down": { "texture": "#metal", "uv": [ 3.0, 3.0, 6.0, 6.0 ] }
					},
					"children": [
						{
							"name": "Cube8",
							"from": [ 0.355, 0.1, -0.35 ], 
							"to": [ 2.605, 0.9, 0.0 ], 
							"rotationOrigin": [ 1.0, 0.0, -1.0 ],
							"faces": {
								"north": { "texture": "#metal", "uv": [ 0.0, 0.0, 2.25, 0.75 ] },
								"east": { "texture": "#metal", "uv": [ 0.0, 0.0, 0.25, 0.75 ] },
								"south": { "texture": "#metal", "uv": [ 0.0, 0.0, 2.25, 0.75 ] },
								"west": { "texture": "#metal", "uv": [ 0.0, 0.0, 0.25, 0.75 ] },
								"up": { "texture": "#metal", "uv": [ 0.0, 0.0, 2.25, 0.25 ] },
								"down": { "texture": "#metal", "uv": [ 0.0, 0.0, 2.25, 0.25 ] }
							}
						},
						{
							"name": "Cube6",
							"from": [ 3.0, 0.1, 0.25 ], 
							"to": [ 3.25, 0.9, 1.25 ], 
							"rotationOrigin": [ 3.0, 0.0, 0.0 ],
							"faces": {
								"north": { "texture": "#metal", "uv": [ 0.0, 0.0, 0.25, 0.75 ] },
								"east": { "texture": "#metal", "uv": [ 0.0, 0.0, 1.0, 0.75 ] },
								"south": { "texture": "#metal", "uv": [ 0.0, 0.0, 0.25, 0.75 ] },
								"west": { "texture": "#metal", "uv": [ 0.0, 0.0, 1.0, 0.75 ] },
								"up": { "texture": "#metal", "uv": [ 0.0, 0.0, 0.25, 1.0 ] },
								"down": { "texture": "#metal", "uv": [ 0.0, 0.0, 0.25, 1.0 ] }
							}
						},
						{
							"name": "Cube5",
							"from": [ -0.25, 0.1, 0.25 ], 
							"to": [ 0.0, 0.9, 1.25 ], 
							"faces": {
								"north": { "texture": "#metal", "uv": [ 0.0, 0.0, 0.25, 0.75 ] },
								"east": { "texture": "#metal", "uv": [ 0.0, 0.0, 1.0, 0.75 ] },
								"south": { "texture": "#metal", "uv": [ 0.0, 0.0, 0.25, 0.75 ] },
								"west": { "texture": "#metal", "uv": [ 0.0, 0.0, 1.0, 0.75 ] },
								"up": { "texture": "#metal", "uv": [ 0.0, 0.0, 0.25, 1.0 ] },
								"down": { "texture": "#metal", "uv": [ 0.0, 0.0, 0.25, 1.0 ] }
							}
						}
					]
				}
			]
		},
		{
			"name": "Cube9",
			"from": [ 13.35, 7.4, 8.75 ], 
			"to": [ 14.85, 8.4, 9.25 ], 
			"rotationOrigin": [ 13.1, 7.4, 9.25 ],
			"faces": {
				"north": { "texture": "#metal", "uv": [ 0.0, 0.0, 1.5, 1.0 ] },
				"east": { "texture": "#metal", "uv": [ 0.0, 0.0, 0.5, 1.0 ] },
				"south": { "texture": "#metal", "uv": [ 0.0, 0.0, 1.5, 1.0 ] },
				"west": { "texture": "#metal", "uv": [ 0.0, 0.0, 0.5, 1.0 ] },
				"up": { "texture": "#metal", "uv": [ 0.0, 0.0, 1.5, 0.5 ] },
				"down": { "texture": "#metal", "uv": [ 0.0, 0.0, 1.5, 0.5 ] }
			}
		}
	]}