{
	"editor": {
		"allAngles": false,
		"singleTexture": false
	},
	"textureWidth": 16,
	"textureHeight": 8,
	"textures": {
		"metal": "item/tool/material/iron",
		"wood": "item/tool/material/wood"
	},
	"elements": [
		{
			"name": "handle",
			"from": [ 3.5, 7.5, 7.5 ], 
			"to": [ 14.5, 8.5, 8.5 ], 
			"rotationOrigin": [ 0.0, 0.0, 8.0 ],
			"faces": {
				"north": { "texture": "#wood", "uv": [ 2.0, 3.0, 13.0, 4.0 ] },
				"east": { "texture": "#wood", "uv": [ 3.0, 0.0, 4.0, 1.0 ] },
				"south": { "texture": "#wood", "uv": [ 1.0, 5.5, 12.0, 6.5 ] },
				"west": { "texture": "#wood", "uv": [ 4.0, 0.0, 5.0, 1.0 ] },
				"up": { "texture": "#wood", "uv": [ 5.0, 2.0, 16.0, 3.0 ] },
				"down": { "texture": "#wood", "uv": [ 0.0, 5.0, 11.0, 6.0 ] }
			}
		},
		{
			"name": "Cube1",
			"from": [ 12.0, 7.2, 6.5 ], 
			"to": [ 14.0, 8.8, 9.5 ], 
			"rotationOrigin": [ 0.0, 0.0, -1.0 ],
			"faces": {
				"north": { "texture": "#metal", "uv": [ 1.0, 5.0, 3.0, 6.5 ] },
				"east": { "texture": "#metal", "uv": [ 2.0, 1.0, 5.0, 2.5 ] },
				"south": { "texture": "#metal", "uv": [ 2.0, 3.0, 4.0, 4.5 ] },
				"west": { "texture": "#metal", "uv": [ 1.0, 5.0, 4.0, 6.5 ] },
				"up": { "texture": "#metal", "uv": [ 5.0, 2.0, 7.0, 5.0 ] },
				"down": { "texture": "#metal", "uv": [ 1.0, 3.0, 3.0, 6.0 ] }
			}
		},
		{
			"name": "Cube3",
			"from": [ 11.4, 7.0, 9.5 ], 
			"to": [ 14.6, 9.0, 10.5 ], 
			"rotationOrigin": [ 11.0, 7.0, 9.0 ],
			"faces": {
				"north": { "texture": "#metal", "uv": [ 0.0, 0.0, 3.0, 2.0 ] },
				"east": { "texture": "#metal", "uv": [ 0.0, 0.0, 1.0, 2.0 ] },
				"south": { "texture": "#metal", "uv": [ 0.0, 0.0, 3.0, 2.0 ] },
				"west": { "texture": "#metal", "uv": [ 0.0, 0.0, 1.0, 2.0 ] },
				"up": { "texture": "#metal", "uv": [ 0.0, 0.0, 3.0, 1.0 ] },
				"down": { "texture": "#metal", "uv": [ 0.0, 0.0, 3.0, 1.0 ] }
			}
		},
		{
			"name": "Cube4",
			"from": [ 11.4, 7.0, 5.5 ], 
			"to": [ 14.6, 9.0, 6.5 ], 
			"rotationOrigin": [ 11.0, 7.0, 6.0 ],
			"faces": {
				"north": { "texture": "#metal", "uv": [ 0.0, 0.0, 3.0, 2.0 ] },
				"east": { "texture": "#metal", "uv": [ 0.0, 0.0, 1.0, 2.0 ] },
				"south": { "texture": "#metal", "uv": [ 0.0, 0.0, 3.0, 2.0 ] },
				"west": { "texture": "#metal", "uv": [ 0.0, 0.0, 1.0, 2.0 ] },
				"up": { "texture": "#metal", "uv": [ 0.0, 0.0, 3.0, 1.0 ] },
				"down": { "texture": "#metal", "uv": [ 0.0, 0.0, 3.0, 1.0 ] }
			}
		}
	]}