{
	"editor": {
		"allAngles": false,
		"entityTextureMode": false
	},
	"textureWidth": 16,
	"textureHeight": 16,
	"textureSizes": {
	},
	"textures": { 
		"string": "item/tool/material/string",
		"material": "block/metal/ingot/copper",
		"handle": "item/tool/material/handle"
	},
	"elements": [
		{
			"name": "origin",
			"from": [ 24.0, 0.5, 8.0 ], 
			"to": [ 24.0, 0.5, 8.0 ], 
			"rotationOrigin": [ 8.0, 0.0, 8.0 ],
			"faces": {
				"north": { "texture": "#string", "uv": [ 0.0, 0.0, 0.5, 0.5 ], "enabled": false },
				"east": { "texture": "#string", "uv": [ 0.0, 0.0, 0.5, 0.5 ], "enabled": false },
				"south": { "texture": "#string", "uv": [ 0.0, 0.0, 0.5, 0.5 ], "enabled": false },
				"west": { "texture": "#string", "uv": [ 0.0, 0.0, 0.5, 0.5 ], "enabled": false },
				"up": { "texture": "#string", "uv": [ 0.0, 0.0, 0.5, 0.5 ], "enabled": false },
				"down": { "texture": "#string", "uv": [ 0.0, 0.0, 0.5, 0.5 ], "enabled": false }
			},
			"children": [
				{
					"name": "handle 1",
					"from": [ -21.0, -0.5, -0.5 ], 
					"to": [ -5.0, 1.0, 1.0 ], 
					"rotationOrigin": [ -20.5, 0.0, 0.0 ],
					"faces": {
						"north": { "texture": "#handle", "uv": [ 0.0, 5.5, 16.0, 7.0 ] },
						"east": { "texture": "#handle", "uv": [ 0.5, 0.5, 2.0, 2.0 ] },
						"south": { "texture": "#handle", "uv": [ 0.0, 10.5, 16.0, 12.0 ] },
						"west": { "texture": "#handle", "uv": [ 14.0, 10.0, 15.5, 11.5 ], "enabled": false },
						"up": { "texture": "#handle", "uv": [ 0.0, 4.5, 16.0, 6.0 ] },
						"down": { "texture": "#handle", "uv": [ 0.0, 5.0, 16.0, 6.5 ] }
					},
					"children": [
						{
							"name": "handle 2",
							"from": [ -10.0, 0.0, 0.0 ], 
							"to": [ 0.0, 1.5, 1.5 ], 
							"rotationOrigin": [ -9.5, 0.5, 0.5 ],
							"faces": {
								"north": { "texture": "#handle", "uv": [ 1.0, 8.5, 11.0, 10.0 ] },
								"east": { "texture": "#handle", "uv": [ 3.5, 0.5, 5.0, 2.0 ], "enabled": false },
								"south": { "texture": "#handle", "uv": [ 1.5, 3.5, 11.5, 5.0 ] },
								"west": { "texture": "#handle", "uv": [ 11.0, 10.0, 12.5, 11.5 ] },
								"up": { "texture": "#handle", "uv": [ 4.0, 2.5, 14.0, 4.0 ] },
								"down": { "texture": "#handle", "uv": [ 1.5, 5.0, 11.5, 6.5 ] }
							}
						},
						{
							"name": "handle 17",
							"from": [ -10.5, 0.3, -1.5 ], 
							"to": [ -9.5, 1.3, 3.0 ], 
							"rotationOrigin": [ -10.0, 0.8, -1.0 ],
							"faces": {
								"north": { "texture": "#handle", "uv": [ 1.0, 8.5, 2.0, 9.5 ] },
								"east": { "texture": "#handle", "uv": [ 3.5, 4.5, 8.0, 5.5 ] },
								"south": { "texture": "#handle", "uv": [ 3.0, 5.0, 4.0, 6.0 ] },
								"west": { "texture": "#handle", "uv": [ 5.5, 2.5, 10.0, 3.5 ] },
								"up": { "texture": "#handle", "uv": [ 7.0, 4.5, 11.5, 5.5 ], "rotation": 90 },
								"down": { "texture": "#handle", "uv": [ 8.0, 5.0, 12.5, 6.0 ], "rotation": 90 }
							}
						}
					]
				},
				{
					"name": "string 3",
					"from": [ -6.6, -0.63, -0.6 ], 
					"to": [ -6.1, 1.13, 1.2 ], 
					"rotationOrigin": [ -6.6, -0.6, 0.9 ],
					"faces": {
						"north": { "texture": "#string", "uv": [ 8.5, 0.5, 10.0, 1.0 ], "rotation": 90 },
						"east": { "texture": "#string", "uv": [ 0.0, 0.0, 1.5, 1.5 ] },
						"south": { "texture": "#string", "uv": [ 1.0, 0.5, 2.5, 1.0 ], "rotation": 90 },
						"west": { "texture": "#string", "uv": [ 2.0, 2.5, 3.5, 4.0 ] },
						"up": { "texture": "#string", "uv": [ 0.0, 0.0, 0.5, 1.5 ] },
						"down": { "texture": "#string", "uv": [ 0.0, 0.0, 0.5, 1.5 ] }
					}
				},
				{
					"name": "string 5",
					"from": [ -5.6, -0.65, -0.7 ], 
					"to": [ -5.1, 1.15, 1.1 ], 
					"rotationOrigin": [ -5.6, -0.6, 0.8 ],
					"rotationX": 0.9999997998811924,
					"faces": {
						"north": { "texture": "#string", "uv": [ 1.0, 0.5, 2.5, 1.0 ], "rotation": 90 },
						"east": { "texture": "#string", "uv": [ 0.0, 2.0, 1.5, 3.5 ] },
						"south": { "texture": "#string", "uv": [ 0.0, 2.5, 1.5, 3.0 ], "rotation": 90 },
						"west": { "texture": "#string", "uv": [ 2.0, 2.5, 3.5, 4.0 ] },
						"up": { "texture": "#string", "uv": [ 4.5, 0.0, 6.0, 0.5 ], "rotation": 90 },
						"down": { "texture": "#string", "uv": [ 2.5, 2.0, 4.0, 2.5 ], "rotation": 90 }
					}
				},
				{
					"name": "holder",
					"from": [ -5.0, -0.6, -0.6 ], 
					"to": [ -3.0, 1.1, 1.1 ], 
					"rotationOrigin": [ -5.0, -0.6, -0.6 ],
					"faces": {
						"north": { "texture": "#material", "uv": [ 7.0, 3.0, 9.0, 4.5 ] },
						"east": { "texture": "#material", "uv": [ 1.0, 2.0, 2.5, 3.5 ] },
						"south": { "texture": "#material", "uv": [ 6.0, 4.0, 8.0, 5.5 ] },
						"west": { "texture": "#material", "uv": [ 6.0, 2.0, 7.5, 3.5 ] },
						"up": { "texture": "#material", "uv": [ 11.0, 3.5, 12.5, 5.5 ], "rotation": 90 },
						"down": { "texture": "#material", "uv": [ 4.0, 3.0, 6.0, 4.5 ] }
					},
					"children": [
						{
							"name": "Blade",
							"from": [ 1.0, 0.3, -2.05 ], 
							"to": [ 6.5, 0.8, 0.95 ], 
							"rotationOrigin": [ 2.5, 0.3, 0.9 ],
							"rotationX": 18.0,
							"faces": {
								"north": { "texture": "#material", "uv": [ 7.0, 3.0, 12.5, 3.5 ] },
								"east": { "texture": "#material", "uv": [ 8.5, 3.5, 11.5, 4.0 ] },
								"south": { "texture": "#material", "uv": [ 5.0, 6.0, 10.5, 6.5 ] },
								"west": { "texture": "#material", "uv": [ 2.0, 6.0, 5.0, 6.5 ] },
								"up": { "texture": "#material", "uv": [ 0.5, 5.5, 6.0, 8.5 ], "rotation": 180 },
								"down": { "texture": "#material", "uv": [ 4.5, 8.5, 10.0, 11.5 ] }
							},
							"children": [
								{
									"name": "Blade13",
									"from": [ 5.5, 0.0, 0.5 ], 
									"to": [ 6.0, 0.5, 3.0 ], 
									"rotationOrigin": [ 5.5, 0.0, 3.2 ],
									"faces": {
										"north": { "texture": "#material", "uv": [ 1.0, 8.5, 1.5, 9.0 ] },
										"east": { "texture": "#material", "uv": [ 9.0, 3.0, 11.5, 3.5 ] },
										"south": { "texture": "#material", "uv": [ 2.0, 7.0, 2.5, 7.5 ] },
										"west": { "texture": "#material", "uv": [ 2.0, 6.0, 4.5, 6.5 ] },
										"up": { "texture": "#material", "uv": [ 5.5, 7.5, 8.0, 8.0 ], "rotation": 90 },
										"down": { "texture": "#material", "uv": [ 3.5, 6.0, 4.0, 8.5 ] }
									}
								},
								{
									"name": "Blade16",
									"from": [ 6.0, 0.0, 1.5 ], 
									"to": [ 6.5, 0.5, 3.0 ], 
									"rotationOrigin": [ 6.0, 0.0, 3.0 ],
									"faces": {
										"north": { "texture": "#material", "uv": [ 1.0, 8.5, 1.5, 9.0 ] },
										"east": { "texture": "#material", "uv": [ 8.5, 3.5, 10.0, 4.0 ] },
										"south": { "texture": "#material", "uv": [ 2.0, 7.0, 2.5, 7.5 ] },
										"west": { "texture": "#material", "uv": [ 2.0, 6.0, 3.5, 6.5 ] },
										"up": { "texture": "#material", "uv": [ 8.5, 3.0, 10.0, 3.5 ], "rotation": 90 },
										"down": { "texture": "#material", "uv": [ 8.0, 8.0, 8.5, 9.5 ] }
									}
								},
								{
									"name": "Blade27",
									"from": [ 0.0, 0.0, -0.5 ], 
									"to": [ 0.5, 0.5, 1.5 ], 
									"rotationOrigin": [ 0.0, 0.0, 1.5 ],
									"rotationY": 10.0,
									"rotationZ": -1.0,
									"faces": {
										"north": { "texture": "#material", "uv": [ 1.0, 5.0, 1.5, 5.5 ] },
										"east": { "texture": "#material", "uv": [ 4.0, 3.5, 6.0, 4.0 ] },
										"south": { "texture": "#material", "uv": [ 2.0, 7.0, 2.5, 7.5 ] },
										"west": { "texture": "#material", "uv": [ 2.0, 6.0, 4.0, 6.5 ] },
										"up": { "texture": "#material", "uv": [ 2.5, 7.0, 4.5, 7.5 ], "rotation": 90 },
										"down": { "texture": "#material", "uv": [ 3.0, 3.0, 3.5, 5.0 ] }
									}
								}
							]
						},
						{
							"name": "tang",
							"from": [ -4.0, 0.0, 0.6 ], 
							"to": [ 0.0, 1.7, 1.1 ], 
							"rotationOrigin": [ -2.5, 0.0, 3.2 ],
							"faces": {
								"north": { "texture": "#material", "uv": [ 1.0, 5.0, 5.0, 6.5 ] },
								"east": { "texture": "#material", "uv": [ 2.0, 5.0, 2.5, 6.5 ] },
								"south": { "texture": "#material", "uv": [ 2.0, 7.0, 6.0, 8.5 ] },
								"west": { "texture": "#material", "uv": [ 2.0, 6.0, 2.5, 7.5 ] },
								"up": { "texture": "#material", "uv": [ 4.0, 9.5, 4.5, 13.5 ], "rotation": 90 },
								"down": { "texture": "#material", "uv": [ 3.0, 3.0, 7.0, 3.5 ] }
							}
						},
						{
							"name": "Blade12",
							"from": [ 1.0, 0.3, 0.95 ], 
							"to": [ 6.5, 0.8, 3.95 ], 
							"rotationOrigin": [ 2.5, 0.3, 1.0 ],
							"rotationX": -18.0,
							"faces": {
								"north": { "texture": "#material", "uv": [ 1.0, 5.0, 6.5, 5.5 ] },
								"east": { "texture": "#material", "uv": [ 7.0, 5.0, 10.0, 5.5 ] },
								"south": { "texture": "#material", "uv": [ 6.0, 3.5, 11.5, 4.0 ] },
								"west": { "texture": "#material", "uv": [ 2.0, 6.0, 5.0, 6.5 ] },
								"up": { "texture": "#material", "uv": [ 4.0, 1.0, 9.5, 4.0 ] },
								"down": { "texture": "#material", "uv": [ 3.0, 7.0, 8.5, 10.0 ] }
							},
							"children": [
								{
									"name": "Blade14",
									"from": [ 5.5, 0.0, 0.0 ], 
									"to": [ 6.0, 0.5, 2.5 ], 
									"rotationOrigin": [ 5.5, 0.0021, 0.0 ],
									"faces": {
										"north": { "texture": "#material", "uv": [ 1.0, 5.0, 1.5, 5.5 ] },
										"east": { "texture": "#material", "uv": [ 9.5, 3.5, 12.0, 4.0 ] },
										"south": { "texture": "#material", "uv": [ 8.5, 3.0, 9.0, 3.5 ] },
										"west": { "texture": "#material", "uv": [ 2.0, 6.0, 4.5, 6.5 ] },
										"up": { "texture": "#material", "uv": [ 8.5, 3.0, 11.0, 3.5 ], "rotation": 90 },
										"down": { "texture": "#material", "uv": [ 3.0, 3.0, 3.5, 5.5 ] }
									}
								},
								{
									"name": "Blade15",
									"from": [ 6.0, 0.0, 0.0 ], 
									"to": [ 6.5, 0.5, 1.5 ], 
									"rotationOrigin": [ 6.0, 0.0021, 0.0 ],
									"faces": {
										"north": { "texture": "#material", "uv": [ 1.0, 5.0, 1.5, 5.5 ] },
										"east": { "texture": "#material", "uv": [ 10.0, 3.0, 11.5, 3.5 ] },
										"south": { "texture": "#material", "uv": [ 8.5, 3.5, 9.0, 4.0 ] },
										"west": { "texture": "#material", "uv": [ 2.0, 6.0, 3.5, 6.5 ] },
										"up": { "texture": "#material", "uv": [ 10.0, 3.0, 11.5, 3.5 ], "rotation": 90 },
										"down": { "texture": "#material", "uv": [ 4.5, 4.0, 5.0, 5.5 ] }
									}
								},
								{
									"name": "Blade28",
									"from": [ 0.0, 0.0, 1.5 ], 
									"to": [ 0.5, 0.5, 3.5 ], 
									"rotationOrigin": [ 0.5, 0.0021, 1.5 ],
									"rotationY": -10.0,
									"rotationZ": 1.0,
									"faces": {
										"north": { "texture": "#material", "uv": [ 1.0, 5.0, 1.5, 5.5 ] },
										"east": { "texture": "#material", "uv": [ 9.0, 3.5, 11.0, 4.0 ] },
										"south": { "texture": "#material", "uv": [ 2.0, 7.0, 2.5, 7.5 ] },
										"west": { "texture": "#material", "uv": [ 2.0, 6.0, 4.0, 6.5 ] },
										"up": { "texture": "#material", "uv": [ 2.0, 9.5, 4.0, 10.0 ], "rotation": 90 },
										"down": { "texture": "#material", "uv": [ 3.0, 3.0, 3.5, 5.0 ] }
									}
								}
							]
						},
						{
							"name": "tang26",
							"from": [ -26.6, 0.0, 0.6 ], 
							"to": [ -22.6, 1.7, 1.1 ], 
							"rotationOrigin": [ -25.1, 0.0, 3.2 ],
							"faces": {
								"north": { "texture": "#material", "uv": [ 1.0, 5.0, 5.0, 6.5 ] },
								"east": { "texture": "#material", "uv": [ 2.0, 5.0, 2.5, 6.5 ] },
								"south": { "texture": "#material", "uv": [ 2.0, 7.0, 6.0, 8.5 ] },
								"west": { "texture": "#material", "uv": [ 2.0, 6.0, 2.5, 7.5 ] },
								"up": { "texture": "#material", "uv": [ 4.0, 9.5, 4.5, 13.5 ], "rotation": 90 },
								"down": { "texture": "#material", "uv": [ 3.0, 3.0, 7.0, 3.5 ] }
							}
						}
					]
				},
				{
					"name": "string 2",
					"from": [ -8.0, -0.65, -0.7 ], 
					"to": [ -7.5, 1.15, 1.1 ], 
					"rotationOrigin": [ -8.0, -0.6, 0.8 ],
					"rotationZ": -2.9684691826926236E-8,
					"faces": {
						"north": { "texture": "#string", "uv": [ 5.0, 5.5, 6.5, 6.0 ], "rotation": 90 },
						"east": { "texture": "#string", "uv": [ 6.0, 2.0, 7.5, 3.5 ] },
						"south": { "texture": "#string", "uv": [ 10.0, 2.5, 11.5, 3.0 ], "rotation": 90 },
						"west": { "texture": "#string", "uv": [ 3.0, 6.0, 4.5, 7.5 ] },
						"up": { "texture": "#string", "uv": [ 5.0, 0.5, 6.5, 1.0 ], "rotation": 90 },
						"down": { "texture": "#string", "uv": [ 8.5, 0.5, 10.0, 1.0 ], "rotation": 90 }
					}
				},
				{
					"name": "string 1",
					"from": [ -8.7, -0.65, -0.7 ], 
					"to": [ -8.2, 1.15, 1.1 ], 
					"rotationOrigin": [ -8.7, -0.6, 0.8 ],
					"rotationX": 0.9999997998811924,
					"faces": {
						"north": { "texture": "#string", "uv": [ 3.0, 4.5, 4.5, 5.0 ], "rotation": 90 },
						"east": { "texture": "#string", "uv": [ 1.0, 3.0, 2.5, 4.5 ] },
						"south": { "texture": "#string", "uv": [ 0.0, 7.5, 1.5, 8.0 ], "rotation": 90 },
						"west": { "texture": "#string", "uv": [ 3.0, 5.5, 4.5, 7.0 ] },
						"up": { "texture": "#string", "uv": [ 5.5, 0.0, 7.0, 0.5 ], "rotation": 90 },
						"down": { "texture": "#string", "uv": [ 5.5, 2.0, 7.0, 2.5 ], "rotation": 90 }
					}
				},
				{
					"name": "string 18",
					"from": [ -30.6, -0.65, -0.6 ], 
					"to": [ -30.1, 1.15, 1.2 ], 
					"rotationOrigin": [ -30.6, -0.6, 0.9 ],
					"faces": {
						"north": { "texture": "#string", "uv": [ 1.0, 0.5, 2.5, 1.0 ], "rotation": 90 },
						"east": { "texture": "#string", "uv": [ 0.0, 2.0, 1.5, 3.5 ] },
						"south": { "texture": "#string", "uv": [ 0.0, 2.5, 1.5, 3.0 ], "rotation": 90 },
						"west": { "texture": "#string", "uv": [ 2.0, 2.5, 3.5, 4.0 ] },
						"up": { "texture": "#string", "uv": [ 4.5, 0.0, 6.0, 0.5 ], "rotation": 90 },
						"down": { "texture": "#string", "uv": [ 2.5, 2.0, 4.0, 2.5 ], "rotation": 90 }
					}
				},
				{
					"name": "string 22",
					"from": [ -29.8, -0.65, -0.6 ], 
					"to": [ -29.3, 1.15, 1.2 ], 
					"rotationOrigin": [ -29.8, -0.6, 0.9 ],
					"rotationZ": -2.9684691826926236E-8,
					"faces": {
						"north": { "texture": "#string", "uv": [ 0.0, 0.5, 1.5, 1.0 ], "rotation": 90 },
						"east": { "texture": "#string", "uv": [ 0.0, 0.0, 1.5, 1.5 ] },
						"south": { "texture": "#string", "uv": [ 2.0, 0.5, 3.5, 1.0 ], "rotation": 90 },
						"west": { "texture": "#string", "uv": [ 0.0, 4.0, 1.5, 5.5 ] },
						"up": { "texture": "#string", "uv": [ 5.0, 1.5, 6.5, 2.0 ], "rotation": 90 },
						"down": { "texture": "#string", "uv": [ 6.5, 1.5, 8.0, 2.0 ], "rotation": 90 }
					}
				},
				{
					"name": "string 23",
					"from": [ -28.8, -0.65, -0.6 ], 
					"to": [ -28.3, 1.15, 1.2 ], 
					"rotationOrigin": [ -28.8, -0.6, 0.9 ],
					"rotationZ": -2.9684691826926236E-8,
					"faces": {
						"north": { "texture": "#string", "uv": [ 5.0, 5.5, 6.5, 6.0 ], "rotation": 90 },
						"east": { "texture": "#string", "uv": [ 6.0, 2.0, 7.5, 3.5 ] },
						"south": { "texture": "#string", "uv": [ 10.0, 2.5, 11.5, 3.0 ], "rotation": 90 },
						"west": { "texture": "#string", "uv": [ 3.0, 6.0, 4.5, 7.5 ] },
						"up": { "texture": "#string", "uv": [ 5.0, 0.5, 6.5, 1.0 ], "rotation": 90 },
						"down": { "texture": "#string", "uv": [ 8.5, 0.5, 10.0, 1.0 ], "rotation": 90 }
					}
				}
			]
		}
	]}