{
	"editor": {
		"allAngles": false,
		"entityTextureMode": false
	},
	"textureWidth": 16,
	"textureHeight": 16,
	"textureSizes": {
	},
	"textures": {
		"gold": "item/tool/material/gold",
		"string": "item/tool/material/string",
		"material": "block/metal/ingot/copper",
		"handle": "item/tool/material/handle"
	},
	"elements": [
		{
			"name": "origin",
			"from": [ 14.0, 0.5, 7.7 ], 
			"to": [ 14.0, 0.5, 7.7 ], 
			"rotationOrigin": [ 8.0, 0.0, 8.0 ],
			"faces": {
				"north": { "texture": "#string", "uv": [ 0.0, 0.0, 0.5, 0.5 ] },
				"east": { "texture": "#string", "uv": [ 0.0, 0.0, 0.5, 0.5 ] },
				"south": { "texture": "#string", "uv": [ 0.0, 0.0, 0.5, 0.5 ] },
				"west": { "texture": "#string", "uv": [ 0.0, 0.0, 0.5, 0.5 ] },
				"up": { "texture": "#string", "uv": [ 0.0, 0.0, 0.5, 0.5 ] },
				"down": { "texture": "#string", "uv": [ 0.0, 0.0, 0.5, 0.5 ] }
			},
			"children": [
				{
					"name": "segment main11",
					"from": [ 10.0, 0.05, -0.1 ], 
					"to": [ 16.8, 0.45, 0.6 ], 
					"rotationOrigin": [ 10.0, 0.1, -0.1 ],
					"faces": {
						"north": { "texture": "#material", "uv": [ 1.0, 3.5, 7.5, 4.0 ] },
						"east": { "texture": "#material", "uv": [ 1.0, 2.0, 1.5, 2.5 ] },
						"south": { "texture": "#material", "uv": [ 2.5, 4.5, 9.0, 5.0 ] },
						"west": { "texture": "#material", "uv": [ 6.0, 2.0, 6.5, 2.5 ] },
						"up": { "texture": "#material", "uv": [ 9.0, 2.5, 9.5, 9.0 ], "rotation": 90 },
						"down": { "texture": "#material", "uv": [ 4.0, 3.0, 10.5, 3.5 ] }
					}
				},
				{
					"name": "segment main12",
					"from": [ 7.5, 0.39, -0.2 ], 
					"to": [ 11.0, 0.99, 0.7 ], 
					"rotationOrigin": [ 8.0, 0.4, -0.2 ],
					"faces": {
						"north": { "texture": "#material", "uv": [ 1.0, 3.5, 4.5, 4.0 ] },
						"east": { "texture": "#material", "uv": [ 1.0, 2.0, 1.5, 2.5 ] },
						"south": { "texture": "#material", "uv": [ 2.5, 4.5, 6.0, 5.0 ] },
						"west": { "texture": "#material", "uv": [ 6.0, 2.0, 6.5, 2.5 ] },
						"up": { "texture": "#material", "uv": [ 9.0, 2.5, 9.5, 6.0 ], "rotation": 90 },
						"down": { "texture": "#material", "uv": [ 4.0, 3.0, 7.5, 3.5 ] }
					}
				},
				{
					"name": "segment main18",
					"from": [ 3.3, 0.49, 0.21 ], 
					"to": [ 10.3, 0.98, 0.41 ], 
					"rotationOrigin": [ 3.3, 0.5, 0.2 ],
					"faces": {
						"north": { "texture": "#material", "uv": [ 1.0, 3.5, 8.0, 4.0 ] },
						"east": { "texture": "#material", "uv": [ 1.0, 2.0, 1.5, 2.5 ] },
						"south": { "texture": "#material", "uv": [ 2.5, 4.5, 9.5, 5.0 ] },
						"west": { "texture": "#material", "uv": [ 6.0, 2.0, 6.5, 2.5 ] },
						"up": { "texture": "#material", "uv": [ 9.0, 2.5, 9.5, 9.5 ], "rotation": 90 },
						"down": { "texture": "#material", "uv": [ 4.0, 3.0, 11.0, 3.5 ] }
					}
				},
				{
					"name": "segment main19",
					"from": [ 5.0, -0.5, 0.01 ], 
					"to": [ 10.0, 0.1, 0.51 ], 
					"rotationOrigin": [ 5.0, -0.5, 0.0 ],
					"faces": {
						"north": { "texture": "#material", "uv": [ 1.0, 3.5, 6.0, 4.0 ] },
						"east": { "texture": "#material", "uv": [ 1.0, 2.0, 1.5, 2.5 ] },
						"south": { "texture": "#material", "uv": [ 2.5, 4.5, 7.5, 5.0 ] },
						"west": { "texture": "#material", "uv": [ 6.0, 2.0, 6.5, 2.5 ] },
						"up": { "texture": "#material", "uv": [ 9.0, 2.5, 9.5, 7.5 ], "rotation": 90 },
						"down": { "texture": "#material", "uv": [ 4.0, 3.0, 9.0, 3.5 ] }
					}
				},
				{
					"name": "segment main 9",
					"from": [ 7.5, 0.1, -0.69 ], 
					"to": [ 15.2, 0.39, 1.2 ], 
					"rotationOrigin": [ 8.0, 0.1, -1.2 ],
					"faces": {
						"north": { "texture": "#material", "uv": [ 0.0, 0.0, 7.5, 0.5 ] },
						"east": { "texture": "#material", "uv": [ 0.0, 0.0, 1.5, 0.5 ] },
						"south": { "texture": "#material", "uv": [ 0.0, 0.0, 7.5, 0.5 ] },
						"west": { "texture": "#material", "uv": [ 0.0, 0.0, 1.5, 0.5 ] },
						"up": { "texture": "#material", "uv": [ 0.0, 0.0, 7.5, 1.5 ] },
						"down": { "texture": "#material", "uv": [ 0.0, 0.0, 7.5, 1.5 ] }
					}
				},
				{
					"name": "segment 8",
					"from": [ 10.0, 0.0, -1.25 ], 
					"to": [ 13.3, 0.5, 1.75 ], 
					"rotationOrigin": [ 10.0, 0.0, -0.7 ],
					"faces": {
						"north": { "texture": "#material", "uv": [ 0.0, 0.0, 3.0, 0.5 ] },
						"east": { "texture": "#material", "uv": [ 0.0, 0.0, 3.0, 0.5 ] },
						"south": { "texture": "#material", "uv": [ 0.0, 0.0, 3.0, 0.5 ] },
						"west": { "texture": "#material", "uv": [ 0.0, 0.0, 3.0, 0.5 ] },
						"up": { "texture": "#material", "uv": [ 0.0, 0.0, 3.0, 3.0 ] },
						"down": { "texture": "#material", "uv": [ 0.0, 0.0, 3.0, 3.0 ] }
					}
				},
				{
					"name": "segment 11",
					"from": [ 10.0, 0.4, -0.55 ], 
					"to": [ 14.3, 0.85, 1.0 ], 
					"rotationOrigin": [ 10.0, -0.1, 0.3 ],
					"faces": {
						"north": { "texture": "#material", "uv": [ 0.0, 0.0, 4.0, 0.5 ] },
						"east": { "texture": "#material", "uv": [ 0.0, 0.0, 1.5, 0.5 ] },
						"south": { "texture": "#material", "uv": [ 0.0, 0.0, 4.0, 0.5 ] },
						"west": { "texture": "#material", "uv": [ 0.0, 0.0, 1.5, 0.5 ] },
						"up": { "texture": "#material", "uv": [ 0.0, 0.0, 4.0, 1.5 ] },
						"down": { "texture": "#material", "uv": [ 0.0, 0.0, 4.0, 1.5 ] }
					}
				},
				{
					"name": "Cube1",
					"from": [ 6.0, -0.5, -0.5 ], 
					"to": [ 7.8, 1.0, 1.0 ], 
					"rotationOrigin": [ 6.0, -0.51, 0.0 ],
					"faces": {
						"north": { "texture": "#material", "uv": [ 0.0, 0.0, 1.5, 1.5 ] },
						"east": { "texture": "#material", "uv": [ 0.0, 0.0, 1.5, 1.5 ] },
						"south": { "texture": "#material", "uv": [ 0.0, 0.0, 1.5, 1.5 ] },
						"west": { "texture": "#material", "uv": [ 0.0, 0.0, 1.5, 1.5 ] },
						"up": { "texture": "#material", "uv": [ 0.0, 0.0, 1.5, 1.5 ] },
						"down": { "texture": "#material", "uv": [ 0.0, 0.0, 1.5, 1.5 ] }
					}
				},
				{
					"name": "segment main25",
					"from": [ 13.1, 0.0, 1.1 ], 
					"to": [ 16.8, 0.4, 1.8 ], 
					"rotationOrigin": [ 13.1, 0.0, 1.1 ],
					"rotationY": 18.0,
					"faces": {
						"north": { "texture": "#material", "uv": [ 1.0, 3.5, 4.5, 4.0 ] },
						"east": { "texture": "#material", "uv": [ 1.0, 2.0, 1.5, 2.5 ] },
						"south": { "texture": "#material", "uv": [ 2.5, 4.5, 6.0, 5.0 ] },
						"west": { "texture": "#material", "uv": [ 6.0, 2.0, 6.5, 2.5 ] },
						"up": { "texture": "#material", "uv": [ 9.0, 2.5, 9.5, 6.0 ], "rotation": 90 },
						"down": { "texture": "#material", "uv": [ 4.0, 3.0, 7.5, 3.5 ] }
					}
				},
				{
					"name": "segment 25",
					"from": [ 10.0, -0.4, -0.55 ], 
					"to": [ 14.3, 0.05, 1.0 ], 
					"rotationOrigin": [ 10.0, -0.9, 0.3 ],
					"faces": {
						"north": { "texture": "#material", "uv": [ 0.0, 0.0, 4.0, 0.5 ] },
						"east": { "texture": "#material", "uv": [ 0.0, 0.0, 1.5, 0.5 ] },
						"south": { "texture": "#material", "uv": [ 0.0, 0.0, 4.0, 0.5 ] },
						"west": { "texture": "#material", "uv": [ 0.0, 0.0, 1.5, 0.5 ] },
						"up": { "texture": "#material", "uv": [ 0.0, 0.0, 4.0, 1.5 ] },
						"down": { "texture": "#material", "uv": [ 0.0, 0.0, 4.0, 1.5 ] }
					}
				},
				{
					"name": "segment main26",
					"from": [ 13.3, 0.0, -1.2 ], 
					"to": [ 17.0, 0.4, -0.5 ], 
					"rotationOrigin": [ 13.3, 0.0, -1.2 ],
					"rotationY": -17.0,
					"faces": {
						"north": { "texture": "#material", "uv": [ 1.0, 3.5, 4.5, 4.0 ] },
						"east": { "texture": "#material", "uv": [ 1.0, 2.0, 1.5, 2.5 ] },
						"south": { "texture": "#material", "uv": [ 2.5, 4.5, 6.0, 5.0 ] },
						"west": { "texture": "#material", "uv": [ 6.0, 2.0, 6.5, 2.5 ] },
						"up": { "texture": "#material", "uv": [ 9.0, 2.5, 9.5, 6.0 ], "rotation": 90 },
						"down": { "texture": "#material", "uv": [ 4.0, 3.0, 7.5, 3.5 ] }
					}
				},
				{
					"name": "segment main27",
					"from": [ 8.6, 0.0, -0.9 ], 
					"to": [ 10.1, 0.4, 0.0 ], 
					"rotationOrigin": [ 9.1, 0.0, -0.9 ],
					"rotationY": 21.0,
					"faces": {
						"north": { "texture": "#material", "uv": [ 1.0, 3.5, 2.5, 4.0 ] },
						"east": { "texture": "#material", "uv": [ 1.0, 2.0, 1.5, 2.5 ] },
						"south": { "texture": "#material", "uv": [ 2.5, 4.5, 4.0, 5.0 ] },
						"west": { "texture": "#material", "uv": [ 6.0, 2.0, 6.5, 2.5 ] },
						"up": { "texture": "#material", "uv": [ 9.0, 2.5, 9.5, 4.0 ], "rotation": 90 },
						"down": { "texture": "#material", "uv": [ 4.0, 3.0, 5.5, 3.5 ] }
					}
				},
				{
					"name": "segment main28",
					"from": [ 9.7, 0.0, 0.7 ], 
					"to": [ 11.2, 0.4, 1.6 ], 
					"rotationOrigin": [ 10.2, 0.0, -1.3 ],
					"rotationY": -21.0,
					"faces": {
						"north": { "texture": "#material", "uv": [ 1.0, 3.5, 2.5, 4.0 ] },
						"east": { "texture": "#material", "uv": [ 1.0, 2.0, 1.5, 2.5 ] },
						"south": { "texture": "#material", "uv": [ 2.5, 4.5, 4.0, 5.0 ] },
						"west": { "texture": "#material", "uv": [ 6.0, 2.0, 6.5, 2.5 ] },
						"up": { "texture": "#material", "uv": [ 9.0, 2.5, 9.5, 4.0 ], "rotation": 90 },
						"down": { "texture": "#material", "uv": [ 4.0, 3.0, 5.5, 3.5 ] }
					}
				}
			]
		},
		{
			"name": "origin",
			"from": [ 14.0, 0.5, 7.7 ], 
			"to": [ 14.0, 0.5, 7.7 ], 
			"rotationOrigin": [ 8.0, 0.0, 8.0 ],
			"faces": {
				"north": { "texture": "#string", "uv": [ 0.0, 0.0, 0.5, 0.5 ] },
				"east": { "texture": "#string", "uv": [ 0.0, 0.0, 0.5, 0.5 ] },
				"south": { "texture": "#string", "uv": [ 0.0, 0.0, 0.5, 0.5 ] },
				"west": { "texture": "#string", "uv": [ 0.0, 0.0, 0.5, 0.5 ] },
				"up": { "texture": "#string", "uv": [ 0.0, 0.0, 0.5, 0.5 ] },
				"down": { "texture": "#string", "uv": [ 0.0, 0.0, 0.5, 0.5 ] }
			},
			"children": [
				{
					"name": "handle",
					"from": [ -8.0, -0.5, -0.5 ], 
					"to": [ 6.0, 1.01, 1.01 ], 
					"rotationOrigin": [ -9.5, -8.0, 0.0 ],
					"faces": {
						"north": { "texture": "#handle", "uv": [ 0.0, 5.5, 14.0, 7.0 ] },
						"east": { "texture": "#handle", "uv": [ 7.0, 0.5, 8.5, 2.0 ] },
						"south": { "texture": "#handle", "uv": [ 0.0, 10.5, 14.0, 12.0 ] },
						"west": { "texture": "#handle", "uv": [ 14.0, 10.0, 15.5, 11.5 ] },
						"up": { "texture": "#handle", "uv": [ 0.0, 4.5, 14.0, 6.0 ] },
						"down": { "texture": "#handle", "uv": [ 0.0, 5.0, 14.0, 6.5 ] }
					},
					"children": [
						{
							"name": "Cube24",
							"from": [ 11.0, 0.0, 0.0 ], 
							"to": [ 13.0, 1.0, 1.5 ], 
							"rotationOrigin": [ 11.0, 0.0, 0.0 ],
							"faces": {
								"north": { "texture": "#handle", "uv": [ 11.0, 8.0, 13.0, 9.0 ] },
								"east": { "texture": "#handle", "uv": [ 3.0, 4.0, 4.5, 5.0 ] },
								"south": { "texture": "#handle", "uv": [ 1.0, 8.0, 3.0, 9.0 ] },
								"west": { "texture": "#handle", "uv": [ 0.0, 0.0, 1.5, 1.0 ] },
								"up": { "texture": "#handle", "uv": [ 0.0, 7.5, 2.0, 9.0 ] },
								"down": { "texture": "#handle", "uv": [ 0.0, 0.0, 2.0, 1.5 ] }
							}
						}
					]
				},
				{
					"name": "string 1",
					"from": [ 5.5, -0.7, -0.7 ], 
					"to": [ 6.0, 1.45, 1.3 ], 
					"rotationOrigin": [ 5.5, -0.9, 0.8 ],
					"rotationY": 45.0,
					"faces": {
						"north": { "texture": "#string", "uv": [ 9.5, 0.0, 11.5, 0.5 ], "rotation": 90 },
						"east": { "texture": "#string", "uv": [ 2.0, 2.0, 4.0, 4.0 ] },
						"south": { "texture": "#string", "uv": [ 5.5, 2.0, 7.5, 2.5 ], "rotation": 90 },
						"west": { "texture": "#string", "uv": [ 1.0, 1.5, 3.0, 3.5 ] },
						"up": { "texture": "#string", "uv": [ 1.0, 0.0, 3.0, 0.5 ], "rotation": 90 },
						"down": { "texture": "#string", "uv": [ 7.5, 1.0, 9.5, 1.5 ], "rotation": 90 }
					}
				},
				{
					"name": "string 2",
					"from": [ -18.5, -0.7, -1.5 ], 
					"to": [ -18.0, 1.3, 1.5 ], 
					"rotationOrigin": [ -18.5, -0.7, 0.0 ],
					"rotationY": -52.0,
					"faces": {
						"north": { "texture": "#string", "uv": [ 1.0, 0.0, 3.0, 0.5 ], "rotation": 90 },
						"east": { "texture": "#string", "uv": [ 0.0, 0.0, 3.0, 2.0 ] },
						"south": { "texture": "#string", "uv": [ 0.0, 0.0, 0.5, 2.0 ] },
						"west": { "texture": "#string", "uv": [ 0.0, 0.0, 3.0, 2.0 ] },
						"up": { "texture": "#string", "uv": [ 3.5, 0.0, 6.5, 0.5 ], "rotation": 90 },
						"down": { "texture": "#string", "uv": [ 0.0, 0.0, 0.5, 3.0 ] }
					}
				},
				{
					"name": "string 3",
					"from": [ 6.2, -0.85, -0.75 ], 
					"to": [ 6.7, 1.35, 1.25 ], 
					"rotationOrigin": [ 6.2, -0.7, 0.7 ],
					"faces": {
						"north": { "texture": "#gold", "uv": [ 8.5, 0.5, 10.5, 1.0 ], "rotation": 90 },
						"east": { "texture": "#gold", "uv": [ 0.0, 0.0, 2.0, 2.0 ] },
						"south": { "texture": "#gold", "uv": [ 1.0, 0.5, 3.0, 1.0 ], "rotation": 90 },
						"west": { "texture": "#gold", "uv": [ 2.0, 2.5, 4.0, 4.5 ] },
						"up": { "texture": "#gold", "uv": [ 0.0, 0.0, 0.5, 2.0 ] },
						"down": { "texture": "#gold", "uv": [ 0.0, 0.0, 0.5, 2.0 ] }
					}
				},
				{
					"name": "string 4",
					"from": [ 4.8, -0.7, -1.0 ], 
					"to": [ 5.3, 1.5, 1.0 ], 
					"rotationOrigin": [ 4.8, -0.7, 0.5 ],
					"rotationY": -30.0,
					"faces": {
						"north": { "texture": "#string", "uv": [ 0.0, 0.5, 2.0, 1.0 ], "rotation": 90 },
						"east": { "texture": "#string", "uv": [ 0.0, 0.0, 2.0, 2.0 ] },
						"south": { "texture": "#string", "uv": [ 2.0, 0.5, 4.0, 1.0 ], "rotation": 90 },
						"west": { "texture": "#string", "uv": [ 0.0, 4.0, 2.0, 6.0 ] },
						"up": { "texture": "#string", "uv": [ 3.0, 0.5, 5.0, 1.0 ], "rotation": 90 },
						"down": { "texture": "#string", "uv": [ 6.5, 0.5, 8.5, 1.0 ], "rotation": 90 }
					}
				},
				{
					"name": "string 5",
					"from": [ 4.0, -0.6, -0.6 ], 
					"to": [ 4.5, 1.1, 1.2 ], 
					"rotationOrigin": [ 4.0, -0.6, 0.9 ],
					"faces": {
						"north": { "texture": "#string", "uv": [ 1.0, 0.5, 2.5, 1.0 ], "rotation": 90 },
						"east": { "texture": "#string", "uv": [ 0.0, 2.0, 1.5, 3.5 ] },
						"south": { "texture": "#string", "uv": [ 0.0, 2.5, 1.5, 3.0 ], "rotation": 90 },
						"west": { "texture": "#string", "uv": [ 2.0, 2.5, 3.5, 4.0 ] },
						"up": { "texture": "#string", "uv": [ 4.5, 0.0, 6.0, 0.5 ], "rotation": 90 },
						"down": { "texture": "#string", "uv": [ 2.5, 2.0, 4.0, 2.5 ], "rotation": 90 }
					}
				},
				{
					"name": "string 6",
					"from": [ 7.0, -0.85, -0.75 ], 
					"to": [ 7.5, 1.35, 1.25 ], 
					"rotationOrigin": [ 7.3, -1.1, 0.7 ],
					"faces": {
						"north": { "texture": "#gold", "uv": [ 7.5, 1.0, 9.5, 1.5 ], "rotation": 90 },
						"east": { "texture": "#gold", "uv": [ 0.0, 2.0, 2.0, 4.0 ] },
						"south": { "texture": "#gold", "uv": [ 6.0, 3.5, 8.0, 4.0 ], "rotation": 90 },
						"west": { "texture": "#gold", "uv": [ 3.0, 2.5, 5.0, 4.5 ] },
						"up": { "texture": "#gold", "uv": [ 6.5, 1.0, 8.5, 1.5 ], "rotation": 90 },
						"down": { "texture": "#gold", "uv": [ 7.0, 2.0, 9.0, 2.5 ], "rotation": 90 }
					}
				},
				{
					"name": "handle 2",
					"from": [ -24.0, -0.5, -0.5 ], 
					"to": [ -8.0, 1.0, 1.0 ], 
					"rotationOrigin": [ -25.5, -8.0, 0.0 ],
					"faces": {
						"north": { "texture": "#handle", "uv": [ 0.0, 5.5, 16.0, 7.0 ] },
						"east": { "texture": "#handle", "uv": [ 0.5, 0.5, 2.0, 2.0 ] },
						"south": { "texture": "#handle", "uv": [ 0.0, 10.5, 16.0, 12.0 ] },
						"west": { "texture": "#handle", "uv": [ 14.0, 10.0, 15.5, 11.5 ] },
						"up": { "texture": "#handle", "uv": [ 0.0, 4.5, 16.0, 6.0 ] },
						"down": { "texture": "#handle", "uv": [ 0.0, 5.0, 16.0, 6.5 ] }
					}
				},
				{
					"name": "string 26",
					"from": [ -17.7, -0.8, -0.7 ], 
					"to": [ -17.2, 1.2, 1.3 ], 
					"rotationOrigin": [ -17.7, -0.8, 0.8 ],
					"rotationY": 6.0,
					"rotationZ": 2.0,
					"faces": {
						"north": { "texture": "#string", "uv": [ 7.5, 1.0, 9.5, 1.5 ], "rotation": 90 },
						"east": { "texture": "#string", "uv": [ 0.0, 2.0, 2.0, 4.0 ] },
						"south": { "texture": "#string", "uv": [ 6.0, 3.5, 8.0, 4.0 ], "rotation": 90 },
						"west": { "texture": "#string", "uv": [ 3.0, 2.5, 5.0, 4.5 ] },
						"up": { "texture": "#string", "uv": [ 6.5, 1.0, 8.5, 1.5 ], "rotation": 90 },
						"down": { "texture": "#string", "uv": [ 7.0, 2.0, 9.0, 2.5 ], "rotation": 90 }
					}
				},
				{
					"name": "string 27",
					"from": [ -18.1, -0.8, -0.8 ], 
					"to": [ -17.6, 1.2, 1.2 ], 
					"rotationOrigin": [ -18.1, -0.8, 0.7 ],
					"rotationX": 0.9999997998811924,
					"rotationZ": 19.0,
					"faces": {
						"north": { "texture": "#string", "uv": [ 1.0, 0.5, 3.0, 1.0 ], "rotation": 90 },
						"east": { "texture": "#string", "uv": [ 0.0, 2.0, 2.0, 4.0 ] },
						"south": { "texture": "#string", "uv": [ 0.0, 2.5, 2.0, 3.0 ], "rotation": 90 },
						"west": { "texture": "#string", "uv": [ 2.0, 2.5, 4.0, 4.5 ] },
						"up": { "texture": "#string", "uv": [ 4.5, 0.0, 6.5, 0.5 ], "rotation": 90 },
						"down": { "texture": "#string", "uv": [ 2.5, 2.0, 4.5, 2.5 ], "rotation": 90 }
					}
				},
				{
					"name": "string 28",
					"from": [ -15.0, -0.8, -0.7 ], 
					"to": [ -14.5, 1.2, 1.3 ], 
					"rotationOrigin": [ -15.0, -0.8, 0.8 ],
					"rotationY": -17.0,
					"faces": {
						"north": { "texture": "#string", "uv": [ 8.5, 0.5, 10.5, 1.0 ], "rotation": 90 },
						"east": { "texture": "#string", "uv": [ 0.0, 0.0, 2.0, 2.0 ] },
						"south": { "texture": "#string", "uv": [ 1.0, 0.5, 3.0, 1.0 ], "rotation": 90 },
						"west": { "texture": "#string", "uv": [ 2.0, 2.5, 4.0, 4.5 ] },
						"up": { "texture": "#string", "uv": [ 0.0, 0.0, 0.5, 2.0 ] },
						"down": { "texture": "#string", "uv": [ 0.0, 0.0, 0.5, 2.0 ] }
					}
				},
				{
					"name": "string 29",
					"from": [ -14.5, -0.9, -0.9 ], 
					"to": [ -14.0, 1.1, 1.6 ], 
					"rotationOrigin": [ -14.5, -0.9, 0.6 ],
					"rotationY": 42.0,
					"rotationZ": -1.0,
					"faces": {
						"north": { "texture": "#string", "uv": [ 9.5, 0.0, 11.5, 0.5 ], "rotation": 90 },
						"east": { "texture": "#string", "uv": [ 2.0, 2.0, 4.5, 4.0 ] },
						"south": { "texture": "#string", "uv": [ 5.5, 2.0, 7.5, 2.5 ], "rotation": 90 },
						"west": { "texture": "#string", "uv": [ 1.0, 1.5, 3.5, 3.5 ] },
						"up": { "texture": "#string", "uv": [ 1.0, 0.0, 3.5, 0.5 ], "rotation": 90 },
						"down": { "texture": "#string", "uv": [ 7.5, 1.0, 10.0, 1.5 ], "rotation": 90 }
					}
				}
			]
		}
	]}