{
	"editor": {
		"allAngles": false,
		"entityTextureMode": false
	},
	"textureWidth": 16,
	"textureHeight": 16,
	"textureSizes": {
	},
	"textures": {
		"string": "item/tool/material/string",
		"material": "block/metal/ingot/copper"
	},
	"elements": [
		{
			"name": "origin",
			"from": [ 0.0, 0.0, 8.0 ], 
			"to": [ 0.0, 0.0, 8.0 ], 
			"rotationOrigin": [ 8.0, 0.0, 8.0 ],
			"faces": {
				"north": { "texture": "#string", "uv": [ 0.0, 0.0, 0.5, 0.5 ] },
				"east": { "texture": "#string", "uv": [ 0.0, 0.0, 0.5, 0.5 ] },
				"south": { "texture": "#string", "uv": [ 0.0, 0.0, 0.5, 0.5 ] },
				"west": { "texture": "#string", "uv": [ 0.0, 0.0, 0.5, 0.5 ] },
				"up": { "texture": "#string", "uv": [ 0.0, 0.0, 0.5, 0.5 ] },
				"down": { "texture": "#string", "uv": [ 0.0, 0.0, 0.5, 0.5 ] }
			},
			"children": [
				{
					"name": "segment main11",
					"from": [ 10.0, 0.05, -0.1 ], 
					"to": [ 16.9, 0.4, 0.6 ], 
					"rotationOrigin": [ 10.0, 0.1, -0.1 ],
					"faces": {
						"north": { "texture": "#material", "uv": [ 1.0, 3.5, 7.5, 4.0 ] },
						"east": { "texture": "#material", "uv": [ 1.0, 2.0, 1.5, 2.5 ] },
						"south": { "texture": "#material", "uv": [ 2.5, 4.5, 9.0, 5.0 ] },
						"west": { "texture": "#material", "uv": [ 6.0, 2.0, 6.5, 2.5 ] },
						"up": { "texture": "#material", "uv": [ 9.0, 2.5, 9.5, 9.0 ], "rotation": 90 },
						"down": { "texture": "#material", "uv": [ 4.0, 3.0, 10.5, 3.5 ] }
					}
				},
				{
					"name": "segment main12",
					"from": [ 7.5, 0.39, -0.2 ], 
					"to": [ 11.0, 0.99, 0.7 ], 
					"rotationOrigin": [ 8.0, 0.4, -0.2 ],
					"faces": {
						"north": { "texture": "#material", "uv": [ 1.0, 3.5, 4.5, 4.0 ] },
						"east": { "texture": "#material", "uv": [ 1.0, 2.0, 1.5, 2.5 ] },
						"south": { "texture": "#material", "uv": [ 2.5, 4.5, 6.0, 5.0 ] },
						"west": { "texture": "#material", "uv": [ 6.0, 2.0, 6.5, 2.5 ] },
						"up": { "texture": "#material", "uv": [ 9.0, 2.5, 9.5, 6.0 ], "rotation": 90 },
						"down": { "texture": "#material", "uv": [ 4.0, 3.0, 7.5, 3.5 ] }
					}
				},
				{
					"name": "segment main18",
					"from": [ 3.3, 0.49, 0.21 ], 
					"to": [ 10.3, 0.98, 0.41 ], 
					"rotationOrigin": [ 3.3, 0.5, 0.2 ],
					"faces": {
						"north": { "texture": "#material", "uv": [ 1.0, 3.5, 8.0, 4.0 ] },
						"east": { "texture": "#material", "uv": [ 1.0, 2.0, 1.5, 2.5 ] },
						"south": { "texture": "#material", "uv": [ 2.5, 4.5, 9.5, 5.0 ] },
						"west": { "texture": "#material", "uv": [ 6.0, 2.0, 6.5, 2.5 ] },
						"up": { "texture": "#material", "uv": [ 9.0, 2.5, 9.5, 9.5 ], "rotation": 90 },
						"down": { "texture": "#material", "uv": [ 4.0, 3.0, 11.0, 3.5 ] }
					}
				},
				{
					"name": "segment main19",
					"from": [ 5.0, -0.5, 0.01 ], 
					"to": [ 10.0, 0.1, 0.51 ], 
					"rotationOrigin": [ 5.0, -0.5, 0.0 ],
					"faces": {
						"north": { "texture": "#material", "uv": [ 1.0, 3.5, 6.0, 4.0 ] },
						"east": { "texture": "#material", "uv": [ 1.0, 2.0, 1.5, 2.5 ] },
						"south": { "texture": "#material", "uv": [ 2.5, 4.5, 7.5, 5.0 ] },
						"west": { "texture": "#material", "uv": [ 6.0, 2.0, 6.5, 2.5 ] },
						"up": { "texture": "#material", "uv": [ 9.0, 2.5, 9.5, 7.5 ], "rotation": 90 },
						"down": { "texture": "#material", "uv": [ 4.0, 3.0, 9.0, 3.5 ] }
					}
				},
				{
					"name": "segment main 9",
					"from": [ 7.5, 0.0, -0.69 ], 
					"to": [ 15.2, 0.49, 1.2 ], 
					"rotationOrigin": [ 8.0, 0.0, -1.2 ],
					"faces": {
						"north": { "texture": "#material", "uv": [ 0.0, 0.0, 7.5, 0.5 ] },
						"east": { "texture": "#material", "uv": [ 0.0, 0.0, 1.5, 0.5 ] },
						"south": { "texture": "#material", "uv": [ 0.0, 0.0, 7.5, 0.5 ] },
						"west": { "texture": "#material", "uv": [ 0.0, 0.0, 1.5, 0.5 ] },
						"up": { "texture": "#material", "uv": [ 0.0, 0.0, 7.5, 1.5 ] },
						"down": { "texture": "#material", "uv": [ 0.0, 0.0, 7.5, 1.5 ] }
					}
				},
				{
					"name": "segment 8",
					"from": [ 10.0, 0.0, -1.25 ], 
					"to": [ 13.3, 0.5, 1.75 ], 
					"rotationOrigin": [ 10.0, 0.0, -0.7 ],
					"faces": {
						"north": { "texture": "#material", "uv": [ 0.0, 0.0, 3.0, 0.5 ] },
						"east": { "texture": "#material", "uv": [ 0.0, 0.0, 3.0, 0.5 ] },
						"south": { "texture": "#material", "uv": [ 0.0, 0.0, 3.0, 0.5 ] },
						"west": { "texture": "#material", "uv": [ 0.0, 0.0, 3.0, 0.5 ] },
						"up": { "texture": "#material", "uv": [ 0.0, 0.0, 3.0, 3.0 ] },
						"down": { "texture": "#material", "uv": [ 0.0, 0.0, 3.0, 3.0 ] }
					}
				},
				{
					"name": "segment 11",
					"from": [ 10.0, 0.4, -0.55 ], 
					"to": [ 14.3, 0.85, 1.0 ], 
					"rotationOrigin": [ 10.0, -0.1, 0.3 ],
					"faces": {
						"north": { "texture": "#material", "uv": [ 0.0, 0.0, 4.0, 0.5 ] },
						"east": { "texture": "#material", "uv": [ 0.0, 0.0, 1.5, 0.5 ] },
						"south": { "texture": "#material", "uv": [ 0.0, 0.0, 4.0, 0.5 ] },
						"west": { "texture": "#material", "uv": [ 0.0, 0.0, 1.5, 0.5 ] },
						"up": { "texture": "#material", "uv": [ 0.0, 0.0, 4.0, 1.5 ] },
						"down": { "texture": "#material", "uv": [ 0.0, 0.0, 4.0, 1.5 ] }
					}
				},
				{
					"name": "Cube1",
					"from": [ 6.0, -0.5, -0.5 ], 
					"to": [ 7.8, 1.0, 1.0 ], 
					"rotationOrigin": [ 6.0, -0.51, 0.0 ],
					"faces": {
						"north": { "texture": "#material", "uv": [ 0.0, 0.0, 1.5, 1.5 ] },
						"east": { "texture": "#material", "uv": [ 0.0, 0.0, 1.5, 1.5 ] },
						"south": { "texture": "#material", "uv": [ 0.0, 0.0, 1.5, 1.5 ] },
						"west": { "texture": "#material", "uv": [ 0.0, 0.0, 1.5, 1.5 ] },
						"up": { "texture": "#material", "uv": [ 0.0, 0.0, 1.5, 1.5 ] },
						"down": { "texture": "#material", "uv": [ 0.0, 0.0, 1.5, 1.5 ] }
					}
				},
				{
					"name": "segment main25",
					"from": [ 13.1, 0.0, 1.1 ], 
					"to": [ 16.8, 0.4, 1.8 ], 
					"rotationOrigin": [ 13.1, 0.0, 1.1 ],
					"rotationY": 18.0,
					"faces": {
						"north": { "texture": "#material", "uv": [ 1.0, 3.5, 4.5, 4.0 ] },
						"east": { "texture": "#material", "uv": [ 1.0, 2.0, 1.5, 2.5 ] },
						"south": { "texture": "#material", "uv": [ 2.5, 4.5, 6.0, 5.0 ] },
						"west": { "texture": "#material", "uv": [ 6.0, 2.0, 6.5, 2.5 ] },
						"up": { "texture": "#material", "uv": [ 9.0, 2.5, 9.5, 6.0 ], "rotation": 90 },
						"down": { "texture": "#material", "uv": [ 4.0, 3.0, 7.5, 3.5 ] }
					}
				},
				{
					"name": "segment 25",
					"from": [ 10.0, -0.4, -0.55 ], 
					"to": [ 14.3, 0.05, 1.0 ], 
					"rotationOrigin": [ 10.0, -0.9, 0.3 ],
					"faces": {
						"north": { "texture": "#material", "uv": [ 0.0, 0.0, 4.0, 0.5 ] },
						"east": { "texture": "#material", "uv": [ 0.0, 0.0, 1.5, 0.5 ] },
						"south": { "texture": "#material", "uv": [ 0.0, 0.0, 4.0, 0.5 ] },
						"west": { "texture": "#material", "uv": [ 0.0, 0.0, 1.5, 0.5 ] },
						"up": { "texture": "#material", "uv": [ 0.0, 0.0, 4.0, 1.5 ] },
						"down": { "texture": "#material", "uv": [ 0.0, 0.0, 4.0, 1.5 ] }
					}
				},
				{
					"name": "segment main26",
					"from": [ 13.3, 0.0, -1.2 ], 
					"to": [ 17.0, 0.4, -0.5 ], 
					"rotationOrigin": [ 13.3, 0.0, -1.2 ],
					"rotationY": -17.0,
					"faces": {
						"north": { "texture": "#material", "uv": [ 1.0, 3.5, 4.5, 4.0 ] },
						"east": { "texture": "#material", "uv": [ 1.0, 2.0, 1.5, 2.5 ] },
						"south": { "texture": "#material", "uv": [ 2.5, 4.5, 6.0, 5.0 ] },
						"west": { "texture": "#material", "uv": [ 6.0, 2.0, 6.5, 2.5 ] },
						"up": { "texture": "#material", "uv": [ 9.0, 2.5, 9.5, 6.0 ], "rotation": 90 },
						"down": { "texture": "#material", "uv": [ 4.0, 3.0, 7.5, 3.5 ] }
					}
				},
				{
					"name": "segment main27",
					"from": [ 8.6, 0.0, -0.9 ], 
					"to": [ 10.1, 0.4, 0.0 ], 
					"rotationOrigin": [ 9.1, 0.0, -0.9 ],
					"rotationY": 21.0,
					"faces": {
						"north": { "texture": "#material", "uv": [ 1.0, 3.5, 2.5, 4.0 ] },
						"east": { "texture": "#material", "uv": [ 1.0, 2.0, 1.5, 2.5 ] },
						"south": { "texture": "#material", "uv": [ 2.5, 4.5, 4.0, 5.0 ] },
						"west": { "texture": "#material", "uv": [ 6.0, 2.0, 6.5, 2.5 ] },
						"up": { "texture": "#material", "uv": [ 9.0, 2.5, 9.5, 4.0 ], "rotation": 90 },
						"down": { "texture": "#material", "uv": [ 4.0, 3.0, 5.5, 3.5 ] }
					}
				},
				{
					"name": "segment main28",
					"from": [ 9.7, 0.0, 0.7 ], 
					"to": [ 11.2, 0.4, 1.6 ], 
					"rotationOrigin": [ 10.2, 0.0, -1.3 ],
					"rotationY": -21.0,
					"faces": {
						"north": { "texture": "#material", "uv": [ 1.0, 3.5, 2.5, 4.0 ] },
						"east": { "texture": "#material", "uv": [ 1.0, 2.0, 1.5, 2.5 ] },
						"south": { "texture": "#material", "uv": [ 2.5, 4.5, 4.0, 5.0 ] },
						"west": { "texture": "#material", "uv": [ 6.0, 2.0, 6.5, 2.5 ] },
						"up": { "texture": "#material", "uv": [ 9.0, 2.5, 9.5, 4.0 ], "rotation": 90 },
						"down": { "texture": "#material", "uv": [ 4.0, 3.0, 5.5, 3.5 ] }
					}
				}
			]
		}
	]}