{
	"editor": {
		"allAngles": false,
		"singleTexture": false
	},
	"textureWidth": 16,
	"textureHeight": 16,
	"textures": {
		"blackbronze": "item/tool/material/blackbronze",
		"string": "item/tool/material/string",
		"material": "block/metal/ingot/tinbronze",
		"handle": "item/tool/material/handle"
	},
	"elements": [
		{
			"name": "origin",
			"from": [ 14.0, 0.5, 7.7 ], 
			"to": [ 14.0, 0.5, 7.7 ], 
			"rotationOrigin": [ 8.0, 0.0, 8.0 ],
			"faces": {
				"north": { "texture": "#string", "uv": [ 0.0, 0.0, 0.5, 0.5 ] },
				"east": { "texture": "#string", "uv": [ 0.0, 0.0, 0.5, 0.5 ] },
				"south": { "texture": "#string", "uv": [ 0.0, 0.0, 0.5, 0.5 ] },
				"west": { "texture": "#string", "uv": [ 0.0, 0.0, 0.5, 0.5 ] },
				"up": { "texture": "#string", "uv": [ 0.0, 0.0, 0.5, 0.5 ] },
				"down": { "texture": "#string", "uv": [ 0.0, 0.0, 0.5, 0.5 ] }
			},
			"children": [
				{
					"name": "handle",
					"from": [ -12.5, -0.5, -0.5 ], 
					"to": [ 3.5, 1.0, 1.0 ], 
					"rotationOrigin": [ -15.0, -8.0, 0.0 ],
					"faces": {
						"north": { "texture": "#handle", "uv": [ 0.0, 5.5, 16.0, 7.0 ] },
						"east": { "texture": "#handle", "uv": [ 7.0, 0.5, 8.5, 2.0 ] },
						"south": { "texture": "#handle", "uv": [ 0.0, 10.5, 16.0, 12.0 ] },
						"west": { "texture": "#handle", "uv": [ 14.0, 10.0, 15.5, 11.5 ] },
						"up": { "texture": "#handle", "uv": [ 0.0, 4.5, 16.0, 6.0 ] },
						"down": { "texture": "#handle", "uv": [ 0.0, 5.0, 16.0, 6.5 ] }
					},
					"children": [
						{
							"name": "Cube33",
							"from": [ 16.0, 0.0, 0.0 ], 
							"to": [ 18.5, 1.5, 1.5 ], 
							"rotationOrigin": [ 27.0, 1.0, 0.0 ],
							"rotationY": -3.415094397496434E-6,
							"faces": {
								"north": { "texture": "#material", "uv": [ 0.0, 0.0, 2.5, 1.5 ] },
								"east": { "texture": "#material", "uv": [ 0.0, 0.0, 1.5, 1.5 ] },
								"south": { "texture": "#material", "uv": [ 0.0, 0.0, 2.5, 1.5 ] },
								"west": { "texture": "#material", "uv": [ 0.0, 0.0, 1.5, 1.5 ] },
								"up": { "texture": "#material", "uv": [ 0.0, 0.0, 2.5, 1.5 ] },
								"down": { "texture": "#material", "uv": [ 0.0, 0.0, 2.5, 1.5 ] }
							},
							"children": [
								{
									"name": "Cube1",
									"from": [ 2.5, 0.2, 0.2 ], 
									"to": [ 4.5, 1.2, 1.2 ], 
									"rotationOrigin": [ -0.5, 0.2, 0.2 ],
									"faces": {
										"north": { "texture": "#material", "uv": [ 0.0, 0.0, 2.0, 1.0 ] },
										"east": { "texture": "#material", "uv": [ 0.0, 0.0, 1.0, 1.0 ] },
										"south": { "texture": "#material", "uv": [ 0.0, 0.0, 2.0, 1.0 ] },
										"west": { "texture": "#material", "uv": [ 0.0, 0.0, 1.0, 1.0 ] },
										"up": { "texture": "#material", "uv": [ 0.0, 0.0, 2.0, 1.0 ] },
										"down": { "texture": "#material", "uv": [ 0.0, 0.0, 2.0, 1.0 ] }
									}
								}
							]
						},
						{
							"name": "handle 2",
							"from": [ -12.0, 0.0, 0.0 ], 
							"to": [ 0.0, 1.5, 1.5 ], 
							"rotationOrigin": [ -12.5, -7.5, 0.5 ],
							"faces": {
								"north": { "texture": "#handle", "uv": [ 0.0, 5.5, 12.0, 7.0 ] },
								"east": { "texture": "#handle", "uv": [ 0.5, 0.5, 2.0, 2.0 ] },
								"south": { "texture": "#handle", "uv": [ 0.0, 10.5, 12.0, 12.0 ] },
								"west": { "texture": "#handle", "uv": [ 14.0, 10.0, 15.5, 11.5 ] },
								"up": { "texture": "#handle", "uv": [ 0.0, 4.5, 12.0, 6.0 ] },
								"down": { "texture": "#handle", "uv": [ 0.0, 5.0, 12.0, 6.5 ] }
							}
						},
						{
							"name": "string 3",
							"from": [ 16.8, -0.3, -0.3 ], 
							"to": [ 17.3, 1.7, 1.7 ], 
							"rotationOrigin": [ 16.8, -0.3, 1.2 ],
							"faces": {
								"north": { "texture": "#blackbronze", "uv": [ 8.5, 0.5, 10.5, 1.0 ], "rotation": 90 },
								"east": { "texture": "#blackbronze", "uv": [ 0.0, 0.0, 2.0, 2.0 ] },
								"south": { "texture": "#blackbronze", "uv": [ 1.0, 0.5, 3.0, 1.0 ], "rotation": 90 },
								"west": { "texture": "#blackbronze", "uv": [ 2.0, 2.5, 4.0, 4.5 ] },
								"up": { "texture": "#blackbronze", "uv": [ 0.0, 0.0, 0.5, 2.0 ] },
								"down": { "texture": "#blackbronze", "uv": [ 0.0, 0.0, 0.5, 2.0 ] }
							}
						},
						{
							"name": "string 2",
							"from": [ -5.7, -0.2, -1.0 ], 
							"to": [ -5.2, 1.8, 2.0 ], 
							"rotationOrigin": [ -5.7, -0.2, 0.5 ],
							"rotationY": -51.999988138810544,
							"faces": {
								"north": { "texture": "#string", "uv": [ 1.0, 0.0, 3.0, 0.5 ], "rotation": 90 },
								"east": { "texture": "#string", "uv": [ 0.0, 0.0, 3.0, 2.0 ] },
								"south": { "texture": "#string", "uv": [ 0.0, 0.0, 0.5, 2.0 ] },
								"west": { "texture": "#string", "uv": [ 0.0, 0.0, 3.0, 2.0 ] },
								"up": { "texture": "#string", "uv": [ 3.5, 0.0, 6.5, 0.5 ], "rotation": 90 },
								"down": { "texture": "#string", "uv": [ 0.0, 0.0, 0.5, 3.0 ] }
							}
						},
						{
							"name": "string 4",
							"from": [ 15.8, -0.3, -0.3 ], 
							"to": [ 16.3, 1.7, 1.7 ], 
							"rotationOrigin": [ 15.8, -0.3, 1.2 ],
							"faces": {
								"north": { "texture": "#blackbronze", "uv": [ 0.0, 0.5, 2.0, 1.0 ], "rotation": 90 },
								"east": { "texture": "#blackbronze", "uv": [ 0.0, 0.0, 2.0, 2.0 ] },
								"south": { "texture": "#blackbronze", "uv": [ 2.0, 0.5, 4.0, 1.0 ], "rotation": 90 },
								"west": { "texture": "#blackbronze", "uv": [ 0.0, 4.0, 2.0, 6.0 ] },
								"up": { "texture": "#blackbronze", "uv": [ 3.0, 0.5, 5.0, 1.0 ], "rotation": 90 },
								"down": { "texture": "#blackbronze", "uv": [ 6.5, 0.5, 8.5, 1.0 ], "rotation": 90 }
							}
						},
						{
							"name": "string 26",
							"from": [ -5.7, -0.3, -0.2 ], 
							"to": [ -5.2, 1.7, 1.8 ], 
							"rotationOrigin": [ -5.7, -0.3, 1.3 ],
							"rotationX": 1.9999998915674877,
							"rotationY": 5.999999305231196,
							"rotationZ": 6.706847051513671E-9,
							"faces": {
								"north": { "texture": "#string", "uv": [ 7.5, 1.0, 9.5, 1.5 ], "rotation": 90 },
								"east": { "texture": "#string", "uv": [ 0.0, 2.0, 2.0, 4.0 ] },
								"south": { "texture": "#string", "uv": [ 6.0, 3.5, 8.0, 4.0 ], "rotation": 90 },
								"west": { "texture": "#string", "uv": [ 3.0, 2.5, 5.0, 4.5 ] },
								"up": { "texture": "#string", "uv": [ 6.5, 1.0, 8.5, 1.5 ], "rotation": 90 },
								"down": { "texture": "#string", "uv": [ 7.0, 2.0, 9.0, 2.5 ], "rotation": 90 }
							}
						},
						{
							"name": "string 27",
							"from": [ -6.1, -0.3, -0.3 ], 
							"to": [ -5.6, 1.7, 1.7 ], 
							"rotationOrigin": [ -6.1, -0.3, 1.2 ],
							"rotationX": 0.9999996931175417,
							"rotationY": 1.3340212490220438E-8,
							"rotationZ": 18.99999807969852,
							"faces": {
								"north": { "texture": "#string", "uv": [ 1.0, 0.5, 3.0, 1.0 ], "rotation": 90 },
								"east": { "texture": "#string", "uv": [ 0.0, 2.0, 2.0, 4.0 ] },
								"south": { "texture": "#string", "uv": [ 0.0, 2.5, 2.0, 3.0 ], "rotation": 90 },
								"west": { "texture": "#string", "uv": [ 2.0, 2.5, 4.0, 4.5 ] },
								"up": { "texture": "#string", "uv": [ 4.5, 0.0, 6.5, 0.5 ], "rotation": 90 },
								"down": { "texture": "#string", "uv": [ 2.5, 2.0, 4.5, 2.5 ], "rotation": 90 }
							}
						},
						{
							"name": "string 28",
							"from": [ -3.0, -0.3, -0.2 ], 
							"to": [ -2.5, 1.7, 1.8 ], 
							"rotationOrigin": [ -3.0, -0.3, 1.3 ],
							"rotationY": -16.999998200873794,
							"faces": {
								"north": { "texture": "#string", "uv": [ 8.5, 0.5, 10.5, 1.0 ], "rotation": 90 },
								"east": { "texture": "#string", "uv": [ 0.0, 0.0, 2.0, 2.0 ] },
								"south": { "texture": "#string", "uv": [ 1.0, 0.5, 3.0, 1.0 ], "rotation": 90 },
								"west": { "texture": "#string", "uv": [ 2.0, 2.5, 4.0, 4.5 ] },
								"up": { "texture": "#string", "uv": [ 0.0, 0.0, 0.5, 2.0 ] },
								"down": { "texture": "#string", "uv": [ 0.0, 0.0, 0.5, 2.0 ] }
							}
						},
						{
							"name": "string 29",
							"from": [ -2.5, -0.4, -0.4 ], 
							"to": [ -2.0, 1.6, 2.1 ], 
							"rotationOrigin": [ -2.5, -0.4, 1.1 ],
							"rotationX": -0.999999948285804,
							"rotationY": 42.00000359867877,
							"faces": {
								"north": { "texture": "#string", "uv": [ 9.5, 0.0, 11.5, 0.5 ], "rotation": 90 },
								"east": { "texture": "#string", "uv": [ 2.0, 2.0, 4.5, 4.0 ] },
								"south": { "texture": "#string", "uv": [ 5.5, 2.0, 7.5, 2.5 ], "rotation": 90 },
								"west": { "texture": "#string", "uv": [ 1.0, 1.5, 3.5, 3.5 ] },
								"up": { "texture": "#string", "uv": [ 1.0, 0.0, 3.5, 0.5 ], "rotation": 90 },
								"down": { "texture": "#string", "uv": [ 7.5, 1.0, 10.0, 1.5 ], "rotation": 90 }
							}
						}
					]
				},
				{
					"name": "segment main11",
					"from": [ 8.0, 0.1, -0.39 ], 
					"to": [ 11.0, 0.7, 0.93 ], 
					"rotationOrigin": [ 8.0, 0.1, -0.4 ],
					"faces": {
						"north": { "texture": "#material", "uv": [ 1.0, 3.5, 4.0, 4.0 ] },
						"east": { "texture": "#material", "uv": [ 1.0, 2.0, 2.0, 2.5 ] },
						"south": { "texture": "#material", "uv": [ 2.5, 4.5, 5.5, 5.0 ] },
						"west": { "texture": "#material", "uv": [ 6.0, 2.0, 7.0, 2.5 ] },
						"up": { "texture": "#material", "uv": [ 9.0, 2.5, 10.0, 5.5 ], "rotation": 90 },
						"down": { "texture": "#material", "uv": [ 4.0, 3.0, 7.0, 4.0 ] }
					}
				},
				{
					"name": "segment main12",
					"from": [ 6.0, 0.1, 0.9 ], 
					"to": [ 9.5, 0.4, 1.6 ], 
					"rotationOrigin": [ 6.0, 0.1, 0.9 ],
					"faces": {
						"north": { "texture": "#material", "uv": [ 1.0, 3.5, 4.5, 4.0 ] },
						"east": { "texture": "#material", "uv": [ 1.0, 2.0, 1.5, 2.5 ] },
						"south": { "texture": "#material", "uv": [ 2.5, 4.5, 6.0, 5.0 ] },
						"west": { "texture": "#material", "uv": [ 6.0, 2.0, 6.5, 2.5 ] },
						"up": { "texture": "#material", "uv": [ 9.0, 2.5, 9.5, 6.0 ], "rotation": 90 },
						"down": { "texture": "#material", "uv": [ 4.0, 3.0, 7.5, 3.5 ] }
					}
				},
				{
					"name": "segment main13",
					"from": [ 6.0, 0.1, -1.0 ], 
					"to": [ 9.5, 0.4, -0.3 ], 
					"rotationOrigin": [ 6.0, 0.1, -1.0 ],
					"faces": {
						"north": { "texture": "#material", "uv": [ 1.0, 3.5, 4.5, 4.0 ] },
						"east": { "texture": "#material", "uv": [ 1.0, 2.0, 1.5, 2.5 ] },
						"south": { "texture": "#material", "uv": [ 2.5, 4.5, 6.0, 5.0 ] },
						"west": { "texture": "#material", "uv": [ 6.0, 2.0, 6.5, 2.5 ] },
						"up": { "texture": "#material", "uv": [ 9.0, 2.5, 9.5, 6.0 ], "rotation": 90 },
						"down": { "texture": "#material", "uv": [ 4.0, 3.0, 7.5, 3.5 ] }
					}
				},
				{
					"name": "segment main18",
					"from": [ 5.0, 0.145, 1.5 ], 
					"to": [ 8.5, 0.345, 2.0 ], 
					"rotationOrigin": [ 5.0, 0.1, 1.5 ],
					"faces": {
						"north": { "texture": "#material", "uv": [ 1.0, 3.5, 4.5, 4.0 ] },
						"east": { "texture": "#material", "uv": [ 1.0, 2.0, 1.5, 2.5 ] },
						"south": { "texture": "#material", "uv": [ 2.5, 4.5, 6.0, 5.0 ] },
						"west": { "texture": "#material", "uv": [ 6.0, 2.0, 6.5, 2.5 ] },
						"up": { "texture": "#material", "uv": [ 9.0, 2.5, 9.5, 6.0 ], "rotation": 90 },
						"down": { "texture": "#material", "uv": [ 4.0, 3.0, 7.5, 3.5 ] }
					}
				},
				{
					"name": "segment main19",
					"from": [ 5.0, 0.145, -1.5 ], 
					"to": [ 8.5, 0.345, -1.0 ], 
					"rotationOrigin": [ 5.0, 0.2, -1.5 ],
					"faces": {
						"north": { "texture": "#material", "uv": [ 1.0, 3.5, 4.5, 4.0 ] },
						"east": { "texture": "#material", "uv": [ 1.0, 2.0, 1.5, 2.5 ] },
						"south": { "texture": "#material", "uv": [ 2.5, 4.5, 6.0, 5.0 ] },
						"west": { "texture": "#material", "uv": [ 6.0, 2.0, 6.5, 2.5 ] },
						"up": { "texture": "#material", "uv": [ 9.0, 2.5, 9.5, 6.0 ], "rotation": 90 },
						"down": { "texture": "#material", "uv": [ 4.0, 3.0, 7.5, 3.5 ] }
					}
				},
				{
					"name": "segment main21",
					"from": [ 11.0, 0.15, -0.05 ], 
					"to": [ 13.0, 0.6, 0.5 ], 
					"rotationOrigin": [ 11.0, 0.2, 0.0 ],
					"faces": {
						"north": { "texture": "#material", "uv": [ 1.0, 3.5, 3.0, 4.0 ] },
						"east": { "texture": "#material", "uv": [ 1.0, 2.0, 1.5, 2.5 ] },
						"south": { "texture": "#material", "uv": [ 2.5, 4.5, 4.5, 5.0 ] },
						"west": { "texture": "#material", "uv": [ 6.0, 2.0, 6.5, 2.5 ] },
						"up": { "texture": "#material", "uv": [ 9.0, 2.5, 9.5, 4.5 ], "rotation": 90 },
						"down": { "texture": "#material", "uv": [ 4.0, 3.0, 6.0, 3.5 ] }
					}
				},
				{
					"name": "segment main22",
					"from": [ 5.4, 0.0, 0.0 ], 
					"to": [ 8.1, 0.5, 0.5 ], 
					"rotationOrigin": [ 9.0, 0.4, 0.0 ],
					"rotationZ": -30.0,
					"faces": {
						"north": { "texture": "#material", "uv": [ 1.0, 3.5, 3.5, 4.0 ] },
						"east": { "texture": "#material", "uv": [ 1.0, 2.0, 1.5, 2.5 ] },
						"south": { "texture": "#material", "uv": [ 2.5, 4.5, 5.0, 5.0 ] },
						"west": { "texture": "#material", "uv": [ 6.0, 2.0, 6.5, 2.5 ] },
						"up": { "texture": "#material", "uv": [ 9.0, 2.5, 9.5, 5.0 ], "rotation": 90 },
						"down": { "texture": "#material", "uv": [ 4.0, 3.0, 6.5, 3.5 ] }
					}
				},
				{
					"name": "segment main23",
					"from": [ 8.0, -0.21, -0.1 ], 
					"to": [ 11.0, 0.99, 0.6 ], 
					"rotationOrigin": [ 8.0, -0.2, -0.1 ],
					"faces": {
						"north": { "texture": "#material", "uv": [ 1.0, 3.5, 4.0, 4.5 ] },
						"east": { "texture": "#material", "uv": [ 1.0, 2.0, 1.5, 3.0 ] },
						"south": { "texture": "#material", "uv": [ 2.5, 4.5, 5.5, 5.5 ] },
						"west": { "texture": "#material", "uv": [ 6.0, 2.0, 6.5, 3.0 ] },
						"up": { "texture": "#material", "uv": [ 9.0, 2.5, 9.5, 5.5 ], "rotation": 90 },
						"down": { "texture": "#material", "uv": [ 4.0, 3.0, 7.0, 3.5 ] }
					}
				},
				{
					"name": "segment main24",
					"from": [ 4.0, 0.0, 0.0 ], 
					"to": [ 8.0, 0.5, 0.5 ], 
					"rotationOrigin": [ 8.0, 0.4, 0.0 ],
					"rotationZ": -30.0,
					"faces": {
						"north": { "texture": "#material", "uv": [ 1.0, 3.5, 5.0, 4.0 ] },
						"east": { "texture": "#material", "uv": [ 1.0, 2.0, 1.5, 2.5 ] },
						"south": { "texture": "#material", "uv": [ 2.5, 4.5, 6.5, 5.0 ] },
						"west": { "texture": "#material", "uv": [ 6.0, 2.0, 6.5, 2.5 ] },
						"up": { "texture": "#material", "uv": [ 9.0, 2.5, 9.5, 6.5 ], "rotation": 90 },
						"down": { "texture": "#material", "uv": [ 4.0, 3.0, 8.0, 3.5 ] }
					}
				},
				{
					"name": "segment main25",
					"from": [ 2.5, 0.3, 0.0 ], 
					"to": [ 6.5, 0.8, 0.5 ], 
					"rotationOrigin": [ 6.5, 0.7, 0.0 ],
					"rotationZ": -30.0,
					"faces": {
						"north": { "texture": "#material", "uv": [ 1.0, 3.5, 5.0, 4.0 ] },
						"east": { "texture": "#material", "uv": [ 1.0, 2.0, 1.5, 2.5 ] },
						"south": { "texture": "#material", "uv": [ 2.5, 4.5, 6.5, 5.0 ] },
						"west": { "texture": "#material", "uv": [ 6.0, 2.0, 6.5, 2.5 ] },
						"up": { "texture": "#material", "uv": [ 9.0, 2.5, 9.5, 6.5 ], "rotation": 90 },
						"down": { "texture": "#material", "uv": [ 4.0, 3.0, 8.0, 3.5 ] }
					}
				},
				{
					"name": "segment main26",
					"from": [ 5.5, 0.0, 0.0 ], 
					"to": [ 9.0, 0.5, 0.5 ], 
					"rotationOrigin": [ 9.0, 0.0, 0.0 ],
					"rotationZ": 30.0,
					"faces": {
						"north": { "texture": "#material", "uv": [ 1.0, 3.5, 4.5, 4.0 ] },
						"east": { "texture": "#material", "uv": [ 1.0, 2.0, 1.5, 2.5 ] },
						"south": { "texture": "#material", "uv": [ 2.5, 4.5, 6.0, 5.0 ] },
						"west": { "texture": "#material", "uv": [ 6.0, 2.0, 6.5, 2.5 ] },
						"up": { "texture": "#material", "uv": [ 9.0, 2.5, 9.5, 6.0 ], "rotation": 90 },
						"down": { "texture": "#material", "uv": [ 4.0, 3.0, 7.5, 3.5 ] }
					}
				},
				{
					"name": "segment main27",
					"from": [ 4.5, 0.0, 0.0 ], 
					"to": [ 8.3, 0.5, 0.5 ], 
					"rotationOrigin": [ 8.0, 0.0, 0.0 ],
					"rotationZ": 30.0,
					"faces": {
						"north": { "texture": "#material", "uv": [ 1.0, 3.5, 4.5, 4.0 ] },
						"east": { "texture": "#material", "uv": [ 1.0, 2.0, 1.5, 2.5 ] },
						"south": { "texture": "#material", "uv": [ 2.5, 4.5, 6.0, 5.0 ] },
						"west": { "texture": "#material", "uv": [ 6.0, 2.0, 6.5, 2.5 ] },
						"up": { "texture": "#material", "uv": [ 9.0, 2.5, 9.5, 6.0 ], "rotation": 90 },
						"down": { "texture": "#material", "uv": [ 4.0, 3.0, 7.5, 3.5 ] }
					}
				},
				{
					"name": "segment main28",
					"from": [ 4.5, 0.0, 0.0 ], 
					"to": [ 8.0, 0.5, 0.5 ], 
					"rotationOrigin": [ 8.0, 0.0, 0.0 ],
					"rotationZ": 30.0,
					"faces": {
						"north": { "texture": "#material", "uv": [ 1.0, 3.5, 4.5, 4.0 ] },
						"east": { "texture": "#material", "uv": [ 1.0, 2.0, 1.5, 2.5 ] },
						"south": { "texture": "#material", "uv": [ 2.5, 4.5, 6.0, 5.0 ] },
						"west": { "texture": "#material", "uv": [ 6.0, 2.0, 6.5, 2.5 ] },
						"up": { "texture": "#material", "uv": [ 9.0, 2.5, 9.5, 6.0 ], "rotation": 90 },
						"down": { "texture": "#material", "uv": [ 4.0, 3.0, 7.5, 3.5 ] }
					}
				},
				{
					"name": "segment main29",
					"from": [ 3.0, -0.3, 0.0 ], 
					"to": [ 7.0, 0.2, 0.5 ], 
					"rotationOrigin": [ 6.5, -0.3, 0.0 ],
					"rotationZ": 30.0,
					"faces": {
						"north": { "texture": "#material", "uv": [ 1.0, 3.5, 5.0, 4.0 ] },
						"east": { "texture": "#material", "uv": [ 1.0, 2.0, 1.5, 2.5 ] },
						"south": { "texture": "#material", "uv": [ 2.5, 4.5, 6.5, 5.0 ] },
						"west": { "texture": "#material", "uv": [ 6.0, 2.0, 6.5, 2.5 ] },
						"up": { "texture": "#material", "uv": [ 9.0, 2.5, 9.5, 6.5 ], "rotation": 90 },
						"down": { "texture": "#material", "uv": [ 4.0, 3.0, 8.0, 3.5 ] }
					}
				},
				{
					"name": "segment main30",
					"from": [ 5.0, 0.0, 0.5 ], 
					"to": [ 8.5, 0.5, 1.0 ], 
					"rotationOrigin": [ 8.5, 0.0, 0.5 ],
					"rotationY": 30.0,
					"faces": {
						"north": { "texture": "#material", "uv": [ 1.0, 3.5, 4.5, 4.0 ] },
						"east": { "texture": "#material", "uv": [ 1.0, 2.0, 1.5, 2.5 ] },
						"south": { "texture": "#material", "uv": [ 2.5, 4.5, 6.0, 5.0 ] },
						"west": { "texture": "#material", "uv": [ 6.0, 2.0, 6.5, 2.5 ] },
						"up": { "texture": "#material", "uv": [ 9.0, 2.5, 9.5, 6.0 ], "rotation": 90 },
						"down": { "texture": "#material", "uv": [ 4.0, 3.0, 7.5, 3.5 ] }
					}
				},
				{
					"name": "segment main31",
					"from": [ 4.0, 0.0, 0.5 ], 
					"to": [ 8.0, 0.5, 1.0 ], 
					"rotationOrigin": [ 7.5, 0.0, 0.5 ],
					"rotationY": 30.0,
					"faces": {
						"north": { "texture": "#material", "uv": [ 1.0, 3.5, 5.0, 4.0 ] },
						"east": { "texture": "#material", "uv": [ 1.0, 2.0, 1.5, 2.5 ] },
						"south": { "texture": "#material", "uv": [ 2.5, 4.5, 6.5, 5.0 ] },
						"west": { "texture": "#material", "uv": [ 6.0, 2.0, 6.5, 2.5 ] },
						"up": { "texture": "#material", "uv": [ 9.0, 2.5, 9.5, 6.5 ], "rotation": 90 },
						"down": { "texture": "#material", "uv": [ 4.0, 3.0, 8.0, 3.5 ] }
					}
				},
				{
					"name": "segment main32",
					"from": [ 3.0, 0.0, 0.5 ], 
					"to": [ 7.0, 0.5, 1.0 ], 
					"rotationOrigin": [ 6.5, 0.0, 0.5 ],
					"rotationY": 30.0,
					"faces": {
						"north": { "texture": "#material", "uv": [ 1.0, 3.5, 5.0, 4.0 ] },
						"east": { "texture": "#material", "uv": [ 1.0, 2.0, 1.5, 2.5 ] },
						"south": { "texture": "#material", "uv": [ 2.5, 4.5, 6.5, 5.0 ] },
						"west": { "texture": "#material", "uv": [ 6.0, 2.0, 6.5, 2.5 ] },
						"up": { "texture": "#material", "uv": [ 9.0, 2.5, 9.5, 6.5 ], "rotation": 90 },
						"down": { "texture": "#material", "uv": [ 4.0, 3.0, 8.0, 3.5 ] }
					}
				},
				{
					"name": "segment main33",
					"from": [ 5.0, 0.0, -0.5 ], 
					"to": [ 8.6, 0.5, 0.0 ], 
					"rotationOrigin": [ 8.5, 0.0, 0.0 ],
					"rotationY": -30.0,
					"faces": {
						"north": { "texture": "#material", "uv": [ 1.0, 3.5, 4.5, 4.0 ] },
						"east": { "texture": "#material", "uv": [ 1.0, 2.0, 1.5, 2.5 ] },
						"south": { "texture": "#material", "uv": [ 2.5, 4.5, 6.0, 5.0 ] },
						"west": { "texture": "#material", "uv": [ 6.0, 2.0, 6.5, 2.5 ] },
						"up": { "texture": "#material", "uv": [ 9.0, 2.5, 9.5, 6.0 ], "rotation": 90 },
						"down": { "texture": "#material", "uv": [ 4.0, 3.0, 7.5, 3.5 ] }
					}
				},
				{
					"name": "segment main34",
					"from": [ 4.0, 0.0, -0.5 ], 
					"to": [ 7.9, 0.5, 0.0 ], 
					"rotationOrigin": [ 7.5, 0.0, 0.0 ],
					"rotationY": -30.0,
					"faces": {
						"north": { "texture": "#material", "uv": [ 1.0, 3.5, 4.5, 4.0 ] },
						"east": { "texture": "#material", "uv": [ 1.0, 2.0, 1.5, 2.5 ] },
						"south": { "texture": "#material", "uv": [ 2.5, 4.5, 6.0, 5.0 ] },
						"west": { "texture": "#material", "uv": [ 6.0, 2.0, 6.5, 2.5 ] },
						"up": { "texture": "#material", "uv": [ 9.0, 2.5, 9.5, 6.0 ], "rotation": 90 },
						"down": { "texture": "#material", "uv": [ 4.0, 3.0, 7.5, 3.5 ] }
					}
				},
				{
					"name": "segment main35",
					"from": [ 2.83, 0.0, -0.625 ], 
					"to": [ 6.83, 0.5, -0.125 ], 
					"rotationOrigin": [ 6.3, 0.0, -0.1 ],
					"rotationY": -30.0,
					"faces": {
						"north": { "texture": "#material", "uv": [ 1.0, 3.5, 5.0, 4.0 ] },
						"east": { "texture": "#material", "uv": [ 1.0, 2.0, 1.5, 2.5 ] },
						"south": { "texture": "#material", "uv": [ 2.5, 4.5, 6.5, 5.0 ] },
						"west": { "texture": "#material", "uv": [ 6.0, 2.0, 6.5, 2.5 ] },
						"up": { "texture": "#material", "uv": [ 9.0, 2.5, 9.5, 6.5 ], "rotation": 90 },
						"down": { "texture": "#material", "uv": [ 4.0, 3.0, 8.0, 3.5 ] }
					}
				}
			]
		}
	]}