{
	"code": "cookedbones",
	"heldTpIdleAnimation": "holdbothhands",
	"shape": { "base": "game:item/resource/crushed/ilmenite" },
	"texturesByType": {
		"*": {
			"ilmenite": { "base": "bricklayers:item/resource/crushed/cookedbones" }
		}
	},
	"creativeinventory": { "general": ["*"], "items": ["*"], "ceramics": ["*"] },
        "grindingProps": { "grindedStack": { "type": "item", "code": "bricklayers:powdered-boneash" } },
	"maxstacksize": 64,
	"materialDensity": 900,
	"guiTransform": {
		"translation": { "x": 3, "y": 1, "z": -25 },
		"rotation": { "x": 158, "y": 22, "z": 3 },
		"origin": { "x": 0.29, "y": -0.05, "z": 0.8 },
		"scale": 2.54
	},
	"fpHandTransform": {
		"rotation": { "x": 54, "y": 91, "z": -31 },
		"scale": 1.34
	},
	"tpHandTransform": {
		"translation": { "x": -1.67, "y": -1.25, "z": -0.8 },
		"rotation": { "x": 70, "y": 11, "z": -65 },
		"scale": 0.41
	},
	"groundTransform": {
		"translation": { "x": 0, "y": 0.2, "z": 0 },
		"rotation": { "x": -4, "y": 8, "z": 0 },
		"origin": { "x": 0.5, "y": 0.5, "z": 0.5299 },
		"scale": 1.92
	}
}
