{
	"editor": {
		"allAngles": false,
		"entityTextureMode": false
	},
	"textureWidth": 16,
	"textureHeight": 16,
	"textureSizes": {
	},
	"textures": {
		"waxedblue": "block/food/dairy/waxedblue"
	},
	"elements": [
		{
			"name": "CheeseBodyBig",
			"from": [ 4.0, 0.0, 4.0 ], 
			"to": [ 12.0, 4.0, 12.0 ], 
			"rotationOrigin": [ 8.0, 0.0, 8.0 ],
			"faces": {
				"north": { "texture": "#waxedblue", "uv": [ 8.0, 8.0, 16.0, 12.0 ] },
				"east": { "texture": "#waxedblue", "uv": [ 8.0, 8.0, 16.0, 12.0 ] },
				"south": { "texture": "#waxedblue", "uv": [ 8.0, 8.0, 16.0, 12.0 ] },
				"west": { "texture": "#waxedblue", "uv": [ 8.0, 8.0, 16.0, 12.0 ] },
				"up": { "texture": "#waxedblue", "uv": [ 8.0, 0.0, 16.0, 8.0 ] },
				"down": { "texture": "#waxedblue", "uv": [ 8.0, 0.0, 16.0, 8.0 ] }
			},
			"children": [
				{
					"name": "CheeseN",
					"from": [ 1.0, 0.0, -1.0 ], 
					"to": [ 7.0, 4.0, 0.0 ], 
					"rotationOrigin": [ 4.0, 0.0, -1.0 ],
					"faces": {
						"north": { "texture": "#waxedblue", "uv": [ 8.0, 8.0, 14.0, 12.0 ] },
						"east": { "texture": "#waxedblue", "uv": [ 8.0, 8.0, 9.0, 12.0 ] },
						"south": { "texture": "#waxedblue", "uv": [ 8.0, 4.0, 14.0, 8.0 ], "enabled": false },
						"west": { "texture": "#waxedblue", "uv": [ 8.0, 8.0, 9.0, 12.0 ] },
						"up": { "texture": "#waxedblue", "uv": [ 8.0, 6.0, 14.0, 7.0 ] },
						"down": { "texture": "#waxedblue", "uv": [ 8.0, 0.0, 14.0, 1.0 ] }
					}
				},
				{
					"name": "CheeseS",
					"from": [ 1.0, 0.0, 8.0 ], 
					"to": [ 7.0, 4.0, 9.0 ], 
					"rotationOrigin": [ 4.0, 0.0, 8.0 ],
					"faces": {
						"north": { "texture": "#waxedblue", "uv": [ 8.0, 13.0, 14.0, 17.0 ], "enabled": false },
						"east": { "texture": "#waxedblue", "uv": [ 10.0, 8.0, 11.0, 12.0 ] },
						"south": { "texture": "#waxedblue", "uv": [ 9.0, 8.0, 15.0, 12.0 ] },
						"west": { "texture": "#waxedblue", "uv": [ 9.0, 8.0, 10.0, 12.0 ] },
						"up": { "texture": "#waxedblue", "uv": [ 8.0, 3.0, 14.0, 4.0 ] },
						"down": { "texture": "#waxedblue", "uv": [ 8.0, 4.0, 14.0, 5.0 ] }
					}
				},
				{
					"name": "CheeseW",
					"from": [ -1.0, 0.0, 1.0 ], 
					"to": [ 0.0, 4.0, 7.0 ], 
					"rotationOrigin": [ -1.0, 0.0, 1.0 ],
					"faces": {
						"north": { "texture": "#waxedblue", "uv": [ 11.0, 8.0, 12.0, 12.0 ] },
						"east": { "texture": "#waxedblue", "uv": [ 12.0, 10.0, 18.0, 14.0 ], "enabled": false },
						"south": { "texture": "#waxedblue", "uv": [ 9.0, 8.0, 10.0, 12.0 ] },
						"west": { "texture": "#waxedblue", "uv": [ 9.0, 8.0, 15.0, 12.0 ] },
						"up": { "texture": "#waxedblue", "uv": [ 14.0, 1.0, 15.0, 7.0 ] },
						"down": { "texture": "#waxedblue", "uv": [ 12.0, 1.0, 13.0, 7.0 ] }
					}
				},
				{
					"name": "CheeseE",
					"from": [ 8.0, 0.0, 1.0 ], 
					"to": [ 9.0, 4.0, 7.0 ], 
					"rotationOrigin": [ 8.0, 0.0, 1.0 ],
					"faces": {
						"north": { "texture": "#waxedblue", "uv": [ 13.0, 8.0, 14.0, 12.0 ] },
						"east": { "texture": "#waxedblue", "uv": [ 10.0, 8.0, 16.0, 12.0 ] },
						"south": { "texture": "#waxedblue", "uv": [ 11.0, 8.0, 12.0, 12.0 ] },
						"west": { "texture": "#waxedblue", "uv": [ 10.0, 12.0, 16.0, 16.0 ], "enabled": false },
						"up": { "texture": "#waxedblue", "uv": [ 11.0, 2.0, 12.0, 8.0 ] },
						"down": { "texture": "#waxedblue", "uv": [ 12.0, 3.0, 13.0, 9.0 ] }
					}
				}
			]
		},
		{
			"name": "CheeseBodyBigTop",
			"from": [ 4.5, 3.9, 4.5 ], 
			"to": [ 11.5, 4.6, 11.5 ], 
			"rotationOrigin": [ 8.5, 3.9, 8.5 ],
			"faces": {
				"north": { "texture": "#waxedblue", "uv": [ 8.0, 8.0, 15.0, 8.5 ] },
				"east": { "texture": "#waxedblue", "uv": [ 8.0, 8.0, 15.0, 8.5 ] },
				"south": { "texture": "#waxedblue", "uv": [ 8.0, 8.0, 15.0, 8.5 ] },
				"west": { "texture": "#waxedblue", "uv": [ 8.0, 8.0, 15.0, 8.5 ] },
				"up": { "texture": "#waxedblue", "uv": [ 8.0, 0.0, 15.0, 7.0 ] },
				"down": { "texture": "#waxedblue", "uv": [ 8.0, 0.0, 15.0, 7.0 ] }
			},
			"children": [
				{
					"name": "CheeseN8",
					"from": [ 0.5, 0.01, -0.5 ], 
					"to": [ 6.5, 0.71, 0.0 ], 
					"rotationOrigin": [ 3.5, 0.0, -0.5 ],
					"faces": {
						"north": { "texture": "#waxedblue", "uv": [ 8.0, 8.0, 14.0, 8.5 ] },
						"east": { "texture": "#waxedblue", "uv": [ 8.0, 8.0, 8.5, 8.5 ] },
						"south": { "texture": "#waxedblue", "uv": [ 8.0, 4.0, 14.0, 4.5 ], "enabled": false },
						"west": { "texture": "#waxedblue", "uv": [ 8.0, 8.0, 8.5, 8.5 ] },
						"up": { "texture": "#waxedblue", "uv": [ 8.0, 6.0, 14.0, 6.5 ] },
						"down": { "texture": "#waxedblue", "uv": [ 8.0, 0.0, 14.0, 0.5 ] }
					}
				},
				{
					"name": "CheeseW10",
					"from": [ -0.5, 0.0, 0.5 ], 
					"to": [ 0.0, 0.7, 6.5 ], 
					"rotationOrigin": [ -0.5, 0.0, 0.5 ],
					"faces": {
						"north": { "texture": "#waxedblue", "uv": [ 11.0, 8.0, 11.5, 8.5 ] },
						"east": { "texture": "#waxedblue", "uv": [ 12.0, 10.0, 18.0, 10.5 ], "enabled": false },
						"south": { "texture": "#waxedblue", "uv": [ 9.0, 8.0, 9.5, 8.5 ] },
						"west": { "texture": "#waxedblue", "uv": [ 9.0, 8.0, 15.0, 8.5 ] },
						"up": { "texture": "#waxedblue", "uv": [ 14.0, 1.0, 14.5, 7.0 ] },
						"down": { "texture": "#waxedblue", "uv": [ 12.0, 1.0, 12.5, 7.0 ] }
					}
				},
				{
					"name": "CheeseS10",
					"from": [ 0.5, 0.01, 7.5 ], 
					"to": [ 6.5, 0.71, 8.0 ], 
					"rotationOrigin": [ 3.5, 0.0, 7.5 ],
					"rotationY": -180.0,
					"faces": {
						"north": { "texture": "#waxedblue", "uv": [ 8.0, 8.0, 14.0, 8.5 ] },
						"east": { "texture": "#waxedblue", "uv": [ 8.0, 8.0, 8.5, 8.5 ] },
						"south": { "texture": "#waxedblue", "uv": [ 8.0, 4.0, 14.0, 4.5 ], "enabled": false },
						"west": { "texture": "#waxedblue", "uv": [ 8.0, 8.0, 8.5, 8.5 ] },
						"up": { "texture": "#waxedblue", "uv": [ 8.0, 6.0, 14.0, 6.5 ] },
						"down": { "texture": "#waxedblue", "uv": [ 8.0, 0.0, 14.0, 0.5 ] }
					}
				},
				{
					"name": "CheeseE11",
					"from": [ 7.5, 0.0, 6.5 ], 
					"to": [ 8.0, 0.7, 12.5 ], 
					"rotationOrigin": [ 7.5, 0.0, 6.5 ],
					"rotationY": -180.0,
					"faces": {
						"north": { "texture": "#waxedblue", "uv": [ 11.0, 8.0, 11.5, 8.5 ] },
						"east": { "texture": "#waxedblue", "uv": [ 12.0, 10.0, 18.0, 10.5 ], "enabled": false },
						"south": { "texture": "#waxedblue", "uv": [ 9.0, 8.0, 9.5, 8.5 ] },
						"west": { "texture": "#waxedblue", "uv": [ 9.0, 8.0, 15.0, 8.5 ] },
						"up": { "texture": "#waxedblue", "uv": [ 14.0, 1.0, 14.5, 7.0 ] },
						"down": { "texture": "#waxedblue", "uv": [ 12.0, 1.0, 12.5, 7.0 ] }
					}
				}
			]
		}
	]}