{
	"editor": {
		"allAngles": false,
		"entityTextureMode": false
	},
	"textureWidth": 16,
	"textureHeight": 16,
	"textureSizes": {
	},
	"textures": {
		"waxedblue": ""block/food/dairy/waxedblue"
	},
	"elements": [
		{
			"name": "CheeseBodyBig",
			"from": [ 4.0, 0.0, 4.0 ], 
			"to": [ 12.0, 4.0, 12.0 ], 
			"rotationOrigin": [ 8.0, 0.0, 8.0 ],
			"faces": {
				"north": { "texture": "#waxedblue", "uv": [ 0.0, 8.0, 8.0, 12.0 ] },
				"east": { "texture": "#waxedblue", "uv": [ 0.0, 8.0, 8.0, 12.0 ] },
				"south": { "texture": "#waxedblue", "uv": [ 0.0, 8.0, 8.0, 12.0 ] },
				"west": { "texture": "#waxedblue", "uv": [ 0.0, 8.0, 8.0, 12.0 ] },
				"up": { "texture": "#waxedblue", "uv": [ 0.0, 0.0, 8.0, 8.0 ] },
				"down": { "texture": "#waxedblue", "uv": [ 0.0, 0.0, 8.0, 8.0 ] }
			},
			"children": [
				{
					"name": "CheeseN",
					"from": [ 1.0, 0.0, -1.0 ], 
					"to": [ 7.0, 4.0, 0.0 ], 
					"rotationOrigin": [ 4.0, 0.0, -1.0 ],
					"faces": {
						"north": { "texture": "#waxedblue", "uv": [ 1.0, 8.0, 7.0, 12.0 ] },
						"east": { "texture": "#waxedblue", "uv": [ 3.0, 8.0, 4.0, 12.0 ] },
						"south": { "texture": "#waxedblue", "uv": [ 0.0, 4.0, 6.0, 8.0 ], "enabled": false },
						"west": { "texture": "#waxedblue", "uv": [ 5.0, 8.0, 6.0, 12.0 ] },
						"up": { "texture": "#waxedblue", "uv": [ 0.0, 6.0, 6.0, 7.0 ] },
						"down": { "texture": "#waxedblue", "uv": [ 1.0, 2.0, 7.0, 3.0 ] }
					}
				},
				{
					"name": "CheeseS",
					"from": [ 1.0, 0.0, 8.0 ], 
					"to": [ 7.0, 4.0, 9.0 ], 
					"rotationOrigin": [ 4.0, 0.0, 8.0 ],
					"faces": {
						"north": { "texture": "#waxedblue", "uv": [ 11.0, 13.0, 17.0, 17.0 ], "enabled": false },
						"east": { "texture": "#waxedblue", "uv": [ 2.0, 8.0, 3.0, 12.0 ] },
						"south": { "texture": "#waxedblue", "uv": [ 1.0, 8.0, 7.0, 12.0 ] },
						"west": { "texture": "#waxedblue", "uv": [ 1.0, 8.0, 2.0, 12.0 ] },
						"up": { "texture": "#waxedblue", "uv": [ 0.0, 3.0, 6.0, 4.0 ] },
						"down": { "texture": "#waxedblue", "uv": [ 2.0, 0.0, 8.0, 1.0 ] }
					}
				},
				{
					"name": "CheeseW",
					"from": [ -1.0, 0.0, 1.0 ], 
					"to": [ 0.0, 4.0, 7.0 ], 
					"rotationOrigin": [ -1.0, 0.0, 1.0 ],
					"faces": {
						"north": { "texture": "#waxedblue", "uv": [ 3.0, 8.0, 4.0, 12.0 ] },
						"east": { "texture": "#waxedblue", "uv": [ 12.0, 10.0, 18.0, 14.0 ], "enabled": false },
						"south": { "texture": "#waxedblue", "uv": [ 1.0, 8.0, 2.0, 12.0 ] },
						"west": { "texture": "#waxedblue", "uv": [ 1.0, 8.0, 7.0, 12.0 ] },
						"up": { "texture": "#waxedblue", "uv": [ 6.0, 1.0, 7.0, 7.0 ] },
						"down": { "texture": "#waxedblue", "uv": [ 6.0, 2.0, 7.0, 8.0 ] }
					}
				},
				{
					"name": "CheeseE",
					"from": [ 8.0, 0.0, 1.0 ], 
					"to": [ 9.0, 4.0, 7.0 ], 
					"rotationOrigin": [ 8.0, 0.0, 1.0 ],
					"faces": {
						"north": { "texture": "#waxedblue", "uv": [ 5.0, 8.0, 6.0, 12.0 ] },
						"east": { "texture": "#waxedblue", "uv": [ 2.0, 8.0, 8.0, 12.0 ] },
						"south": { "texture": "#waxedblue", "uv": [ 3.0, 8.0, 4.0, 12.0 ] },
						"west": { "texture": "#waxedblue", "uv": [ 10.0, 12.0, 16.0, 16.0 ], "enabled": false },
						"up": { "texture": "#waxedblue", "uv": [ 0.0, 2.0, 1.0, 8.0 ] },
						"down": { "texture": "#waxedblue", "uv": [ 4.0, 2.0, 5.0, 8.0 ] }
					}
				}
			]
		},
		{
			"name": "CheeseBodyBig6",
			"from": [ 4.5, 4.0, 4.5 ], 
			"to": [ 11.5, 4.7, 11.5 ], 
			"rotationOrigin": [ 8.5, 4.0, 8.5 ],
			"faces": {
				"north": { "texture": "#waxedblue", "uv": [ 0.0, 8.0, 7.0, 8.5 ] },
				"east": { "texture": "#waxedblue", "uv": [ 0.0, 8.0, 7.0, 8.5 ] },
				"south": { "texture": "#waxedblue", "uv": [ 0.0, 8.0, 7.0, 8.5 ] },
				"west": { "texture": "#waxedblue", "uv": [ 0.0, 8.0, 7.0, 8.5 ] },
				"up": { "texture": "#waxedblue", "uv": [ 0.0, 0.0, 7.0, 7.0 ] },
				"down": { "texture": "#waxedblue", "uv": [ 0.0, 0.0, 7.0, 7.0 ] }
			}
		}
	]}