{
	"editor": {
		"allAngles": false,
		"entityTextureMode": false
	},
	"textureWidth": 16,
	"textureHeight": 16,
	"textureSizes": {
	},
	"textures": {
		"metal": "block/metal/ingot/blackbronze"
	},
	"elements": [
		{
			"name": "ingot",
			"from": [ 6.5, 0.0, 5.5 ], 
			"to": [ 7.5, 2.0, 10.5 ], 
			"rotationOrigin": [ 6.5, 0.0, 5.5 ],
			"faces": {
				"north": { "texture": "#metal", "uv": [ 0.0, 0.0, 1.0, 2.0 ] },
				"east": { "texture": "#metal", "uv": [ 0.0, 0.0, 5.0, 2.0 ] },
				"south": { "texture": "#metal", "uv": [ 0.0, 0.0, 1.0, 2.0 ] },
				"west": { "texture": "#metal", "uv": [ 0.0, 0.0, 5.0, 2.0 ] },
				"up": { "texture": "#metal", "uv": [ 0.0, 0.0, 1.0, 5.0 ] },
				"down": { "texture": "#metal", "uv": [ 0.0, 0.0, 1.0, 5.0 ] }
			},
			"children": [
				{
					"name": "Cube3",
					"from": [ 2.0, 0.0, 0.0 ], 
					"to": [ 3.0, 2.0, 5.0 ], 
					"rotationOrigin": [ 2.0, 0.0, 0.0 ],
					"faces": {
						"north": { "texture": "#metal", "uv": [ 0.0, 0.0, 1.0, 2.0 ] },
						"east": { "texture": "#metal", "uv": [ 0.0, 0.0, 5.0, 2.0 ] },
						"south": { "texture": "#metal", "uv": [ 0.0, 0.0, 1.0, 2.0 ] },
						"west": { "texture": "#metal", "uv": [ 0.0, 0.0, 5.0, 2.0 ] },
						"up": { "texture": "#metal", "uv": [ 0.0, 0.0, 1.0, 5.0 ] },
						"down": { "texture": "#metal", "uv": [ 0.0, 0.0, 1.0, 5.0 ] }
					}
				},
				{
					"name": "Cube4",
					"from": [ 0.0, 0.0, -1.0 ], 
					"to": [ 3.0, 2.0, 0.0 ], 
					"rotationOrigin": [ 0.0, 0.0, -1.0 ],
					"faces": {
						"north": { "texture": "#metal", "uv": [ 0.0, 0.0, 3.0, 2.0 ] },
						"east": { "texture": "#metal", "uv": [ 0.0, 0.0, 1.0, 2.0 ] },
						"south": { "texture": "#metal", "uv": [ 0.0, 0.0, 3.0, 2.0 ] },
						"west": { "texture": "#metal", "uv": [ 0.0, 0.0, 1.0, 2.0 ] },
						"up": { "texture": "#metal", "uv": [ 0.0, 0.0, 3.0, 1.0 ] },
						"down": { "texture": "#metal", "uv": [ 0.0, 0.0, 3.0, 1.0 ] }
					}
				},
				{
					"name": "Cube5",
					"from": [ 0.0, 0.0, 5.0 ], 
					"to": [ 3.0, 2.0, 6.0 ], 
					"rotationOrigin": [ 0.0, 0.0, 5.0 ],
					"faces": {
						"north": { "texture": "#metal", "uv": [ 0.0, 0.0, 3.0, 2.0 ] },
						"east": { "texture": "#metal", "uv": [ 0.0, 0.0, 1.0, 2.0 ] },
						"south": { "texture": "#metal", "uv": [ 0.0, 0.0, 3.0, 2.0 ] },
						"west": { "texture": "#metal", "uv": [ 0.0, 0.0, 1.0, 2.0 ] },
						"up": { "texture": "#metal", "uv": [ 0.0, 0.0, 3.0, 1.0 ] },
						"down": { "texture": "#metal", "uv": [ 0.0, 0.0, 3.0, 1.0 ] }
					}
				},
				{
					"name": "Cube1",
					"from": [ 1.0, 0.0, 0.0 ], 
					"to": [ 2.0, 1.0, 5.0 ], 
					"rotationOrigin": [ 1.0, 0.0, 0.0 ],
					"faces": {
						"north": { "texture": "#metal", "uv": [ 0.0, 0.0, 1.0, 1.0 ] },
						"east": { "texture": "#metal", "uv": [ 0.0, 0.0, 5.0, 1.0 ] },
						"south": { "texture": "#metal", "uv": [ 0.0, 0.0, 1.0, 1.0 ] },
						"west": { "texture": "#metal", "uv": [ 0.0, 0.0, 5.0, 1.0 ] },
						"up": { "texture": "#metal", "uv": [ 0.0, 0.0, 1.0, 5.0 ] },
						"down": { "texture": "#metal", "uv": [ 0.0, 0.0, 1.0, 5.0 ] }
					},
					"children": [
						{
							"name": "Cube6",
							"from": [ 0.0, 1.0, 0.0 ], 
							"to": [ 1.0, 2.0, 1.5 ], 
							"rotationOrigin": [ 0.0, 1.0, 0.0 ],
							"faces": {
								"north": { "texture": "#metal", "uv": [ 0.0, 0.0, 1.0, 1.0 ] },
								"east": { "texture": "#metal", "uv": [ 0.0, 0.0, 1.5, 1.0 ] },
								"south": { "texture": "#metal", "uv": [ 0.0, 0.0, 1.0, 1.0 ] },
								"west": { "texture": "#metal", "uv": [ 0.0, 0.0, 1.5, 1.0 ] },
								"up": { "texture": "#metal", "uv": [ 0.0, 0.0, 1.0, 1.5 ] },
								"down": { "texture": "#metal", "uv": [ 0.0, 0.0, 1.0, 1.5 ] }
							}
						},
						{
							"name": "Cube7",
							"from": [ 0.0, 1.0, 3.5 ], 
							"to": [ 1.0, 2.0, 5.0 ], 
							"rotationOrigin": [ 0.0, 1.0, 3.5 ],
							"faces": {
								"north": { "texture": "#metal", "uv": [ 0.0, 0.0, 1.0, 1.0 ] },
								"east": { "texture": "#metal", "uv": [ 0.0, 0.0, 1.5, 1.0 ] },
								"south": { "texture": "#metal", "uv": [ 0.0, 0.0, 1.0, 1.0 ] },
								"west": { "texture": "#metal", "uv": [ 0.0, 0.0, 1.5, 1.0 ] },
								"up": { "texture": "#metal", "uv": [ 0.0, 3.0, 1.0, 4.5 ] },
								"down": { "texture": "#metal", "uv": [ 0.0, 0.0, 1.0, 1.5 ] }
							}
						},
						{
							"name": "Cube8",
							"from": [ 0.0, 1.0, 1.5 ], 
							"to": [ 1.0, 1.4, 3.5 ], 
							"rotationOrigin": [ 0.0, 1.0, 1.5 ],
							"faces": {
								"north": { "texture": "#metal", "uv": [ 0.0, 0.0, 1.0, 0.5 ] },
								"east": { "texture": "#metal", "uv": [ 0.0, 0.0, 2.0, 0.5 ] },
								"south": { "texture": "#metal", "uv": [ 0.0, 0.0, 1.0, 0.5 ] },
								"west": { "texture": "#metal", "uv": [ 0.0, 0.0, 2.0, 0.5 ] },
								"up": { "texture": "#metal", "uv": [ 0.0, 1.0, 1.0, 3.5 ], "autoUv": false },
								"down": { "texture": "#metal", "uv": [ 0.0, 0.0, 1.0, 2.0 ] }
							}
						}
					]
				}
			]
		}
	]}