{
	"editor": {
		"allAngles": false,
		"entityTextureMode": false
	},
	"textureWidth": 16,
	"textureHeight": 16,
	"textureSizes": {
	},
	"textures": {
		"material": "block/stone/rock/granite1"
	},
	"elements": [
		{
			"name": "Cube",
			"from": [ 5.5, 0.0, 6.0 ], 
			"to": [ 10.5, 2.0, 10.0 ], 
			"rotationOrigin": [ 8.0, 0.0, 8.0 ],
			"faces": {
				"north": { "texture": "#material", "uv": [ 0.0, 8.0, 5.0, 10.0 ] },
				"east": { "texture": "#material", "uv": [ 10.0, 13.0, 14.0, 15.0 ] },
				"south": { "texture": "#material", "uv": [ 2.0, 10.0, 7.0, 12.0 ] },
				"west": { "texture": "#material", "uv": [ 7.0, 5.0, 11.0, 7.0 ] },
				"up": { "texture": "#material", "uv": [ 5.0, 7.0, 10.0, 11.0 ] },
				"down": { "texture": "#material", "uv": [ 7.0, 2.0, 12.0, 6.0 ] }
			}
		},
		{
			"name": "Cube2",
			"from": [ 4.5, 0.2, 5.0 ], 
			"to": [ 8.5, 1.8, 9.0 ], 
			"rotationOrigin": [ 7.0, 0.2, 7.0 ],
			"faces": {
				"north": { "texture": "#material", "uv": [ 0.0, 8.0, 4.0, 9.5 ] },
				"east": { "texture": "#material", "uv": [ 10.0, 13.0, 14.0, 14.5 ] },
				"south": { "texture": "#material", "uv": [ 2.0, 10.0, 6.0, 11.5 ] },
				"west": { "texture": "#material", "uv": [ 7.0, 5.0, 11.0, 6.5 ] },
				"up": { "texture": "#material", "uv": [ 5.0, 7.0, 9.0, 11.0 ] },
				"down": { "texture": "#material", "uv": [ 7.0, 2.0, 11.0, 6.0 ] }
			}
		}
	]}