{
	"code": "stonetiles",
	"class": "Block",
	"attributes": {
		"handbook": {
			"groupBy": [ "stonetiles-*" ]
		}
	},
	"variantgroups": [
		{ "code": "size", "states": [ "normal" ] },
		{ "code": "rock", "loadFromProperties": "game:block/rock", "states": [ "greenmarble", "kimberlite", "obsidian", "redmarble", "suevite", "whitemarble" ] }
	],
	"shape": { "base": "game:block/basic/cube" },
	"drawtype": "Cube",
	"blockmaterial": "Stone",
	"creativeinventory": { "general": ["*"], "construction": ["*"] },
	"replaceable": 120,
	"resistance": 2,
	"lightAbsorption": 99,
	"texturesByType": {
		"*-obsidian": {
			"all": { "base": "bricklayers:block/stone/polishedrock/obsidian_*" },
			"inside-north": { "base": "bricklayers:block/stone/polishedrock/obsidian-inside" },
			"inside-east": { "base": "bricklayers:block/stone/polishedrock/obsidian-inside" },
			"inside-south": { "base": "bricklayers:block/stone/polishedrock/obsidian-inside" },
			"inside-west": { "base": "bricklayers:block/stone/polishedrock/obsidian-inside" },
			"inside-up": { "base": "bricklayers:block/stone/polishedrock/obsidian-inside" },
			"inside-down": { "base": "bricklayers:block/stone/polishedrock/obsidian-inside" }
		},
		"*": {
			"all": { "base": "game:block/stone/polishedrock/{rock}" },
			"inside-north": { "base": "game:block/stone/polishedrock/{rock}-inside" },
			"inside-east": { "base": "game:block/stone/polishedrock/{rock}-inside" },
			"inside-south": { "base": "game:block/stone/polishedrock/{rock}-inside" },
			"inside-west": { "base": "game:block/stone/polishedrock/{rock}-inside" },
			"inside-up": { "base": "game:block/stone/polishedrock/{rock}-inside" },
			"inside-down": { "base": "game:block/stone/polishedrock/{rock}-inside" }
		}
	},
	"sounds": {
		"walk": "game:walk/stone",
		"byTool": {
			"Pickaxe": { "hit": "game:block/rock-hit-pickaxe", "break": "game:block/rock-break-pickaxe" }
		}
	},
	"heldTpIdleAnimation": "holdbothhandslarge",
	"heldTpUseAnimation": "twohandplaceblock",
	"tpHandTransform": {
		"translation": { "x": -1.2, "y": -1.1, "z": -0.8 },
		"rotation": { "x": -2, "y": 25, "z": -78 },
		"scale": 0.37
	}
}
