[
	{
	"ingredientPattern": "LMM,QQB",
	"ingredients": {
		"L": { "type": "item", "code": "game:lime" },
		"M": { "type": "item", "code": "bricklayers:powdered-magnetite" },
		"Q": { "type": "item", "code": "bricklayers:powdered-quartz", "quantity": 2 },
		"B": { "type": "item", "code": "game:powderedborax" }
	},
	"width": 3,
	"height": 2,
	"output": { "type": "item", "code": "bricklayers:frit-mix-black", "quantity": 4 }
	},
	{
	"ingredientPattern": "LNN,QQB",
	"ingredients": {
		"L": { "type": "item", "code": "game:lime" },
		"N": { "type": "item", "code": "bricklayers:powdered-nickel" },
		"Q": { "type": "item", "code": "bricklayers:powdered-quartz", "quantity": 2 },
		"B": { "type": "item", "code": "game:powderedborax" }
	},
	"width": 3,
	"height": 2,
	"output": { "type": "item", "code": "bricklayers:frit-mix-black", "quantity": 4 }
	},
	{
	"ingredientPattern": "LCC,QQB",
	"ingredients": {
		"L": { "type": "item", "code": "game:lime" },
		"C": { "type": "item", "code": "bricklayers:powdered-chromite" },
		"Q": { "type": "item", "code": "bricklayers:powdered-quartz", "quantity": 2 },
		"B": { "type": "item", "code": "game:powderedborax" }
	},
	"width": 3,
	"height": 2,
	"output": { "type": "item", "code": "bricklayers:frit-mix-black", "quantity": 4 }
	},
	{
	"ingredientPattern": "LCC,QQB",
	"ingredients": {
		"L": { "type": "item", "code": "game:lime" },
		"C": { "type": "item", "code": "bricklayers:powdered-copper" },
		"Q": { "type": "item", "code": "bricklayers:powdered-quartz", "quantity": 2 },
		"B": { "type": "item", "code": "game:powderedborax" }
	},
	"width": 3,
	"height": 2,
	"output": { "type": "item", "code": "bricklayers:frit-mix-blue", "quantity": 4 }
	},
	{
	"ingredientPattern": "LMX,QQB",
	"ingredients": {
		"L": { "type": "item", "code": "game:lime" },
		"M": { "type": "item", "code": "bricklayers:powdered-magnetite" },
		"X": { "type": "item", "code": "bricklayers:powdered-bauxite" },
		"Q": { "type": "item", "code": "bricklayers:powdered-quartz", "quantity": 2 },
		"B": { "type": "item", "code": "game:powderedborax" }
	},
	"width": 3,
	"height": 2,
	"output": { "type": "item", "code": "bricklayers:frit-mix-brown", "quantity": 4 }
	},
	{
	"ingredientPattern": "LCZ,QQB",
	"ingredients": {
		"L": { "type": "item", "code": "game:lime" },
		"C": { "type": "item", "code": "bricklayers:powdered-copper" },
		"Z": { "type": "item", "code": "bricklayers:powdered-quartz", "quantity": 1 },
		"Q": { "type": "item", "code": "bricklayers:powdered-quartz", "quantity": 2 },
		"B": { "type": "item", "code": "game:powderedborax" }
	},
	"width": 3,
	"height": 2,
	"output": { "type": "item", "code": "bricklayers:frit-mix-greenblue", "quantity": 4 }
	},
	{
	"ingredientPattern": "LGG,QQB",
	"ingredients": {
		"L": { "type": "item", "code": "game:lime" },
		"G": { "type": "item", "code": "bricklayers:powdered-gold" },
		"Q": { "type": "item", "code": "bricklayers:powdered-quartz", "quantity": 2 },
		"B": { "type": "item", "code": "game:powderedborax" }
	},
	"width": 3,
	"height": 2,
	"output": { "type": "item", "code": "bricklayers:frit-mix-gold", "quantity": 4 }
	},
	{
	"ingredientPattern": "LOO,QQB",
	"ingredients": {
		"L": { "type": "item", "code": "game:lime" },
		"O": { "type": "item", "code": "bricklayers:powdered-olivine" },
		"Q": { "type": "item", "code": "bricklayers:powdered-quartz", "quantity": 2 },
		"B": { "type": "item", "code": "game:powderedborax" }
	},
	"width": 3,
	"height": 2,
	"output": { "type": "item", "code": "bricklayers:frit-mix-green", "quantity": 4 }
	},
	{
	"ingredientPattern": "LCL,QQB",
	"ingredients": {
		"L": { "type": "item", "code": "game:lime" },
		"C": { "type": "item", "code": "bricklayers:powdered-copper" },
		"Q": { "type": "item", "code": "bricklayers:powdered-quartz", "quantity": 2 },
		"B": { "type": "item", "code": "game:powderedborax" }
	},
	"width": 3,
	"height": 2,
	"output": { "type": "item", "code": "bricklayers:frit-mix-green", "quantity": 4 }
	},
	{
	"ingredientPattern": "LCP,QQB",
	"ingredients": {
		"L": { "type": "item", "code": "game:lime" },
		"C": { "type": "item", "code": "bricklayers:powdered-chromiumoxide" },
		"Q": { "type": "item", "code": "bricklayers:powdered-quartz", "quantity": 2 },
		"P": { "type": "item", "code": "bricklayers:powdered-quartz" },
		"B": { "type": "item", "code": "game:powderedborax" }
	},
	"width": 3,
	"height": 2,
	"output": { "type": "item", "code": "bricklayers:frit-mix-green", "quantity": 4 }
	},
	{
	"ingredientPattern": "LML,QQB",
	"ingredients": {
		"L": { "type": "item", "code": "game:lime" },
		"M": { "type": "item", "code": "bricklayers:powdered-malachite" },
		"Q": { "type": "item", "code": "bricklayers:powdered-quartz", "quantity": 2 },
		"B": { "type": "item", "code": "game:powderedborax" }
	},
	"width": 3,
	"height": 2,
	"output": { "type": "item", "code": "bricklayers:frit-mix-malachite", "quantity": 4 }
	},
	{
	"ingredientPattern": "LRY,QQB",
	"ingredients": {
		"L": { "type": "item", "code": "game:lime" },
		"R": { "type": "item", "code": "bricklayers:powdered-cinnabar" },
		"Y": { "type": "item", "code": "bricklayers:powdered-massicot" },
		"Q": { "type": "item", "code": "bricklayers:powdered-quartz", "quantity": 2 },
		"B": { "type": "item", "code": "game:powderedborax" }
	},
	"width": 3,
	"height": 2,
	"output": { "type": "item", "code": "bricklayers:frit-mix-orange", "quantity": 4 }
	},
	{
	"ingredientPattern": "LRY,QQB",
	"ingredients": {
		"L": { "type": "item", "code": "game:lime" },
		"R": { "type": "item", "code": "bricklayers:powdered-hematite" },
		"Y": { "type": "item", "code": "bricklayers:powdered-massicot" },
		"Q": { "type": "item", "code": "bricklayers:powdered-quartz", "quantity": 2 },
		"B": { "type": "item", "code": "game:powderedborax" }
	},
	"width": 3,
	"height": 2,
	"output": { "type": "item", "code": "bricklayers:frit-mix-orange", "quantity": 4 }
	},
	{
	"ingredientPattern": "LRY,QQB",
	"ingredients": {
		"L": { "type": "item", "code": "game:lime" },
		"R": { "type": "item", "code": "bricklayers:powdered-litharge" },
		"Y": { "type": "item", "code": "bricklayers:powdered-massicot" },
		"Q": { "type": "item", "code": "bricklayers:powdered-quartz", "quantity": 2 },
		"B": { "type": "item", "code": "game:powderedborax" }
	},
	"width": 3,
	"height": 2,
	"output": { "type": "item", "code": "bricklayers:frit-mix-orange", "quantity": 4 }
	},

	{
	"ingredientPattern": "LRY,QQB",
	"ingredients": {
		"L": { "type": "item", "code": "game:lime" },
		"R": { "type": "item", "code": "bricklayers:powdered-cinnabar" },
		"Y": { "type": "item", "code": "bricklayers:powdered-limonite" },
		"Q": { "type": "item", "code": "bricklayers:powdered-quartz", "quantity": 2 },
		"B": { "type": "item", "code": "game:powderedborax" }
	},
	"width": 3,
	"height": 2,
	"output": { "type": "item", "code": "bricklayers:frit-mix-orange", "quantity": 4 }
	},
	{
	"ingredientPattern": "LRY,QQB",
	"ingredients": {
		"L": { "type": "item", "code": "game:lime" },
		"R": { "type": "item", "code": "bricklayers:powdered-hematite" },
		"Y": { "type": "item", "code": "bricklayers:powdered-limonite" },
		"Q": { "type": "item", "code": "bricklayers:powdered-quartz", "quantity": 2 },
		"B": { "type": "item", "code": "game:powderedborax" }
	},
	"width": 3,
	"height": 2,
	"output": { "type": "item", "code": "bricklayers:frit-mix-orange", "quantity": 4 }
	},
	{
	"ingredientPattern": "LRY,QQB",
	"ingredients": {
		"L": { "type": "item", "code": "game:lime" },
		"R": { "type": "item", "code": "bricklayers:powdered-litharge" },
		"Y": { "type": "item", "code": "bricklayers:powdered-limonite" },
		"Q": { "type": "item", "code": "bricklayers:powdered-quartz", "quantity": 2 },
		"B": { "type": "item", "code": "game:powderedborax" }
	},
	"width": 3,
	"height": 2,
	"output": { "type": "item", "code": "bricklayers:frit-mix-orange", "quantity": 4 }
	},
	{
	"ingredientPattern": "LRT,QQB",
	"ingredients": {
		"L": { "type": "item", "code": "game:lime" },
		"T": { "type": "item", "code": "bricklayers:powdered-cassiterite" },
		"R": { "type": "item", "code": "bricklayers:powdered-cinnabar" },
		"Q": { "type": "item", "code": "bricklayers:powdered-quartz", "quantity": 2 },
		"B": { "type": "item", "code": "game:powderedborax" }
	},
	"width": 3,
	"height": 2,
	"output": { "type": "item", "code": "bricklayers:frit-mix-pink", "quantity": 4 }
	},
	{
	"ingredientPattern": "LRT,QQB",
	"ingredients": {
		"L": { "type": "item", "code": "game:lime" },
		"T": { "type": "item", "code": "bricklayers:powdered-cassiterite" },
		"R": { "type": "item", "code": "bricklayers:powdered-litharge" },
		"Q": { "type": "item", "code": "bricklayers:powdered-quartz", "quantity": 2 },
		"B": { "type": "item", "code": "game:powderedborax" }
	},
	"width": 3,
	"height": 2,
	"output": { "type": "item", "code": "bricklayers:frit-mix-pink", "quantity": 4 }
	},
	{
	"ingredientPattern": "LRT,QQB",
	"ingredients": {
		"L": { "type": "item", "code": "game:lime" },
		"T": { "type": "item", "code": "bricklayers:powdered-cassiterite" },
		"R": { "type": "item", "code": "bricklayers:powdered-hematite" },
		"Q": { "type": "item", "code": "bricklayers:powdered-quartz", "quantity": 2 },
		"B": { "type": "item", "code": "game:powderedborax" }
	},
	"width": 3,
	"height": 2,
	"output": { "type": "item", "code": "bricklayers:frit-mix-pink", "quantity": 4 }
	},
	{
	"ingredientPattern": "LRZ,QQB",
	"ingredients": {
		"L": { "type": "item", "code": "game:lime" },
		"R": { "type": "item", "code": "bricklayers:powdered-cinnabar" },
		"Z": { "type": "item", "code": "bricklayers:powdered-lapislazuli" },
		"Q": { "type": "item", "code": "bricklayers:powdered-quartz", "quantity": 2 },
		"B": { "type": "item", "code": "game:powderedborax" }
	},
	"width": 3,
	"height": 2,
	"output": { "type": "item", "code": "bricklayers:frit-mix-purple", "quantity": 4 }
	},
	{
	"ingredientPattern": "LRZ,QQB",
	"ingredients": {
		"L": { "type": "item", "code": "game:lime" },
		"R": { "type": "item", "code": "bricklayers:powdered-litharge" },
		"Z": { "type": "item", "code": "bricklayers:powdered-lapislazuli" },
		"Q": { "type": "item", "code": "bricklayers:powdered-quartz", "quantity": 2 },
		"B": { "type": "item", "code": "game:powderedborax" }
	},
	"width": 3,
	"height": 2,
	"output": { "type": "item", "code": "bricklayers:frit-mix-purple", "quantity": 4 }
	},
	{
	"ingredientPattern": "LRZ,QQB",
	"ingredients": {
		"L": { "type": "item", "code": "game:lime" },
		"R": { "type": "item", "code": "bricklayers:powdered-hematite" },
		"Z": { "type": "item", "code": "bricklayers:powdered-lapislazuli" },
		"Q": { "type": "item", "code": "bricklayers:powdered-quartz", "quantity": 2 },
		"B": { "type": "item", "code": "game:powderedborax" }
	},
	"width": 3,
	"height": 2,
	"output": { "type": "item", "code": "bricklayers:frit-mix-purple", "quantity": 4 }
	},
	{
	"ingredientPattern": "LRN,QQB",
	"ingredients": {
		"L": { "type": "item", "code": "game:lime" },
		"R": { "type": "item", "code": "bricklayers:powdered-cinnabar" },
		"N": { "type": "item", "code": "bricklayers:powdered-nickel" },
		"Q": { "type": "item", "code": "bricklayers:powdered-quartz", "quantity": 2 },
		"B": { "type": "item", "code": "game:powderedborax" }
	},
	"width": 3,
	"height": 2,
	"output": { "type": "item", "code": "bricklayers:frit-mix-purple", "quantity": 4 }
	},
	{
	"ingredientPattern": "LRN,QQB",
	"ingredients": {
		"L": { "type": "item", "code": "game:lime" },
		"R": { "type": "item", "code": "bricklayers:powdered-litharge" },
		"N": { "type": "item", "code": "bricklayers:powdered-nickel" },
		"Q": { "type": "item", "code": "bricklayers:powdered-quartz", "quantity": 2 },
		"B": { "type": "item", "code": "game:powderedborax" }
	},
	"width": 3,
	"height": 2,
	"output": { "type": "item", "code": "bricklayers:frit-mix-purple", "quantity": 4 }
	},
	{
	"ingredientPattern": "LRN,QQB",
	"ingredients": {
		"L": { "type": "item", "code": "game:lime" },
		"R": { "type": "item", "code": "bricklayers:powdered-hematite" },
		"N": { "type": "item", "code": "bricklayers:powdered-nickel" },
		"Q": { "type": "item", "code": "bricklayers:powdered-quartz", "quantity": 2 },
		"B": { "type": "item", "code": "game:powderedborax" }
	},
	"width": 3,
	"height": 2,
	"output": { "type": "item", "code": "bricklayers:frit-mix-purple", "quantity": 4 }
	},
	{
	"ingredientPattern": "LCC,QQB",
	"ingredients": {
		"L": { "type": "item", "code": "game:lime" },
		"C": { "type": "item", "code": "bricklayers:powdered-cinnabar" },
		"Q": { "type": "item", "code": "bricklayers:powdered-quartz", "quantity": 2 },
		"B": { "type": "item", "code": "game:powderedborax" }
	},
	"width": 3,
	"height": 2,
	"output": { "type": "item", "code": "bricklayers:frit-mix-red", "quantity": 4 }
	},
	{
	"ingredientPattern": "LRC,QQB",
	"ingredients": {
		"L": { "type": "item", "code": "game:lime" },
		"R": { "type": "item", "code": "bricklayers:powdered-litharge" },
		"C": { "type": "item", "code": "bricklayers:powdered-cinnabar" },
		"Q": { "type": "item", "code": "bricklayers:powdered-quartz", "quantity": 2 },
		"B": { "type": "item", "code": "game:powderedborax" }
	},
	"width": 3,
	"height": 2,
	"output": { "type": "item", "code": "bricklayers:frit-mix-red", "quantity": 4 }
	},
	{
	"ingredientPattern": "LHC,QQB",
	"ingredients": {
		"L": { "type": "item", "code": "game:lime" },
		"H": { "type": "item", "code": "bricklayers:powdered-hematite" },
		"C": { "type": "item", "code": "bricklayers:powdered-cinnabar" },
		"Q": { "type": "item", "code": "bricklayers:powdered-quartz", "quantity": 2 },
		"B": { "type": "item", "code": "game:powderedborax" }
	},
	"width": 3,
	"height": 2,
	"output": { "type": "item", "code": "bricklayers:frit-mix-red", "quantity": 4 }
	},
	{
	"ingredientPattern": "LRX,QQB",
	"ingredients": {
		"L": { "type": "item", "code": "game:lime" },
		"R": { "type": "item", "code": "bricklayers:powdered-cinnabar" },
		"X": { "type": "item", "code": "bricklayers:powdered-bauxite" },
		"Q": { "type": "item", "code": "bricklayers:powdered-quartz", "quantity": 2 },
		"B": { "type": "item", "code": "game:powderedborax" }
	},
	"width": 3,
	"height": 2,
	"output": { "type": "item", "code": "bricklayers:frit-mix-redbrown", "quantity": 4 }
	},
	{
	"ingredientPattern": "LRX,QQB",
	"ingredients": {
		"L": { "type": "item", "code": "game:lime" },
		"R": { "type": "item", "code": "bricklayers:powdered-litharge" },
		"X": { "type": "item", "code": "bricklayers:powdered-bauxite" },
		"Q": { "type": "item", "code": "bricklayers:powdered-quartz", "quantity": 2 },
		"B": { "type": "item", "code": "game:powderedborax" }
	},
	"width": 3,
	"height": 2,
	"output": { "type": "item", "code": "bricklayers:frit-mix-redbrown", "quantity": 4 }
	},
	{
	"ingredientPattern": "LRX,QQB",
	"ingredients": {
		"L": { "type": "item", "code": "game:lime" },
		"R": { "type": "item", "code": "bricklayers:powdered-hematite" },
		"X": { "type": "item", "code": "bricklayers:powdered-bauxite" },
		"Q": { "type": "item", "code": "bricklayers:powdered-quartz", "quantity": 2 },
		"B": { "type": "item", "code": "game:powderedborax" }
	},
	"width": 3,
	"height": 2,
	"output": { "type": "item", "code": "bricklayers:frit-mix-redbrown", "quantity": 4 }
	},
	{
	"ingredientPattern": "LZL,QQB",
	"ingredients": {
		"L": { "type": "item", "code": "game:lime" },
		"Z": { "type": "item", "code": "bricklayers:powdered-lapislazuli" },
		"Q": { "type": "item", "code": "bricklayers:powdered-quartz", "quantity": 2 },
		"B": { "type": "item", "code": "game:powderedborax" }
	},
	"width": 3,
	"height": 2,
	"output": { "type": "item", "code": "bricklayers:frit-mix-lapislazuli", "quantity": 4 }
	},
	{
	"ingredientPattern": "LNL,QQB",
	"ingredients": {
		"L": { "type": "item", "code": "game:lime" },
		"N": { "type": "item", "code": "bricklayers:powdered-nickel" },
		"Q": { "type": "item", "code": "bricklayers:powdered-quartz", "quantity": 2 },
		"B": { "type": "item", "code": "game:powderedborax" }
	},
	"width": 3,
	"height": 2,
	"output": { "type": "item", "code": "bricklayers:frit-mix-lapislazuli", "quantity": 4 }
	},
	{
	"ingredientPattern": "LTI,QQB",
	"ingredients": {
		"L": { "type": "item", "code": "game:lime" },
		"T": { "type": "item", "code": "bricklayers:powdered-cassiterite" },
		"I": { "type": "item", "code": "bricklayers:powdered-ilmenite" },
		"Q": { "type": "item", "code": "bricklayers:powdered-quartz", "quantity": 2 },
		"B": { "type": "item", "code": "game:powderedborax" }
	},
	"width": 3,
	"height": 2,
	"output": { "type": "item", "code": "bricklayers:frit-mix-white", "quantity": 4 }
	},
	{
	"ingredientPattern": "LIT,QQB",
	"ingredients": {
		"L": { "type": "item", "code": "game:lime" },
		"T": { "type": "item", "code": "bricklayers:powdered-cassiterite" },
		"I": { "type": "item", "code": "bricklayers:powdered-ilmenite" },
		"Q": { "type": "item", "code": "bricklayers:powdered-quartz", "quantity": 2 },
		"B": { "type": "item", "code": "game:powderedborax" }
	},
	"width": 3,
	"height": 2,
	"output": { "type": "item", "code": "bricklayers:frit-mix-white", "quantity": 4 }
	},
	{
	"ingredientPattern": "LMM,QQB",
	"ingredients": {
		"L": { "type": "item", "code": "game:lime" },
		"M": { "type": "item", "code": "bricklayers:powdered-massicot" },
		"Q": { "type": "item", "code": "bricklayers:powdered-quartz", "quantity": 2 },
		"B": { "type": "item", "code": "game:powderedborax" }
	},
	"width": 3,
	"height": 2,
	"output": { "type": "item", "code": "bricklayers:frit-mix-yellow", "quantity": 4 }
	},
	{
	"ingredientPattern": "LYY,QQB",
	"ingredients": {
		"L": { "type": "item", "code": "game:lime" },
		"Y": { "type": "item", "code": "bricklayers:powdered-limonite" },
		"Q": { "type": "item", "code": "bricklayers:powdered-quartz", "quantity": 2 },
		"B": { "type": "item", "code": "game:powderedborax" }
	},
	"width": 3,
	"height": 2,
	"output": { "type": "item", "code": "bricklayers:frit-mix-yellow", "quantity": 4 }
	}

]
