{
	"editor": {
		"allAngles": false,
		"entityTextureMode": false
	},
	"textureWidth": 16,
	"textureHeight": 16,
	"textureSizes": {
	},
	"textures": {
		"copper": "block/metal/plate/copper"
	},
	"elements": [
		{
			"name": "Cube1",
			"from": [ 7.25, 0.0, 4.75 ], 
			"to": [ 8.75, 1.0, 5.25 ], 
			"rotationOrigin": [ 8.0, 0.5, 8.0 ],
			"faces": {
				"north": { "texture": "#copper", "uv": [ 10.5, 12.5, 12.0, 13.5 ] },
				"east": { "texture": "#copper", "uv": [ 0.5, 0.5, 1.0, 1.5 ] },
				"south": { "texture": "#copper", "uv": [ 10.0, 14.5, 11.5, 15.5 ] },
				"west": { "texture": "#copper", "uv": [ 12.5, 12.5, 13.0, 13.5 ] },
				"up": { "texture": "#copper", "uv": [ 5.0, 10.5, 6.5, 11.0 ] },
				"down": { "texture": "#copper", "uv": [ 0.0, 1.0, 1.5, 1.5 ] }
			},
			"children": [
				{
					"name": "Cube2",
					"from": [ 1.5, 0.0, 0.5 ], 
					"to": [ 2.5, 1.0, 1.0 ], 
					"rotationOrigin": [ 1.5, 0.0, 0.5 ],
					"faces": {
						"north": { "texture": "#copper", "uv": [ 13.0, 11.5, 14.0, 12.5 ] },
						"east": { "texture": "#copper", "uv": [ 12.0, 9.0, 12.5, 10.0 ] },
						"south": { "texture": "#copper", "uv": [ 8.0, 5.0, 9.0, 6.0 ] },
						"west": { "texture": "#copper", "uv": [ 15.0, 5.0, 15.5, 6.0 ] },
						"up": { "texture": "#copper", "uv": [ 9.0, 14.5, 10.0, 15.0 ] },
						"down": { "texture": "#copper", "uv": [ 0.0, 14.0, 1.0, 14.5 ] }
					},
					"children": [
						{
							"name": "Cube3",
							"from": [ 1.0, 0.0, 0.5 ], 
							"to": [ 1.5, 1.0, 1.0 ], 
							"rotationOrigin": [ 1.0, 0.0, 0.5 ],
							"faces": {
								"north": { "texture": "#copper", "uv": [ 9.5, 0.5, 10.0, 1.5 ] },
								"east": { "texture": "#copper", "uv": [ 1.5, 11.5, 2.0, 12.5 ] },
								"south": { "texture": "#copper", "uv": [ 4.5, 12.5, 5.0, 13.5 ] },
								"west": { "texture": "#copper", "uv": [ 1.5, 9.5, 2.0, 10.5 ] },
								"up": { "texture": "#copper", "uv": [ 5.0, 7.5, 5.5, 8.0 ] },
								"down": { "texture": "#copper", "uv": [ 1.5, 14.0, 2.0, 14.5 ] }
							},
							"children": [
								{
									"name": "Cube4",
									"from": [ 0.5, 0.0, 0.5 ], 
									"to": [ 1.0, 1.0, 1.5 ], 
									"rotationOrigin": [ 0.5, 0.0, 0.5 ],
									"faces": {
										"north": { "texture": "#copper", "uv": [ 14.0, 4.0, 14.5, 5.0 ] },
										"east": { "texture": "#copper", "uv": [ 14.0, 10.0, 15.0, 11.0 ] },
										"south": { "texture": "#copper", "uv": [ 10.5, 9.5, 11.0, 10.5 ] },
										"west": { "texture": "#copper", "uv": [ 5.5, 3.5, 6.5, 4.5 ] },
										"up": { "texture": "#copper", "uv": [ 10.5, 2.5, 11.0, 3.5 ] },
										"down": { "texture": "#copper", "uv": [ 1.0, 13.0, 1.5, 14.0 ] }
									},
									"children": [
										{
											"name": "Cube5",
											"from": [ 0.5, 0.0, 1.0 ], 
											"to": [ 1.0, 1.0, 2.5 ], 
											"rotationOrigin": [ 0.5, 0.0, 1.0 ],
											"faces": {
												"north": { "texture": "#copper", "uv": [ 5.5, 3.5, 6.0, 4.5 ] },
												"east": { "texture": "#copper", "uv": [ 2.0, 8.0, 3.5, 9.0 ] },
												"south": { "texture": "#copper", "uv": [ 2.5, 8.5, 3.0, 9.5 ] },
												"west": { "texture": "#copper", "uv": [ 6.5, 10.5, 8.0, 11.5 ] },
												"up": { "texture": "#copper", "uv": [ 4.0, 5.0, 4.5, 6.5 ] },
												"down": { "texture": "#copper", "uv": [ 4.0, 4.0, 4.5, 5.5 ] }
											},
											"children": [
												{
													"name": "Cube6",
													"from": [ -0.5, 0.0, 1.5 ], 
													"to": [ 0.0, 1.0, 2.5 ], 
													"rotationOrigin": [ -0.5, 0.0, 1.5 ],
													"faces": {
														"north": { "texture": "#copper", "uv": [ 5.5, 7.0, 6.0, 8.0 ] },
														"east": { "texture": "#copper", "uv": [ 9.0, 6.5, 10.0, 7.5 ] },
														"south": { "texture": "#copper", "uv": [ 1.0, 12.0, 1.5, 13.0 ] },
														"west": { "texture": "#copper", "uv": [ 4.0, 4.5, 5.0, 5.5 ] },
														"up": { "texture": "#copper", "uv": [ 0.0, 14.0, 0.5, 15.0 ] },
														"down": { "texture": "#copper", "uv": [ 11.0, 1.0, 11.5, 2.0 ] }
													},
													"children": [
														{
															"name": "Cube7",
															"from": [ -0.5, 0.0, 1.0 ], 
															"to": [ 0.0, 1.0, 1.5 ], 
															"rotationOrigin": [ -0.5, 0.0, 1.0 ],
															"faces": {
																"north": { "texture": "#copper", "uv": [ 12.0, 4.5, 12.5, 5.5 ] },
																"east": { "texture": "#copper", "uv": [ 1.0, 13.0, 1.5, 14.0 ] },
																"south": { "texture": "#copper", "uv": [ 11.0, 8.5, 11.5, 9.5 ] },
																"west": { "texture": "#copper", "uv": [ 8.5, 4.0, 9.0, 5.0 ] },
																"up": { "texture": "#copper", "uv": [ 7.5, 6.5, 8.0, 7.0 ] },
																"down": { "texture": "#copper", "uv": [ 3.5, 4.5, 4.0, 5.0 ] }
															},
															"children": [
																{
																	"name": "Cube8",
																	"from": [ -1.0, 0.0, 0.5 ], 
																	"to": [ 0.0, 1.0, 1.0 ], 
																	"rotationOrigin": [ -1.0, 0.0, 0.5 ],
																	"faces": {
																		"north": { "texture": "#copper", "uv": [ 5.0, 11.5, 6.0, 12.5 ] },
																		"east": { "texture": "#copper", "uv": [ 3.5, 11.0, 4.0, 12.0 ] },
																		"south": { "texture": "#copper", "uv": [ 0.0, 5.5, 1.0, 6.5 ] },
																		"west": { "texture": "#copper", "uv": [ 3.0, 0.0, 3.5, 1.0 ] },
																		"up": { "texture": "#copper", "uv": [ 2.5, 10.5, 3.5, 11.0 ] },
																		"down": { "texture": "#copper", "uv": [ 7.0, 1.0, 8.0, 1.5 ] }
																	},
																	"children": [
																		{
																			"name": "Cube9",
																			"from": [ -1.5, 0.0, 0.5 ], 
																			"to": [ 0.0, 1.0, 1.0 ], 
																			"rotationOrigin": [ -1.5, 0.0, 0.5 ],
																			"faces": {
																				"north": { "texture": "#copper", "uv": [ 7.5, 7.5, 9.0, 8.5 ] },
																				"east": { "texture": "#copper", "uv": [ 10.0, 2.5, 10.5, 3.5 ] },
																				"south": { "texture": "#copper", "uv": [ 8.5, 11.5, 10.0, 12.5 ] },
																				"west": { "texture": "#copper", "uv": [ 12.0, 14.0, 12.5, 15.0 ] },
																				"up": { "texture": "#copper", "uv": [ 6.0, 3.0, 7.5, 3.5 ] },
																				"down": { "texture": "#copper", "uv": [ 2.5, 4.0, 4.0, 4.5 ] }
																			},
																			"children": [
																				{
																					"name": "Cube10",
																					"from": [ -1.0, 0.0, -0.5 ], 
																					"to": [ 0.0, 1.0, 0.0 ], 
																					"rotationOrigin": [ -1.0, 0.0, -0.5 ],
																					"faces": {
																						"north": { "texture": "#copper", "uv": [ 8.5, 8.5, 9.5, 9.5 ] },
																						"east": { "texture": "#copper", "uv": [ 13.5, 9.5, 14.0, 10.5 ] },
																						"south": { "texture": "#copper", "uv": [ 0.5, 5.5, 1.5, 6.5 ] },
																						"west": { "texture": "#copper", "uv": [ 5.5, 7.0, 6.0, 8.0 ] },
																						"up": { "texture": "#copper", "uv": [ 13.0, 5.5, 14.0, 6.0 ] },
																						"down": { "texture": "#copper", "uv": [ 9.5, 10.0, 10.5, 10.5 ] }
																					},
																					"children": [
																						{
																							"name": "Cube11",
																							"from": [ -0.5, 0.0, -0.5 ], 
																							"to": [ 0.0, 1.0, 0.0 ], 
																							"rotationOrigin": [ -0.5, 0.0, -0.5 ],
																							"faces": {
																								"north": { "texture": "#copper", "uv": [ 8.5, 0.0, 9.0, 1.0 ] },
																								"east": { "texture": "#copper", "uv": [ 4.5, 4.0, 5.0, 5.0 ] },
																								"south": { "texture": "#copper", "uv": [ 7.5, 13.0, 8.0, 14.0 ] },
																								"west": { "texture": "#copper", "uv": [ 8.0, 4.0, 8.5, 5.0 ] },
																								"up": { "texture": "#copper", "uv": [ 11.5, 9.0, 12.0, 9.5 ] },
																								"down": { "texture": "#copper", "uv": [ 5.5, 2.5, 6.0, 3.0 ] }
																							},
																							"children": [
																								{
																									"name": "Cube12",
																									"from": [ -0.5, 0.0, -1.0 ], 
																									"to": [ 0.0, 1.0, 0.0 ], 
																									"rotationOrigin": [ -0.5, 0.0, -1.0 ],
																									"faces": {
																										"north": { "texture": "#copper", "uv": [ 4.5, 1.5, 5.0, 2.5 ] },
																										"east": { "texture": "#copper", "uv": [ 0.5, 11.0, 1.5, 12.0 ] },
																										"south": { "texture": "#copper", "uv": [ 1.0, 2.0, 1.5, 3.0 ] },
																										"west": { "texture": "#copper", "uv": [ 3.5, 1.0, 4.5, 2.0 ] },
																										"up": { "texture": "#copper", "uv": [ 4.0, 10.5, 4.5, 11.5 ] },
																										"down": { "texture": "#copper", "uv": [ 0.5, 12.0, 1.0, 13.0 ] }
																									},
																									"children": [
																										{
																											"name": "Cube13",
																											"from": [ -0.5, 0.0, -1.5 ], 
																											"to": [ 0.0, 1.0, 0.0 ], 
																											"rotationOrigin": [ -0.5, 0.0, -1.5 ],
																											"faces": {
																												"north": { "texture": "#copper", "uv": [ 8.0, 2.5, 8.5, 3.5 ] },
																												"east": { "texture": "#copper", "uv": [ 2.5, 5.0, 4.0, 6.0 ] },
																												"south": { "texture": "#copper", "uv": [ 7.0, 8.0, 7.5, 9.0 ] },
																												"west": { "texture": "#copper", "uv": [ 11.5, 6.0, 13.0, 7.0 ] },
																												"up": { "texture": "#copper", "uv": [ 13.0, 2.5, 13.5, 4.0 ] },
																												"down": { "texture": "#copper", "uv": [ 0.0, 1.5, 0.5, 3.0 ] }
																											},
																											"children": [
																												{
																													"name": "Cube14",
																													"from": [ 0.5, 0.0, -1.0 ], 
																													"to": [ 1.0, 1.0, 0.0 ], 
																													"rotationOrigin": [ 0.5, 0.0, -1.0 ],
																													"faces": {
																														"north": { "texture": "#copper", "uv": [ 15.0, 3.5, 15.5, 4.5 ] },
																														"east": { "texture": "#copper", "uv": [ 12.5, 1.0, 13.5, 2.0 ] },
																														"south": { "texture": "#copper", "uv": [ 6.5, 12.0, 7.0, 13.0 ] },
																														"west": { "texture": "#copper", "uv": [ 8.0, 2.0, 9.0, 3.0 ] },
																														"up": { "texture": "#copper", "uv": [ 8.0, 12.0, 8.5, 13.0 ] },
																														"down": { "texture": "#copper", "uv": [ 7.5, 14.5, 8.0, 15.5 ] }
																													},
																													"children": [
																														{
																															"name": "Cube15",
																															"from": [ 0.5, 0.0, -0.5 ], 
																															"to": [ 1.0, 1.0, 0.0 ], 
																															"rotationOrigin": [ 0.5, 0.0, -0.5 ],
																															"faces": {
																																"north": { "texture": "#copper", "uv": [ 9.5, 2.5, 10.0, 3.5 ] },
																																"east": { "texture": "#copper", "uv": [ 1.5, 10.5, 2.0, 11.5 ] },
																																"south": { "texture": "#copper", "uv": [ 6.0, 12.0, 6.5, 13.0 ] },
																																"west": { "texture": "#copper", "uv": [ 11.5, 11.5, 12.0, 12.5 ] },
																																"up": { "texture": "#copper", "uv": [ 5.5, 0.5, 6.0, 1.0 ] },
																																"down": { "texture": "#copper", "uv": [ 12.0, 12.5, 12.5, 13.0 ] }
																															},
																															"children": [
																																{
																																	"name": "Cube16",
																																	"from": [ 0.5, 0.0, -0.5 ], 
																																	"to": [ 1.5, 1.0, 0.0 ], 
																																	"rotationOrigin": [ 0.5, 0.0, -0.5 ],
																																	"faces": {
																																		"north": { "texture": "#copper", "uv": [ 0.0, 12.5, 1.0, 13.5 ] },
																																		"east": { "texture": "#copper", "uv": [ 11.0, 3.0, 11.5, 4.0 ] },
																																		"south": { "texture": "#copper", "uv": [ 8.5, 0.5, 9.5, 1.5 ] },
																																		"west": { "texture": "#copper", "uv": [ 10.0, 12.0, 10.5, 13.0 ] },
																																		"up": { "texture": "#copper", "uv": [ 6.5, 7.5, 7.5, 8.0 ] },
																																		"down": { "texture": "#copper", "uv": [ 6.0, 5.5, 7.0, 6.0 ] }
																																	}
																																}
																															]
																														}
																													]
																												}
																											]
																										}
																									]
																								}
																							]
																						}
																					]
																				}
																			]
																		}
																	]
																}
															]
														}
													]
												}
											]
										}
									]
								}
							]
						}
					]
				},
				{
					"name": "Cube17",
					"from": [ 0.0, 0.2, 0.5 ], 
					"to": [ 1.5, 0.8, 6.0 ], 
					"rotationOrigin": [ 0.0, 0.2, 0.5 ],
					"faces": {
						"north": { "texture": "#copper", "uv": [ 7.5, 10.5, 9.0, 11.0 ] },
						"east": { "texture": "#copper", "uv": [ 1.5, 9.5, 7.0, 10.0 ] },
						"south": { "texture": "#copper", "uv": [ 0.5, 0.5, 2.0, 1.0 ] },
						"west": { "texture": "#copper", "uv": [ 3.5, 13.0, 9.0, 13.5 ] },
						"up": { "texture": "#copper", "uv": [ 9.0, 5.0, 10.5, 10.5 ] },
						"down": { "texture": "#copper", "uv": [ 10.5, 8.0, 12.0, 13.5 ] }
					},
					"children": [
						{
							"name": "Cube18",
							"from": [ -1.0, 0.0, 0.5 ], 
							"to": [ 0.0, 0.6, 5.0 ], 
							"rotationOrigin": [ -1.0, 0.0, 0.5 ],
							"faces": {
								"north": { "texture": "#copper", "uv": [ 2.5, 12.5, 3.5, 13.0 ] },
								"east": { "texture": "#copper", "uv": [ 7.5, 10.0, 12.0, 10.5 ] },
								"south": { "texture": "#copper", "uv": [ 2.5, 0.5, 3.5, 1.0 ] },
								"west": { "texture": "#copper", "uv": [ 6.5, 12.5, 11.0, 13.0 ] },
								"up": { "texture": "#copper", "uv": [ 9.0, 4.0, 10.0, 8.5 ] },
								"down": { "texture": "#copper", "uv": [ 12.0, 8.0, 13.0, 12.5 ] }
							},
							"children": [
								{
									"name": "Cube19",
									"from": [ -0.5, 0.0, 0.5 ], 
									"to": [ 0.0, 0.6, 4.0 ], 
									"rotationOrigin": [ -0.5, 0.0, 0.5 ],
									"faces": {
										"north": { "texture": "#copper", "uv": [ 2.5, 14.5, 3.0, 15.0 ] },
										"east": { "texture": "#copper", "uv": [ 9.5, 3.5, 13.0, 4.0 ] },
										"south": { "texture": "#copper", "uv": [ 1.5, 9.0, 2.0, 9.5 ] },
										"west": { "texture": "#copper", "uv": [ 0.0, 5.0, 3.5, 5.5 ] },
										"up": { "texture": "#copper", "uv": [ 13.5, 11.0, 14.0, 14.5 ] },
										"down": { "texture": "#copper", "uv": [ 5.0, 8.0, 5.5, 11.5 ] }
									},
									"children": [
										{
											"name": "Cube20",
											"from": [ -0.5, 0.0, 1.0 ], 
											"to": [ 0.0, 0.6, 2.5 ], 
											"rotationOrigin": [ -0.5, 0.0, 1.0 ],
											"faces": {
												"north": { "texture": "#copper", "uv": [ 4.0, 1.5, 4.5, 2.0 ] },
												"east": { "texture": "#copper", "uv": [ 6.5, 14.0, 8.0, 14.5 ] },
												"south": { "texture": "#copper", "uv": [ 0.5, 5.0, 1.0, 5.5 ] },
												"west": { "texture": "#copper", "uv": [ 13.0, 2.5, 14.5, 3.0 ] },
												"up": { "texture": "#copper", "uv": [ 7.0, 11.5, 7.5, 13.0 ] },
												"down": { "texture": "#copper", "uv": [ 11.0, 6.5, 11.5, 8.0 ] }
											}
										}
									]
								}
							]
						},
						{
							"name": "Cube21",
							"from": [ 1.5, 0.0, 0.5 ], 
							"to": [ 2.5, 0.6, 5.0 ], 
							"rotationOrigin": [ 1.5, 0.0, 0.5 ],
							"faces": {
								"north": { "texture": "#copper", "uv": [ 6.5, 1.5, 7.5, 2.0 ] },
								"east": { "texture": "#copper", "uv": [ 3.0, 8.5, 7.5, 9.0 ] },
								"south": { "texture": "#copper", "uv": [ 6.5, 7.5, 7.5, 8.0 ] },
								"west": { "texture": "#copper", "uv": [ 1.0, 9.5, 5.5, 10.0 ] },
								"up": { "texture": "#copper", "uv": [ 7.0, 4.5, 8.0, 9.0 ] },
								"down": { "texture": "#copper", "uv": [ 1.5, 0.5, 2.5, 5.0 ] }
							},
							"children": [
								{
									"name": "Cube22",
									"from": [ 1.0, 0.0, 0.5 ], 
									"to": [ 1.5, 0.6, 4.0 ], 
									"rotationOrigin": [ 1.0, 0.0, 0.5 ],
									"faces": {
										"north": { "texture": "#copper", "uv": [ 3.5, 12.5, 4.0, 13.0 ] },
										"east": { "texture": "#copper", "uv": [ 2.0, 8.5, 5.5, 9.0 ] },
										"south": { "texture": "#copper", "uv": [ 8.0, 2.5, 8.5, 3.0 ] },
										"west": { "texture": "#copper", "uv": [ 10.5, 15.0, 14.0, 15.5 ] },
										"up": { "texture": "#copper", "uv": [ 13.0, 8.5, 13.5, 12.0 ] },
										"down": { "texture": "#copper", "uv": [ 15.0, 11.5, 15.5, 15.0 ] }
									},
									"children": [
										{
											"name": "Cube23",
											"from": [ 0.5, 0.0, 1.0 ], 
											"to": [ 1.0, 0.6, 2.5 ], 
											"rotationOrigin": [ 0.5, 0.0, 1.0 ],
											"faces": {
												"north": { "texture": "#copper", "uv": [ 3.5, 4.5, 4.0, 5.0 ] },
												"east": { "texture": "#copper", "uv": [ 12.5, 8.0, 14.0, 8.5 ] },
												"south": { "texture": "#copper", "uv": [ 12.0, 11.5, 12.5, 12.0 ] },
												"west": { "texture": "#copper", "uv": [ 3.5, 5.0, 5.0, 5.5 ] },
												"up": { "texture": "#copper", "uv": [ 2.0, 6.0, 2.5, 7.5 ] },
												"down": { "texture": "#copper", "uv": [ 12.0, 12.5, 12.5, 14.0 ] }
											}
										}
									]
								}
							]
						}
					]
				},
				{
					"name": "Cube24",
					"from": [ 0.0, 0.2, 1.5 ], 
					"to": [ 1.5, 0.9, 2.0 ], 
					"rotationOrigin": [ 0.75, 0.2, 3.25 ],
					"rotationY": 45.0,
					"faces": {
						"north": { "texture": "#copper", "uv": [ 0.0, 0.0, 1.5, 0.5 ] },
						"east": { "texture": "#copper", "uv": [ 0.0, 0.0, 0.5, 0.5 ] },
						"south": { "texture": "#copper", "uv": [ 0.0, 0.0, 1.5, 0.5 ] },
						"west": { "texture": "#copper", "uv": [ 0.0, 0.0, 0.5, 0.5 ] },
						"up": { "texture": "#copper", "uv": [ 0.0, 0.0, 1.5, 0.5 ] },
						"down": { "texture": "#copper", "uv": [ 0.0, 0.0, 1.5, 0.5 ] }
					},
					"children": [
						{
							"name": "Cube25",
							"from": [ -0.7, 0.0, 0.5 ], 
							"to": [ 0.3, 0.7, 1.0 ], 
							"rotationOrigin": [ -0.7, 0.0, 0.5 ],
							"faces": {
								"north": { "texture": "#copper", "uv": [ 0.0, 0.0, 1.0, 0.5 ] },
								"east": { "texture": "#copper", "uv": [ 0.0, 0.0, 0.5, 0.5 ] },
								"south": { "texture": "#copper", "uv": [ 0.0, 0.0, 1.0, 0.5 ] },
								"west": { "texture": "#copper", "uv": [ 0.0, 0.0, 0.5, 0.5 ] },
								"up": { "texture": "#copper", "uv": [ 0.0, 0.0, 1.0, 0.5 ] },
								"down": { "texture": "#copper", "uv": [ 0.0, 0.0, 1.0, 0.5 ] }
							},
							"children": [
								{
									"name": "Cube27",
									"from": [ -0.2, 0.0, 0.5 ], 
									"to": [ 0.3, 0.7, 1.0 ], 
									"rotationOrigin": [ -0.2, 0.0, 0.5 ],
									"faces": {
										"north": { "texture": "#copper", "uv": [ 0.0, 0.0, 0.5, 0.5 ] },
										"east": { "texture": "#copper", "uv": [ 0.0, 0.0, 0.5, 0.5 ] },
										"south": { "texture": "#copper", "uv": [ 0.0, 0.0, 0.5, 0.5 ] },
										"west": { "texture": "#copper", "uv": [ 0.0, 0.0, 0.5, 0.5 ] },
										"up": { "texture": "#copper", "uv": [ 0.0, 0.0, 0.5, 0.5 ] },
										"down": { "texture": "#copper", "uv": [ 0.0, 0.0, 0.5, 0.5 ] }
									}
								}
							]
						},
						{
							"name": "Cube26",
							"from": [ 1.2, 0.0, 0.5 ], 
							"to": [ 2.2, 0.7, 1.0 ], 
							"rotationOrigin": [ 1.2, 0.0, 0.5 ],
							"faces": {
								"north": { "texture": "#copper", "uv": [ 0.0, 0.0, 1.0, 0.5 ] },
								"east": { "texture": "#copper", "uv": [ 0.0, 0.0, 0.5, 0.5 ] },
								"south": { "texture": "#copper", "uv": [ 0.0, 0.0, 1.0, 0.5 ] },
								"west": { "texture": "#copper", "uv": [ 0.0, 0.0, 0.5, 0.5 ] },
								"up": { "texture": "#copper", "uv": [ 0.0, 0.0, 1.0, 0.5 ] },
								"down": { "texture": "#copper", "uv": [ 0.0, 0.0, 1.0, 0.5 ] }
							},
							"children": [
								{
									"name": "Cube28",
									"from": [ 0.7, 0.0, 0.5 ], 
									"to": [ 1.2, 0.7, 1.0 ], 
									"rotationOrigin": [ 0.7, 0.0, 0.5 ],
									"faces": {
										"north": { "texture": "#copper", "uv": [ 0.0, 0.0, 0.5, 0.5 ] },
										"east": { "texture": "#copper", "uv": [ 0.0, 0.0, 0.5, 0.5 ] },
										"south": { "texture": "#copper", "uv": [ 0.0, 0.0, 0.5, 0.5 ] },
										"west": { "texture": "#copper", "uv": [ 0.0, 0.0, 0.5, 0.5 ] },
										"up": { "texture": "#copper", "uv": [ 0.0, 0.0, 0.5, 0.5 ] },
										"down": { "texture": "#copper", "uv": [ 0.0, 0.0, 0.5, 0.5 ] }
									}
								}
							]
						},
						{
							"name": "Cube29",
							"from": [ 0.5, -0.1, -0.2 ], 
							"to": [ 1.0, 0.7, 3.8 ], 
							"rotationOrigin": [ 0.5, -0.1, -0.2 ],
							"faces": {
								"north": { "texture": "#copper", "uv": [ 0.0, 0.0, 0.5, 0.5 ] },
								"east": { "texture": "#copper", "uv": [ 0.0, 0.0, 4.0, 0.5 ] },
								"south": { "texture": "#copper", "uv": [ 0.0, 0.0, 0.5, 0.5 ] },
								"west": { "texture": "#copper", "uv": [ 0.0, 0.0, 4.0, 0.5 ] },
								"up": { "texture": "#copper", "uv": [ 0.0, 0.0, 0.5, 4.0 ] },
								"down": { "texture": "#copper", "uv": [ 0.0, 0.0, 0.5, 4.0 ] }
							}
						},
						{
							"name": "Cube30",
							"from": [ -0.4, -0.1, 0.0 ], 
							"to": [ 2.0, 0.4, 1.0 ], 
							"rotationOrigin": [ -0.4, -0.1, 0.0 ],
							"faces": {
								"north": { "texture": "#copper", "uv": [ 0.0, 0.0, 2.0, 0.5 ] },
								"east": { "texture": "#copper", "uv": [ 0.0, 0.0, 1.0, 0.5 ] },
								"south": { "texture": "#copper", "uv": [ 0.0, 0.0, 2.0, 0.5 ] },
								"west": { "texture": "#copper", "uv": [ 0.0, 0.0, 1.0, 0.5 ] },
								"up": { "texture": "#copper", "uv": [ 0.0, 0.0, 2.0, 1.0 ] },
								"down": { "texture": "#copper", "uv": [ 0.0, 0.0, 2.0, 1.0 ] }
							}
						}
					]
				}
			]
		}
	]}