{
	"editor": {
		"allAngles": false,
		"entityTextureMode": false
	},
	"textureWidth": 16,
	"textureHeight": 16,
	"textureSizes": {
	},
	"textures": {
	},
	"elements": [
		{
			"name": "Cube1",
			"from": [ 4.0, 0.0, 6.0 ], 
			"to": [ 10.2, 1.3, 7.5 ], 
			"rotationOrigin": [ 4.0, 0.0, 6.0 ],
			"faces": {
				"north": { "texture": "#meat", "uv": [ 0.0, 1.0, 6.0, 2.0 ] },
				"east": { "texture": "#meat", "uv": [ 6.0, 2.0, 7.5, 3.0 ] },
				"south": { "texture": "#meat", "uv": [ 0.0, 0.0, 6.0, 1.0 ] },
				"west": { "texture": "#meat", "uv": [ 6.0, 3.0, 7.5, 4.0 ] },
				"up": { "texture": "#meat", "uv": [ 1.0, 1.0, 7.0, 2.5 ] },
				"down": { "texture": "#meat", "uv": [ 2.0, 0.0, 8.0, 1.5 ] }
			},
			"children": [
				{
					"name": "Cube3",
					"from": [ 0.3, 0.0, 1.5 ], 
					"to": [ 5.5, 1.1, 2.0 ], 
					"rotationOrigin": [ 0.8, 0.0, -1.0 ],
					"faces": {
						"north": { "texture": "#meat", "uv": [ 0.0, 0.0, 5.0, 1.0 ], "enabled": false },
						"east": { "texture": "#meat", "uv": [ 7.0, 2.0, 7.5, 3.0 ] },
						"south": { "texture": "#meat", "uv": [ 0.0, 0.0, 5.0, 1.0 ], "enabled": false },
						"west": { "texture": "#meat", "uv": [ 0.0, 1.0, 0.5, 2.0 ] },
						"up": { "texture": "#meat", "uv": [ 0.0, 0.5, 5.0, 1.0 ] },
						"down": { "texture": "#meat", "uv": [ 0.0, 0.0, 5.0, 0.5 ] }
					}
				},
				{
					"name": "Cube4",
					"from": [ 0.2, 0.0, 2.0 ], 
					"to": [ 5.7, 1.2, 2.5 ], 
					"rotationOrigin": [ 0.7, 0.0, -1.0 ],
					"faces": {
						"north": { "texture": "#meat", "uv": [ 0.0, 0.0, 5.5, 1.0 ] },
						"east": { "texture": "#meat", "uv": [ 7.0, 3.0, 7.5, 4.0 ] },
						"south": { "texture": "#meat", "uv": [ 1.0, 2.0, 6.5, 3.0 ] },
						"west": { "texture": "#meat", "uv": [ 7.0, 0.0, 7.5, 1.0 ] },
						"up": { "texture": "#meat", "uv": [ 0.0, 3.0, 5.5, 3.5 ] },
						"down": { "texture": "#meat", "uv": [ 0.0, 0.0, 5.5, 0.5 ] }
					}
				},
				{
					"name": "Cube5",
					"from": [ 1.0, 0.0, -0.5 ], 
					"to": [ 5.2, 1.1, 0.0 ], 
					"rotationOrigin": [ 1.0, 0.0, -1.0 ],
					"faces": {
						"north": { "texture": "#meat", "uv": [ 1.0, 3.0, 5.0, 4.0 ] },
						"east": { "texture": "#meat", "uv": [ 6.0, 3.0, 6.5, 4.0 ] },
						"south": { "texture": "#meat", "uv": [ 0.0, 0.0, 4.0, 1.0 ], "enabled": false },
						"west": { "texture": "#meat", "uv": [ 3.0, 3.0, 3.5, 4.0 ] },
						"up": { "texture": "#meat", "uv": [ 1.0, 3.0, 5.0, 3.5 ] },
						"down": { "texture": "#meat", "uv": [ 0.0, 0.0, 4.0, 0.5 ] }
					}
				},
				{
					"name": "Cube6",
					"from": [ 1.5, 0.0, -1.2 ], 
					"to": [ 4.5, 0.6, -0.5 ], 
					"rotationOrigin": [ 1.0, 0.0, -1.2 ],
					"faces": {
						"north": { "texture": "#meat", "uv": [ 0.0, 2.0, 3.0, 2.5 ] },
						"east": { "texture": "#meat", "uv": [ 0.0, 0.0, 0.5, 0.5 ] },
						"south": { "texture": "#meat", "uv": [ 0.0, 0.0, 3.0, 0.5 ], "enabled": false },
						"west": { "texture": "#meat", "uv": [ 0.0, 0.0, 0.5, 0.5 ] },
						"up": { "texture": "#meat", "uv": [ 1.0, 2.0, 4.0, 2.5 ] },
						"down": { "texture": "#meat", "uv": [ 0.0, 0.0, 3.0, 0.5 ] }
					}
				},
				{
					"name": "Cube7",
					"from": [ 1.5, 0.0, 2.5 ], 
					"to": [ 4.9, 1.0, 3.5 ], 
					"rotationOrigin": [ 1.0, 0.0, -1.0 ],
					"faces": {
						"north": { "texture": "#meat", "uv": [ 0.0, 0.0, 3.0, 1.0 ], "enabled": false },
						"east": { "texture": "#meat", "uv": [ 5.0, 1.0, 6.0, 2.0 ] },
						"south": { "texture": "#meat", "uv": [ 1.0, 3.0, 4.0, 4.0 ] },
						"west": { "texture": "#meat", "uv": [ 1.0, 3.0, 2.0, 4.0 ] },
						"up": { "texture": "#meat", "uv": [ 3.0, 3.0, 6.0, 4.0 ] },
						"down": { "texture": "#meat", "uv": [ 0.0, 0.0, 3.0, 1.0 ] }
					}
				},
				{
					"name": "Cube8",
					"from": [ 0.6, 0.0, -0.8 ], 
					"to": [ 1.5, 0.4, 0.0 ], 
					"rotationOrigin": [ 0.1, 0.0, -0.8 ],
					"faces": {
						"north": { "texture": "#meat", "uv": [ 0.0, 2.0, 0.5, 2.5 ] },
						"east": { "texture": "#meat", "uv": [ 0.0, 0.0, 0.5, 0.5 ] },
						"south": { "texture": "#meat", "uv": [ 0.0, 0.0, 0.5, 0.5 ], "enabled": false },
						"west": { "texture": "#meat", "uv": [ 0.0, 0.0, 0.5, 0.5 ] },
						"up": { "texture": "#meat", "uv": [ 1.0, 2.0, 1.5, 2.5 ] },
						"down": { "texture": "#meat", "uv": [ 0.0, 0.0, 0.5, 0.5 ] }
					}
				},
				{
					"name": "Cube9",
					"from": [ 4.5, 0.0, -0.7 ], 
					"to": [ 5.8, 0.4, 0.0 ], 
					"rotationOrigin": [ 4.0, 0.0, -0.7 ],
					"faces": {
						"north": { "texture": "#meat", "uv": [ 0.0, 2.0, 1.0, 2.5 ] },
						"east": { "texture": "#meat", "uv": [ 0.0, 0.0, 0.5, 0.5 ] },
						"south": { "texture": "#meat", "uv": [ 0.0, 0.0, 1.0, 0.5 ], "enabled": false },
						"west": { "texture": "#meat", "uv": [ 0.0, 0.0, 0.5, 0.5 ] },
						"up": { "texture": "#meat", "uv": [ 1.0, 2.0, 2.0, 2.5 ] },
						"down": { "texture": "#meat", "uv": [ 0.0, 0.0, 1.0, 0.5 ] }
					}
				}
			]
		}
	]}