{
	"editor": {
		"allAngles": false,
		"entityTextureMode": false
	},
	"textureWidth": 16,
	"textureHeight": 16,
	"textureSizes": {
	},
	"textures": {
		"ornament": "block/wood/displaycase/ornament",
		"clear": "block/wood/displaycase/clear",
		"wood": "block/wood/displaycase/wood"
	},
	"elements": [
		{
			"name": "wood",
			"from": [ 1.0, 0.0, 1.0 ], 
			"to": [ 15.0, 2.0, 15.0 ], 
			"rotationOrigin": [ 8.0, 0.0, 8.0 ],
			"faces": {
				"north": { "texture": "#wood", "uv": [ 1.0, 1.0, 15.0, 3.0 ], "rotation": 180 },
				"east": { "texture": "#wood", "uv": [ 13.5, 1.0, 15.5, 15.0 ], "rotation": 90 },
				"south": { "texture": "#wood", "uv": [ 1.5, 13.0, 15.5, 15.0 ] },
				"west": { "texture": "#wood", "uv": [ 0.5, 0.5, 2.5, 14.5 ], "rotation": 270 },
				"up": { "texture": "#wood", "uv": [ 1.0, 1.0, 15.0, 15.0 ] },
				"down": { "texture": "#wood", "uv": [ 1.0, 1.0, 15.0, 15.0 ] }
			},
			"children": [
				{
					"name": "glass",
					"from": [ 1.0, 2.0, 1.0 ], 
					"to": [ 13.0, 9.0, 13.0 ], 
					"reflective": true,
					"renderPass": 3,
					"rotationOrigin": [ 7.0, 2.0, 7.0 ],
					"faces": {
						"north": { "texture": "#clear", "uv": [ 0.0, 0.0, 12.0, 7.0 ] },
						"east": { "texture": "#clear", "uv": [ 0.0, 0.0, 12.0, 7.0 ] },
						"south": { "texture": "#clear", "uv": [ 0.0, 0.0, 12.0, 7.0 ] },
						"west": { "texture": "#clear", "uv": [ 0.0, 0.0, 12.0, 7.0 ] },
						"up": { "texture": "#clear", "uv": [ 1.5, 1.0, 13.5, 13.0 ] },
						"down": { "texture": "#clear", "uv": [ 0.0, 0.0, 12.0, 12.0 ], "enabled": false }
					}
				},
				{
					"name": "N",
					"from": [ 1.0, 2.0, 0.99 ], 
					"to": [ 13.0, 5.0, 0.99 ], 
					"renderPass": 1,
					"rotationOrigin": [ 0.0, 1.0, 0.4 ],
					"faces": {
						"north": { "texture": "#ornament", "uv": [ 2.0, 13.0, 14.0, 16.0 ] },
						"east": { "texture": "#wood", "uv": [ 6.5, 4.0, 7.0, 7.0 ], "enabled": false },
						"south": { "texture": "#wood", "uv": [ 1.0, 5.0, 13.0, 8.0 ], "enabled": false },
						"west": { "texture": "#wood", "uv": [ 2.5, 3.0, 3.0, 6.0 ], "enabled": false },
						"up": { "texture": "#wood", "uv": [ 1.0, 5.5, 13.0, 6.0 ], "enabled": false },
						"down": { "texture": "#wood", "uv": [ 1.5, 9.0, 13.5, 9.5 ], "enabled": false }
					}
				},
				{
					"name": "S",
					"from": [ 1.0, 2.0, 13.01 ], 
					"to": [ 13.0, 5.0, 13.01 ], 
					"renderPass": 1,
					"rotationOrigin": [ 0.0, 1.0, 0.1 ],
					"faces": {
						"north": { "texture": "#wood", "uv": [ 1.5, 14.0, 13.5, 17.0 ], "enabled": false },
						"east": { "texture": "#wood", "uv": [ 6.5, 4.0, 7.0, 7.0 ], "enabled": false },
						"south": { "texture": "#ornament", "uv": [ 2.0, 13.0, 14.0, 16.0 ] },
						"west": { "texture": "#wood", "uv": [ 2.5, 3.0, 3.0, 6.0 ], "enabled": false },
						"up": { "texture": "#wood", "uv": [ 1.0, 5.5, 13.0, 6.0 ], "enabled": false },
						"down": { "texture": "#wood", "uv": [ 1.5, 9.0, 13.5, 9.5 ], "enabled": false }
					}
				},
				{
					"name": "W",
					"from": [ 0.99, 2.0, 1.0 ], 
					"to": [ 0.99, 5.0, 13.0 ], 
					"renderPass": 1,
					"rotationOrigin": [ -0.1, 1.0, 0.0 ],
					"faces": {
						"north": { "texture": "#wood", "uv": [ 6.0, 9.0, 6.5, 12.0 ], "enabled": false },
						"east": { "texture": "#wood", "uv": [ 2.0, 6.0, 14.0, 9.0 ], "enabled": false },
						"south": { "texture": "#wood", "uv": [ 3.0, 5.0, 3.5, 8.0 ], "enabled": false },
						"west": { "texture": "#ornament", "uv": [ 2.0, 13.0, 14.0, 16.0 ] },
						"up": { "texture": "#wood", "uv": [ 3.5, 2.0, 15.5, 2.5 ], "rotation": 270, "enabled": false },
						"down": { "texture": "#wood", "uv": [ 4.5, 1.0, 5.0, 13.0 ], "enabled": false }
					}
				},
				{
					"name": "E",
					"from": [ 13.01, 2.0, 1.0 ], 
					"to": [ 13.01, 5.0, 13.0 ], 
					"renderPass": 1,
					"rotationOrigin": [ 0.1, 1.0, 0.0 ],
					"faces": {
						"north": { "texture": "#wood", "uv": [ 6.0, 9.0, 6.5, 12.0 ], "enabled": false },
						"east": { "texture": "#ornament", "uv": [ 2.0, 13.0, 14.0, 16.0 ] },
						"south": { "texture": "#wood", "uv": [ 3.0, 5.0, 3.5, 8.0 ], "enabled": false },
						"west": { "texture": "#wood", "uv": [ 2.5, 3.0, 14.5, 6.0 ], "enabled": false },
						"up": { "texture": "#wood", "uv": [ 3.5, 2.0, 15.5, 2.5 ], "rotation": 270, "enabled": false },
						"down": { "texture": "#wood", "uv": [ 4.5, 1.0, 5.0, 13.0 ], "enabled": false }
					}
				}
			]
		}
	]}