{
	"editor": {
		"allAngles": false,
		"entityTextureMode": false
	},
	"textureWidth": 16,
	"textureHeight": 16,
	"textureSizes": {
	},
	"textures": {
		"poles": "block/wood/trapdoor/poles",
		"wood": "block/wood/trapdoor/wood"
	},
	"elements": [
		{
			"name": "N frame",
			"from": [ 0.0, 0.0, 0.0 ], 
			"to": [ 16.0, 3.0, 3.0 ], 
			"faces": {
				"north": { "texture": "#wood", "uv": [ 0.0, 10.0, 16.0, 13.0 ] },
				"east": { "texture": "#wood", "uv": [ 0.0, 7.0, 3.0, 10.0 ] },
				"south": { "texture": "#wood", "uv": [ 0.0, 0.0, 16.0, 3.0 ] },
				"west": { "texture": "#wood", "uv": [ 3.0, 7.0, 6.0, 10.0 ] },
				"up": { "texture": "#wood", "uv": [ 0.0, 0.0, 16.0, 3.0 ] },
				"down": { "texture": "#wood", "uv": [ 0.0, 3.5, 16.0, 6.5 ] }
			},
			"children": [
				{
					"name": "S frame",
					"from": [ 0.0, 0.0, 13.0 ], 
					"to": [ 16.0, 3.0, 16.0 ], 
					"faces": {
						"north": { "texture": "#wood", "uv": [ 0.0, 13.0, 16.0, 16.0 ] },
						"east": { "texture": "#wood", "uv": [ 9.0, 7.0, 12.0, 10.0 ] },
						"south": { "texture": "#wood", "uv": [ 0.0, 13.0, 16.0, 16.0 ] },
						"west": { "texture": "#wood", "uv": [ 6.0, 7.0, 9.0, 10.0 ] },
						"up": { "texture": "#wood", "uv": [ 0.0, 13.0, 16.0, 16.0 ], "rotation": 180 },
						"down": { "texture": "#wood", "uv": [ 0.0, 3.5, 16.0, 6.5 ] }
					}
				},
				{
					"name": "W frame",
					"from": [ 0.0, 0.0, 3.0 ], 
					"to": [ 2.0, 3.0, 13.0 ], 
					"faces": {
						"north": { "texture": "#wood", "uv": [ 6.0, 13.0, 8.0, 16.0 ], "enabled": false },
						"east": { "texture": "#poles", "uv": [ 0.0, 13.0, 10.0, 16.0 ] },
						"south": { "texture": "#wood", "uv": [ 14.0, 7.0, 16.0, 10.0 ], "enabled": false },
						"west": { "texture": "#poles", "uv": [ 0.0, 10.0, 10.0, 13.0 ] },
						"up": { "texture": "#poles", "uv": [ 0.0, 8.0, 10.0, 10.0 ], "rotation": 90 },
						"down": { "texture": "#poles", "uv": [ 0.0, 0.0, 10.0, 2.0 ], "rotation": 90 }
					}
				},
				{
					"name": "E frame",
					"from": [ 14.0, 0.0, 3.0 ], 
					"to": [ 16.0, 3.0, 13.0 ], 
					"faces": {
						"north": { "texture": "#wood", "uv": [ 0.0, 7.5, 2.0, 10.5 ], "enabled": false },
						"east": { "texture": "#poles", "uv": [ 0.0, 13.0, 10.0, 16.0 ] },
						"south": { "texture": "#wood", "uv": [ 0.0, 4.0, 2.0, 7.0 ], "enabled": false },
						"west": { "texture": "#poles", "uv": [ 0.0, 10.0, 10.0, 13.0 ] },
						"up": { "texture": "#poles", "uv": [ 0.0, 3.5, 10.0, 5.5 ], "rotation": 90 },
						"down": { "texture": "#poles", "uv": [ 0.0, 5.0, 10.0, 7.0 ], "rotation": 90 }
					}
				},
				{
					"name": "Inside 1",
					"from": [ 4.0, 0.5, 3.0 ], 
					"to": [ 6.0, 2.5, 13.0 ], 
					"faces": {
						"north": { "texture": "#wood", "uv": [ 11.0, 14.0, 13.0, 16.0 ], "enabled": false },
						"east": { "texture": "#poles", "uv": [ 0.0, 5.0, 10.0, 7.0 ] },
						"south": { "texture": "#poles", "uv": [ 11.0, 7.0, 13.0, 9.0 ], "enabled": false },
						"west": { "texture": "#poles", "uv": [ 0.0, 8.0, 10.0, 10.0 ] },
						"up": { "texture": "#poles", "uv": [ 0.0, 0.0, 10.0, 2.0 ], "rotation": 90 },
						"down": { "texture": "#poles", "uv": [ 0.0, 14.0, 10.0, 16.0 ], "rotation": 90 }
					}
				},
				{
					"name": "Inside 2",
					"from": [ 7.0, 0.5, 3.0 ], 
					"to": [ 9.0, 2.5, 13.0 ], 
					"faces": {
						"north": { "texture": "#wood", "uv": [ 0.0, 8.0, 2.0, 10.0 ], "enabled": false },
						"east": { "texture": "#poles", "uv": [ 0.0, 8.0, 10.0, 10.0 ] },
						"south": { "texture": "#wood", "uv": [ 4.0, 7.0, 6.0, 9.0 ], "enabled": false },
						"west": { "texture": "#poles", "uv": [ 0.0, 6.0, 10.0, 8.0 ] },
						"up": { "texture": "#poles", "uv": [ 0.0, 8.0, 10.0, 10.0 ], "rotation": 90 },
						"down": { "texture": "#poles", "uv": [ 0.0, 8.0, 10.0, 10.0 ], "rotation": 90 }
					}
				},
				{
					"name": "Inside 3",
					"from": [ 10.0, 0.5, 3.0 ], 
					"to": [ 12.0, 2.5, 13.0 ], 
					"faces": {
						"north": { "texture": "#wood", "uv": [ 3.0, 12.0, 5.0, 14.0 ], "enabled": false },
						"east": { "texture": "#poles", "uv": [ 0.0, 5.0, 10.0, 7.0 ] },
						"south": { "texture": "#wood", "uv": [ 3.0, 6.0, 5.0, 8.0 ], "enabled": false },
						"west": { "texture": "#poles", "uv": [ 0.0, 0.0, 10.0, 2.0 ] },
						"up": { "texture": "#poles", "uv": [ 0.0, 6.0, 10.0, 8.0 ], "rotation": 90 },
						"down": { "texture": "#poles", "uv": [ 0.0, 2.0, 10.0, 4.0 ], "rotation": 90 }
					}
				},
				{
					"name": "Inside 8",
					"from": [ 24.0, 0.7, 3.0 ], 
					"to": [ 26.0, 2.2, 15.0 ], 
					"rotationOrigin": [ 17.0, 0.2, 0.0 ],
					"rotationY": -90.0,
					"faces": {
						"north": { "texture": "#wood", "uv": [ 0.0, 8.0, 2.0, 9.5 ], "enabled": false },
						"east": { "texture": "#poles", "uv": [ 0.0, 8.0, 12.0, 9.5 ] },
						"south": { "texture": "#wood", "uv": [ 4.0, 7.0, 6.0, 8.5 ], "enabled": false },
						"west": { "texture": "#poles", "uv": [ 0.0, 6.0, 12.0, 7.5 ] },
						"up": { "texture": "#poles", "uv": [ 0.0, 8.0, 12.0, 10.0 ], "rotation": 90 },
						"down": { "texture": "#poles", "uv": [ 0.0, 8.0, 12.0, 10.0 ], "rotation": 90 }
					}
				},
				{
					"name": "Inside 9",
					"from": [ 24.0, 0.7, 6.0 ], 
					"to": [ 26.0, 2.2, 18.0 ], 
					"rotationOrigin": [ 17.0, 0.2, 3.0 ],
					"rotationY": -90.0,
					"faces": {
						"north": { "texture": "#wood", "uv": [ 0.0, 8.0, 2.0, 9.5 ], "enabled": false },
						"east": { "texture": "#poles", "uv": [ 0.0, 8.0, 12.0, 9.5 ] },
						"south": { "texture": "#wood", "uv": [ 4.0, 7.0, 6.0, 8.5 ], "enabled": false },
						"west": { "texture": "#poles", "uv": [ 0.0, 6.0, 12.0, 7.5 ] },
						"up": { "texture": "#poles", "uv": [ 0.0, 8.0, 12.0, 10.0 ], "rotation": 90 },
						"down": { "texture": "#poles", "uv": [ 0.0, 8.0, 12.0, 10.0 ], "rotation": 90 }
					}
				},
				{
					"name": "Inside 10",
					"from": [ 24.0, 0.7, 0.0 ], 
					"to": [ 26.0, 2.2, 12.0 ], 
					"rotationOrigin": [ 17.0, 0.2, -3.0 ],
					"rotationY": -90.0,
					"faces": {
						"north": { "texture": "#wood", "uv": [ 0.0, 8.0, 2.0, 9.5 ], "enabled": false },
						"east": { "texture": "#poles", "uv": [ 0.0, 8.0, 12.0, 9.5 ] },
						"south": { "texture": "#wood", "uv": [ 4.0, 7.0, 6.0, 8.5 ], "enabled": false },
						"west": { "texture": "#poles", "uv": [ 0.0, 6.0, 12.0, 7.5 ] },
						"up": { "texture": "#poles", "uv": [ 0.0, 8.0, 12.0, 10.0 ], "rotation": 90 },
						"down": { "texture": "#poles", "uv": [ 0.0, 8.0, 12.0, 10.0 ], "rotation": 90 }
					}
				}
			]
		}
	]}