{
	"ingredient": { "type": "item", "code": "game:clay-*", "name": "color", "allowedVariants": [ "black", "blurple", "brown", "darkgrey", "fire", "green", "malachite", "orange", "pink", "purple", "red", "light", "yellow"] },
	"pattern": [[
		"######",
		"######",
		"######",
		"######",
		"######",
		"######"
	],
	[
		"######",
		"#____#",
		"#____#",
		"#____#",
		"#____#",
		"######"
	],
	[
		"######",
		"#____#",
		"#____#",
		"#____#",
		"#____#",
		"######"
	],
	[
		"######",
		"#____#",
		"#____#",
		"#____#",
		"#____#",
		"######"
	],
	[
		"######",
		"#____#",
		"#____#",
		"#____#",
		"#____#",
		"######"
	],
	[
		"######",
		"#____#",
		"#____#",
		"#____#",
		"#____#",
		"######"
	],
	[
		"######",
		"#____#",
		"#____#",
		"#____#",
		"#____#",
		"######"
	]],
	"name": "recipe-clayforming-colored-flowerpot",
	"output": { "type": "block", "code": "bricklayers:flowerpotcolored-raw-{color}" }
}
