{
	"editor": {
		"allAngles": false,
		"entityTextureMode": false
	},
	"textureWidth": 16,
	"textureHeight": 16,
	"textureSizes": {
	},
	"textures": {
		"sides": "block/wood/bucket/sides",
		"iron": "block/metal/ingot/iron",
		"normal1": "block/cloth/linen/normal1",
		"inner side": "block/wood/bucket/inner side"
	},
	"elements": [
		{
			"name": "Floor",
			"from": [ 5.0, 0.0, 5.0 ], 
			"to": [ 11.0, 1.0, 11.0 ], 
			"faces": {
				"north": { "texture": "#generic wood", "uv": [ 0.0, 0.0, 6.0, 1.0 ], "enabled": false },
				"east": { "texture": "#generic wood", "uv": [ 0.0, 0.0, 6.0, 1.0 ], "enabled": false },
				"south": { "texture": "#generic wood", "uv": [ 0.0, 0.0, 6.0, 1.0 ], "enabled": false },
				"west": { "texture": "#sides", "uv": [ 0.0, 0.0, 6.0, 1.0 ], "enabled": false },
				"up": { "texture": "#sides", "uv": [ 0.0, 10.0, 6.0, 16.0 ] },
				"down": { "texture": "#inner side", "uv": [ 10.0, 10.0, 16.0, 16.0 ] }
			},
			"children": [
				{
					"name": "N",
					"from": [ -1.0, 0.0, -1.0 ], 
					"to": [ 7.0, 9.0, 0.0 ], 
					"faces": {
						"north": { "texture": "#inner side", "uv": [ 2.0, 7.0, 10.0, 16.0 ] },
						"east": { "texture": "#inner side", "uv": [ 7.0, 0.0, 8.0, 9.0 ] },
						"south": { "texture": "#inner side", "uv": [ 0.5, 1.5, 8.5, 10.5 ] },
						"west": { "texture": "#inner side", "uv": [ 8.0, 0.0, 9.0, 9.0 ] },
						"up": { "texture": "#inner side", "uv": [ 0.0, 9.0, 8.0, 10.0 ] },
						"down": { "texture": "#inner side", "uv": [ 0.0, 0.0, 8.0, 1.0 ] }
					},
					"children": [
						{
							"name": "ReinforcementN",
							"from": [ -0.1, 7.0, -0.2 ], 
							"to": [ 8.2, 8.0, 0.2 ], 
							"rotationOrigin": [ -0.1, 7.0, -0.2 ],
							"faces": {
								"north": { "texture": "#iron", "uv": [ 0.0, 0.0, 8.0, 1.0 ] },
								"east": { "texture": "#iron", "uv": [ 0.0, 0.0, 0.5, 1.0 ] },
								"south": { "texture": "#iron", "uv": [ 0.0, 0.0, 8.0, 1.0 ] },
								"west": { "texture": "#iron", "uv": [ 0.0, 0.0, 0.5, 1.0 ] },
								"up": { "texture": "#iron", "uv": [ 0.0, 0.0, 8.0, 0.5 ] },
								"down": { "texture": "#iron", "uv": [ 0.0, 0.0, 8.0, 0.5 ] }
							}
						},
						{
							"name": "ReinforcementN2",
							"from": [ -0.1, 2.0, -0.2 ], 
							"to": [ 8.2, 3.0, 0.2 ], 
							"rotationOrigin": [ -0.1, 2.0, -0.2 ],
							"faces": {
								"north": { "texture": "#iron", "uv": [ 0.0, 0.0, 8.0, 1.0 ] },
								"east": { "texture": "#iron", "uv": [ 0.0, 0.0, 0.5, 1.0 ] },
								"south": { "texture": "#iron", "uv": [ 0.0, 0.0, 8.0, 1.0 ] },
								"west": { "texture": "#iron", "uv": [ 0.0, 0.0, 0.5, 1.0 ] },
								"up": { "texture": "#iron", "uv": [ 0.0, 0.0, 8.0, 0.5 ] },
								"down": { "texture": "#iron", "uv": [ 0.0, 0.0, 8.0, 0.5 ] }
							}
						}
					]
				},
				{
					"name": "S",
					"from": [ -1.0, 0.0, 6.0 ], 
					"to": [ 7.0, 9.0, 7.0 ], 
					"faces": {
						"north": { "texture": "#inner side", "uv": [ 0.0, 0.0, 8.0, 9.0 ] },
						"east": { "texture": "#inner side", "uv": [ 0.0, 0.0, 1.0, 9.0 ] },
						"south": { "texture": "#inner side", "uv": [ 0.0, 0.0, 8.0, 9.0 ] },
						"west": { "texture": "#inner side", "uv": [ 15.0, 0.0, 16.0, 9.0 ] },
						"up": { "texture": "#inner side", "uv": [ 0.0, 9.0, 8.0, 10.0 ], "rotation": 180 },
						"down": { "texture": "#inner side", "uv": [ 7.0, 12.0, 15.0, 13.0 ] }
					},
					"children": [
						{
							"name": "ReinforcementS",
							"from": [ -0.1, 7.0, 0.8 ], 
							"to": [ 8.2, 8.0, 1.2 ], 
							"rotationOrigin": [ -0.1, 7.0, 0.8 ],
							"faces": {
								"north": { "texture": "#iron", "uv": [ 0.0, 0.0, 8.0, 1.0 ] },
								"east": { "texture": "#iron", "uv": [ 0.0, 0.0, 0.5, 1.0 ] },
								"south": { "texture": "#iron", "uv": [ 0.0, 0.0, 8.0, 1.0 ] },
								"west": { "texture": "#iron", "uv": [ 0.0, 0.0, 0.5, 1.0 ] },
								"up": { "texture": "#iron", "uv": [ 0.0, 0.0, 8.0, 0.5 ] },
								"down": { "texture": "#iron", "uv": [ 0.0, 0.0, 8.0, 0.5 ] }
							}
						},
						{
							"name": "ReinforcementS2",
							"from": [ -0.1, 2.0, 0.8 ], 
							"to": [ 8.2, 3.0, 1.2 ], 
							"rotationOrigin": [ -0.1, 2.0, 0.8 ],
							"faces": {
								"north": { "texture": "#iron", "uv": [ 0.0, 0.0, 8.0, 1.0 ] },
								"east": { "texture": "#iron", "uv": [ 0.0, 0.0, 0.5, 1.0 ] },
								"south": { "texture": "#iron", "uv": [ 0.0, 0.0, 8.0, 1.0 ] },
								"west": { "texture": "#iron", "uv": [ 0.0, 0.0, 0.5, 1.0 ] },
								"up": { "texture": "#iron", "uv": [ 0.0, 0.0, 8.0, 0.5 ] },
								"down": { "texture": "#iron", "uv": [ 0.0, 0.0, 8.0, 0.5 ] }
							}
						}
					]
				},
				{
					"name": "W",
					"from": [ -1.0, 0.0, 0.0 ], 
					"to": [ 0.0, 9.0, 6.0 ], 
					"faces": {
						"north": { "texture": "#sides", "uv": [ 0.0, 0.0, 1.0, 9.0 ], "enabled": false },
						"east": { "texture": "#inner side", "uv": [ 8.0, 4.0, 14.0, 13.0 ] },
						"south": { "texture": "#sides", "uv": [ 0.0, 0.0, 1.0, 9.0 ], "enabled": false },
						"west": { "texture": "#inner side", "uv": [ 8.5, 2.0, 14.5, 11.0 ] },
						"up": { "texture": "#inner side", "uv": [ 1.0, 9.0, 7.0, 10.0 ], "rotation": 270 },
						"down": { "texture": "#inner side", "uv": [ 8.0, 10.0, 9.0, 16.0 ] }
					},
					"children": [
						{
							"name": "W handle",
							"from": [ -0.1, 9.6, 1.5 ], 
							"to": [ 1.1, 10.2, 4.5 ], 
							"rotationOrigin": [ -0.1, 0.6, 0.0 ],
							"faces": {
								"north": { "texture": "#iron", "uv": [ 11.0, 14.0, 11.5, 15.0 ], "rotation": 90 },
								"east": { "texture": "#iron", "uv": [ 13.0, 10.0, 16.0, 10.5 ] },
								"south": { "texture": "#iron", "uv": [ 15.0, 14.0, 15.5, 15.0 ], "rotation": 270 },
								"west": { "texture": "#iron", "uv": [ 13.0, 10.0, 16.0, 10.5 ] },
								"up": { "texture": "#iron", "uv": [ 12.0, 14.0, 15.0, 15.0 ], "rotation": 270 },
								"down": { "texture": "#sides", "uv": [ 0.0, 0.0, 1.0, 3.0 ], "enabled": false }
							}
						},
						{
							"name": "ReinforcementW",
							"from": [ -0.1, 7.0, -1.2 ], 
							"to": [ 0.2, 8.0, 7.1 ], 
							"rotationOrigin": [ -0.1, 7.0, -1.2 ],
							"faces": {
								"north": { "texture": "#iron", "uv": [ 0.0, 0.0, 0.5, 1.0 ] },
								"east": { "texture": "#iron", "uv": [ 0.0, 0.0, 8.0, 1.0 ] },
								"south": { "texture": "#iron", "uv": [ 0.0, 0.0, 0.5, 1.0 ] },
								"west": { "texture": "#iron", "uv": [ 0.0, 0.0, 8.0, 1.0 ] },
								"up": { "texture": "#iron", "uv": [ 0.0, 0.0, 0.5, 8.0 ] },
								"down": { "texture": "#iron", "uv": [ 0.0, 0.0, 0.5, 8.0 ] }
							}
						},
						{
							"name": "ReinforcementW2",
							"from": [ -0.1, 2.0, -1.2 ], 
							"to": [ 0.2, 3.0, 7.1 ], 
							"rotationOrigin": [ -0.1, 2.0, -1.2 ],
							"faces": {
								"north": { "texture": "#iron", "uv": [ 0.0, 0.0, 0.5, 1.0 ] },
								"east": { "texture": "#iron", "uv": [ 0.0, 0.0, 8.0, 1.0 ] },
								"south": { "texture": "#iron", "uv": [ 0.0, 0.0, 0.5, 1.0 ] },
								"west": { "texture": "#iron", "uv": [ 0.0, 0.0, 8.0, 1.0 ] },
								"up": { "texture": "#iron", "uv": [ 0.0, 0.0, 0.5, 8.0 ] },
								"down": { "texture": "#iron", "uv": [ 0.0, 0.0, 0.5, 8.0 ] }
							}
						},
						{
							"name": "W handle2",
							"from": [ -0.1, 9.0, 1.2 ], 
							"to": [ 1.1, 9.6, 2.2 ], 
							"rotationOrigin": [ -0.1, 0.0, -0.3 ],
							"faces": {
								"north": { "texture": "#iron", "uv": [ 12.5, 12.0, 13.0, 13.0 ], "rotation": 90 },
								"east": { "texture": "#iron", "uv": [ 13.5, 8.5, 14.5, 9.0 ] },
								"south": { "texture": "#iron", "uv": [ 13.5, 12.5, 14.0, 13.5 ], "rotation": 270 },
								"west": { "texture": "#iron", "uv": [ 13.0, 9.5, 14.0, 10.0 ] },
								"up": { "texture": "#iron", "uv": [ 13.0, 8.5, 14.0, 9.5 ], "rotation": 270 },
								"down": { "texture": "#sides", "uv": [ 0.0, 0.0, 1.0, 1.0 ], "enabled": false }
							}
						},
						{
							"name": "W handle20",
							"from": [ -0.1, 9.0, 3.8 ], 
							"to": [ 1.1, 9.6, 4.8 ], 
							"rotationOrigin": [ -0.1, 0.0, 2.3 ],
							"faces": {
								"north": { "texture": "#iron", "uv": [ 9.5, 12.5, 10.0, 13.5 ], "rotation": 90 },
								"east": { "texture": "#iron", "uv": [ 12.0, 9.0, 13.0, 9.5 ] },
								"south": { "texture": "#iron", "uv": [ 14.0, 13.0, 14.5, 14.0 ], "rotation": 270 },
								"west": { "texture": "#iron", "uv": [ 12.5, 9.0, 13.5, 9.5 ] },
								"up": { "texture": "#iron", "uv": [ 12.0, 10.5, 13.0, 11.5 ], "rotation": 270 },
								"down": { "texture": "#sides", "uv": [ 0.0, 0.0, 1.0, 1.0 ], "enabled": false }
							}
						}
					]
				},
				{
					"name": "E",
					"from": [ 6.0, 0.0, 0.0 ], 
					"to": [ 7.0, 9.0, 6.0 ], 
					"faces": {
						"north": { "texture": "#sides", "uv": [ 0.0, 0.0, 1.0, 9.0 ], "enabled": false },
						"east": { "texture": "#inner side", "uv": [ 8.5, 2.5, 14.5, 11.5 ] },
						"south": { "texture": "#sides", "uv": [ 0.0, 0.0, 1.0, 9.0 ], "enabled": false },
						"west": { "texture": "#inner side", "uv": [ 9.0, 2.0, 15.0, 11.0 ] },
						"up": { "texture": "#inner side", "uv": [ 0.0, 9.0, 6.0, 10.0 ], "rotation": 90 },
						"down": { "texture": "#inner side", "uv": [ 8.0, 10.0, 9.0, 16.0 ] }
					},
					"children": [
						{
							"name": "E handle",
							"from": [ -0.1, 9.6, 1.5 ], 
							"to": [ 1.1, 10.2, 4.5 ], 
							"rotationOrigin": [ -0.1, 0.6, 0.0 ],
							"faces": {
								"north": { "texture": "#iron", "uv": [ 15.0, 14.0, 15.5, 15.0 ], "rotation": 270 },
								"east": { "texture": "#iron", "uv": [ 13.0, 10.0, 16.0, 10.5 ] },
								"south": { "texture": "#iron", "uv": [ 11.0, 14.0, 11.5, 15.0 ], "rotation": 90 },
								"west": { "texture": "#iron", "uv": [ 13.0, 10.0, 16.0, 10.5 ] },
								"up": { "texture": "#iron", "uv": [ 12.0, 14.0, 15.0, 15.0 ], "rotation": 90 },
								"down": { "texture": "#sides", "uv": [ 0.0, 0.0, 1.0, 3.0 ], "enabled": false }
							}
						},
						{
							"name": "ReinforcementE",
							"from": [ 0.9, 7.0, -1.2 ], 
							"to": [ 1.2, 8.0, 7.1 ], 
							"rotationOrigin": [ 0.9, 7.0, -1.2 ],
							"faces": {
								"north": { "texture": "#iron", "uv": [ 0.0, 0.0, 0.5, 1.0 ] },
								"east": { "texture": "#iron", "uv": [ 0.0, 0.0, 8.0, 1.0 ] },
								"south": { "texture": "#iron", "uv": [ 0.0, 0.0, 0.5, 1.0 ] },
								"west": { "texture": "#iron", "uv": [ 0.0, 0.0, 8.0, 1.0 ] },
								"up": { "texture": "#iron", "uv": [ 0.0, 0.0, 0.5, 8.0 ] },
								"down": { "texture": "#iron", "uv": [ 0.0, 0.0, 0.5, 8.0 ] }
							}
						},
						{
							"name": "ReinforcementE2",
							"from": [ 0.9, 2.0, -1.2 ], 
							"to": [ 1.2, 3.0, 7.1 ], 
							"rotationOrigin": [ 0.9, 2.0, -1.2 ],
							"faces": {
								"north": { "texture": "#iron", "uv": [ 0.0, 0.0, 0.5, 1.0 ] },
								"east": { "texture": "#iron", "uv": [ 0.0, 0.0, 8.0, 1.0 ] },
								"south": { "texture": "#iron", "uv": [ 0.0, 0.0, 0.5, 1.0 ] },
								"west": { "texture": "#iron", "uv": [ 0.0, 0.0, 8.0, 1.0 ] },
								"up": { "texture": "#iron", "uv": [ 0.0, 0.0, 0.5, 8.0 ] },
								"down": { "texture": "#iron", "uv": [ 0.0, 0.0, 0.5, 8.0 ] }
							}
						},
						{
							"name": "E handle2",
							"from": [ -0.1, 9.0, 1.2 ], 
							"to": [ 1.1, 9.6, 2.2 ], 
							"rotationOrigin": [ -0.1, 0.0, -0.3 ],
							"faces": {
								"north": { "texture": "#iron", "uv": [ 13.5, 12.5, 14.0, 13.5 ], "rotation": 270 },
								"east": { "texture": "#iron", "uv": [ 12.5, 9.0, 13.5, 9.5 ] },
								"south": { "texture": "#iron", "uv": [ 11.0, 13.0, 11.5, 14.0 ], "rotation": 90 },
								"west": { "texture": "#iron", "uv": [ 12.0, 8.5, 13.0, 9.0 ] },
								"up": { "texture": "#iron", "uv": [ 11.0, 7.5, 12.0, 8.5 ], "rotation": 90 },
								"down": { "texture": "#sides", "uv": [ 0.0, 0.0, 1.0, 1.0 ], "enabled": false }
							}
						},
						{
							"name": "E handle3",
							"from": [ -0.1, 9.0, 3.8 ], 
							"to": [ 1.1, 9.6, 4.8 ], 
							"rotationOrigin": [ -0.1, 0.0, 2.3 ],
							"faces": {
								"north": { "texture": "#iron", "uv": [ 13.0, 12.0, 13.5, 13.0 ], "rotation": 270 },
								"east": { "texture": "#iron", "uv": [ 12.0, 9.0, 13.0, 9.5 ] },
								"south": { "texture": "#iron", "uv": [ 11.5, 11.0, 12.0, 12.0 ], "rotation": 90 },
								"west": { "texture": "#iron", "uv": [ 13.0, 8.5, 14.0, 9.0 ] },
								"up": { "texture": "#iron", "uv": [ 11.5, 12.0, 12.5, 13.0 ], "rotation": 90 },
								"down": { "texture": "#sides", "uv": [ 0.0, 0.0, 1.0, 1.0 ], "enabled": false }
							}
						}
					]
				},
				{
					"name": "string",
					"from": [ 0.0, 10.5, 2.5 ], 
					"to": [ 6.0, 11.5, 3.5 ], 
					"faces": {
						"north": { "texture": "#normal1", "uv": [ 3.0, 6.0, 9.0, 7.0 ] },
						"east": { "texture": "#normal1", "uv": [ 3.0, 2.0, 4.0, 3.0 ] },
						"south": { "texture": "#normal1", "uv": [ 6.0, 1.0, 12.0, 2.0 ] },
						"west": { "texture": "#normal1", "uv": [ 3.0, 5.0, 4.0, 6.0 ] },
						"up": { "texture": "#normal1", "uv": [ 7.0, 3.0, 13.0, 4.0 ] },
						"down": { "texture": "#normal1", "uv": [ 3.0, 6.0, 9.0, 7.0 ] }
					}
				},
				{
					"name": "string W",
					"from": [ -1.0, 10.0, 2.5 ], 
					"to": [ 0.0, 11.0, 3.5 ], 
					"faces": {
						"north": { "texture": "#normal1", "uv": [ 3.0, 6.0, 4.0, 7.0 ] },
						"east": { "texture": "#normal1", "uv": [ 3.0, 2.0, 4.0, 3.0 ] },
						"south": { "texture": "#normal1", "uv": [ 6.0, 1.0, 7.0, 2.0 ] },
						"west": { "texture": "#normal1", "uv": [ 3.0, 5.0, 4.0, 6.0 ] },
						"up": { "texture": "#normal1", "uv": [ 7.0, 3.0, 8.0, 4.0 ] },
						"down": { "texture": "#normal1", "uv": [ 3.0, 6.0, 4.0, 7.0 ], "enabled": false }
					}
				},
				{
					"name": "string E",
					"from": [ 6.0, 10.0, 2.5 ], 
					"to": [ 7.0, 11.0, 3.5 ], 
					"faces": {
						"north": { "texture": "#normal1", "uv": [ 3.0, 6.0, 4.0, 7.0 ] },
						"east": { "texture": "#normal1", "uv": [ 3.0, 2.0, 4.0, 3.0 ] },
						"south": { "texture": "#normal1", "uv": [ 6.0, 1.0, 7.0, 2.0 ] },
						"west": { "texture": "#normal1", "uv": [ 3.0, 5.0, 4.0, 6.0 ] },
						"up": { "texture": "#normal1", "uv": [ 7.0, 3.0, 8.0, 4.0 ] },
						"down": { "texture": "#normal1", "uv": [ 3.0, 6.0, 4.0, 7.0 ], "enabled": false }
					}
				}
			]
		},
		{
			"name": "Floor",
			"from": [ 5.0, 0.0, 5.0 ], 
			"to": [ 11.0, 1.0, 11.0 ], 
			"faces": {
				"north": { "texture": "#generic wood", "uv": [ 0.0, 0.0, 6.0, 1.0 ], "enabled": false },
				"east": { "texture": "#generic wood", "uv": [ 0.0, 0.0, 6.0, 1.0 ], "enabled": false },
				"south": { "texture": "#generic wood", "uv": [ 0.0, 0.0, 6.0, 1.0 ], "enabled": false },
				"west": { "texture": "#sides", "uv": [ 0.0, 0.0, 6.0, 1.0 ], "enabled": false },
				"up": { "texture": "#sides", "uv": [ 0.0, 10.0, 6.0, 16.0 ], "enabled": false },
				"down": { "texture": "#inner side", "uv": [ 10.0, 10.0, 16.0, 16.0 ], "enabled": false }
			},
			"children": [
				{
					"name": "contents",
					"from": [ 0.0, 7.0, 0.0 ], 
					"to": [ 6.0, 8.0, 6.0 ], 
					"renderPass": 4,
					"rotationOrigin": [ 0.0, 7.0, 0.0 ],
					"faces": {
						"north": { "texture": "#null", "uv": [ 0.0, 0.0, 6.0, 1.0 ], "enabled": false },
						"east": { "texture": "#null", "uv": [ 0.0, 0.0, 6.0, 1.0 ], "enabled": false },
						"south": { "texture": "#null", "uv": [ 0.0, 0.0, 6.0, 1.0 ], "enabled": false },
						"west": { "texture": "#null", "uv": [ 0.0, 0.0, 6.0, 1.0 ], "enabled": false },
						"up": { "texture": "#water_bucket", "uv": [ 7.0, 7.0, 13.0, 13.0 ] },
						"down": { "texture": "#null", "uv": [ 0.0, 0.0, 6.0, 6.0 ], "enabled": false }
					}
				}
			]
		}
	]}