{
	"editor": {
		"allAngles": false,
		"singleTexture": false
	},
	"textureWidth": 16,
	"textureHeight": 16,
	"textures": {
		"0": "block/wood/door/bottom_left"
	},
	"elements": [
		{
			"name": "Leftframe",
			"from": [ 0.0, 0.0, 0.0 ], 
			"to": [ 2.0, 16.0, 2.0 ], 
			"faces": {
				"north": { "texture": "#0", "uv": [ 14.0, 0.0, 16.0, 16.0 ] },
				"east": { "texture": "#0", "uv": [ 14.0, 0.0, 16.0, 16.0 ] },
				"south": { "texture": "#0", "uv": [ 14.0, 0.0, 16.0, 16.0 ] },
				"west": { "texture": "#0", "uv": [ 14.0, 0.0, 16.0, 16.0 ] },
				"up": { "texture": "#0", "uv": [ 0.0, 0.0, 2.0, 2.0 ] },
				"down": { "texture": "#0", "uv": [ 0.0, 0.0, 2.0, 2.0 ] }
			}
		},
		{
			"name": "Rightframe",
			"from": [ 0.0, 0.0, 14.0 ], 
			"to": [ 2.0, 16.0, 16.0 ], 
			"faces": {
				"north": { "texture": "#0", "uv": [ 14.0, 0.0, 16.0, 16.0 ], "autoUv": false },
				"east": { "texture": "#0", "uv": [ 0.0, 0.0, 2.0, 16.0 ] },
				"south": { "texture": "#0", "uv": [ 2.0, 0.0, 0.0, 16.0 ], "autoUv": false },
				"west": { "texture": "#0", "uv": [ 14.0, 0.0, 16.0, 16.0 ] },
				"up": { "texture": "#0", "uv": [ 0.0, 0.0, 2.0, 2.0 ] },
				"down": { "texture": "#0", "uv": [ 0.0, 0.0, 2.0, 2.0 ] }
			}
		},
		{
			"name": "Lower door inest",
			"from": [ 0.5, 3.0, 2.0 ], 
			"to": [ 1.5, 15.0, 14.0 ], 
			"faces": {
				"north": { "texture": "#0", "uv": [ 0.0, 1.0, 1.0, 13.0 ] },
				"east": { "texture": "#0", "uv": [ 2.0, 1.0, 14.0, 13.0 ] },
				"south": { "texture": "#0", "uv": [ 0.0, 0.0, 1.0, 12.0 ] },
				"west": { "texture": "#0", "uv": [ 2.0, 1.0, 14.0, 13.0 ] },
				"up": { "texture": "#0", "uv": [ 0.0, 0.0, 1.0, 12.0 ] },
				"down": { "texture": "#0", "uv": [ 0.0, 0.0, 1.0, 12.0 ] }
			}
		},
		{
			"name": "LowerPart",
			"from": [ 0.0, 0.0, 2.0 ], 
			"to": [ 2.0, 3.0, 14.0 ], 
			"faces": {
				"north": { "texture": "#0", "uv": [ 2.0, 0.0, 0.0, 3.0 ] },
				"east": { "texture": "#0", "uv": [ 14.0, 13.0, 2.0, 16.0 ] },
				"south": { "texture": "#0", "uv": [ 0.0, 0.0, -32.0, 3.0 ] },
				"west": { "texture": "#0", "uv": [ 14.0, 13.0, 2.0, 16.0 ] },
				"up": { "texture": "#0", "uv": [ 14.0, 2.0, 16.0, 14.0 ] },
				"down": { "texture": "#0", "uv": [ 14.0, 1.0, 16.0, 13.0 ] }
			}
		},
		{
			"name": "UpperPart",
			"from": [ 0.0, 15.0, 2.0 ], 
			"to": [ 2.0, 16.0, 14.0 ], 
			"faces": {
				"north": { "texture": "#0", "uv": [ 0.0, 0.0, 2.0, 1.0 ] },
				"east": { "texture": "#0", "uv": [ 2.0, 0.0, 14.0, 1.0 ] },
				"south": { "texture": "#0", "uv": [ 0.0, 0.0, 2.0, 1.0 ] },
				"west": { "texture": "#0", "uv": [ 14.0, 0.0, 2.0, 1.0 ] },
				"up": { "texture": "#0", "uv": [ 14.0, 0.0, 16.0, 12.0 ] },
				"down": { "texture": "#0", "uv": [ 14.0, 0.0, 16.0, 12.0 ] }
			}
		},
		{
			"name": "Knob",
			"from": [ -1.0, 15.5, 2.0 ], 
			"to": [ 3.0, 16.0, 4.0 ], 
			"faces": {
				"north": { "texture": "#0", "uv": [ 0.0, 0.0, 4.0, 0.5 ] },
				"east": { "texture": "#0", "uv": [ 12.0, 0.0, 14.0, 0.5 ] },
				"south": { "texture": "#0", "uv": [ 0.0, 0.0, 4.0, 0.5 ] },
				"west": { "texture": "#0", "uv": [ 12.0, 0.0, 14.0, 0.5 ] },
				"up": { "texture": "#0", "uv": [ 3.0, 3.0, 7.0, 5.0 ] },
				"down": { "texture": "#0", "uv": [ 6.0, 4.0, 10.0, 6.0 ] }
			}
		}
	]}