{
    "textures": {
        "0": "block/wood/door/bottom_left",
        "1": "block/wood/door/top_left"
    },
    "elements": [
        {
            "name": "Leftframe",
            "from": [ 0.0, 0.0, 7.0 ], 
            "to": [ 2.0, 16.0, 9.0 ], 
            "faces": {
                "north": { "texture": "#0", "uv": [ 0.0, 0.0, 2.0, 16.0 ] },
                "east": { "texture": "#0", "uv": [ 14.0, 0.0, 16.0, 16.0 ] },
                "south": { "texture": "#0", "uv": [ 2.0, 0.0, 0.0, 16.0 ] },
                "west": { "texture": "#0", "uv": [ 14.0, 0.0, 16.0, 16.0 ] },
                "up": { "texture": "#0", "uv": [ 0.0, 0.0, 2.0, 2.0 ] },
                "down": { "texture": "#0", "uv": [ 0.0, 0.0, 14.0, 3.0 ] }
            }
        },
        {
            "name": "Rightframe",
            "from": [ 14.0, 0.0, 7.0 ], 
            "to": [ 16.0, 16.0, 9.0 ], 
            "faces": {
                "north": { "texture": "#0", "uv": [ 16.0, 0.0, 14.0, 16.0 ] },
                "east": { "texture": "#0", "uv": [ 14.0, 0.0, 16.0, 16.0 ] },
                "south": { "texture": "#0", "uv": [ 14.0, 0.0, 16.0, 16.0 ] },
                "west": { "texture": "#0", "uv": [ 14.0, 0.0, 16.0, 16.0 ] },
                "up": { "texture": "#0", "uv": [ 0.0, 0.0, 2.0, 2.0 ] },
                "down": { "texture": "#0", "uv": [ 0.0, 0.0, 2.0, 2.0 ] }
            }
        },
        {
            "name": "Lower door inset",
            "from": [ 2.0, 3.0, 7.5 ], 
            "to": [ 14.0, 15.0, 8.5 ], 
            "faces": {
                "north": { "texture": "#0", "uv": [ 2.0, 1.0, 14.0, 13.0 ] },
                "east": { "texture": "#0", "uv": [ 14.0, 1.0, 16.0, 13.0 ] },
                "south": { "texture": "#0", "uv": [ 2.0, 1.0, 14.0, 13.0 ] },
                "west": { "texture": "#0", "uv": [ 0.0, 0.0, 2.0, 4.0 ] },
                "up": { "texture": "#0", "uv": [ 0.0, 0.0, 16.0, 2.0 ] },
                "down": { "texture": "#0", "uv": [ 0.0, 0.0, 16.0, 2.0 ] }
            }
        },
        {
            "name": "Knob",
            "from": [ 12.0, 15.5, 6.0 ], 
            "to": [ 14.0, 16.0, 10.0 ], 
            "faces": {
                "north": { "texture": "#0", "uv": [ 11.0, 0.0, 14.0, 0.5 ] },
                "east": { "texture": "#0", "uv": [ 5.0, 6.0, 9.0, 8.0 ] },
                "south": { "texture": "#0", "uv": [ 11.0, 0.0, 14.0, 0.5 ] },
                "west": { "texture": "#0", "uv": [ 6.0, 6.0, 10.0, 8.0 ] },
                "up": { "texture": "#0", "uv": [ 5.0, 3.0, 7.0, 7.0 ] },
                "down": { "texture": "#0", "uv": [ 6.0, 3.0, 8.0, 6.0 ] }
            }
        },
        {
            "name": "LowerPart",
            "from": [ 2.0, 0.0, 7.0 ], 
            "to": [ 14.0, 3.0, 9.0 ], 
            "faces": {
                "north": { "texture": "#0", "uv": [ 2.0, 13.0, 14.0, 16.0 ] },
                "east": { "texture": "#0", "uv": [ 0.0, 0.0, 2.0, 3.0 ] },
                "south": { "texture": "#0", "uv": [ 2.0, 13.0, 14.0, 16.0 ] },
                "west": { "texture": "#0", "uv": [ 0.0, 1.0, 2.0, 4.0 ] },
                "up": { "texture": "#0", "uv": [ 3.0, 13.0, 15.0, 15.0 ] },
                "down": { "texture": "#0", "uv": [ 3.0, 13.0, 15.0, 15.0 ] }
            }
        },
        {
            "name": "UpperPart",
            "from": [ 2.0, 15.0, 7.0 ], 
            "to": [ 14.0, 16.0, 9.0 ], 
            "faces": {
                "north": { "texture": "#0", "uv": [ 2.0, 0.0, 14.0, 1.0 ] },
                "east": { "texture": "#0", "uv": [ 0.0, 0.0, 2.0, 1.0 ] },
                "south": { "texture": "#0", "uv": [ 14.0, 0.0, 2.0, 1.0 ] },
                "west": { "texture": "#0", "uv": [ 0.0, 0.0, 2.0, 1.0 ] },
                "up": { "texture": "#0", "uv": [ 2.0, 4.0, 14.0, 6.0 ] },
                "down": { "texture": "#0", "uv": [ 1.0, 0.0, 13.0, 2.0 ] }
            }
        },
        {
            "name": "Leftframe",
            "from": [ 0.0, 16.0, 7.0 ], 
            "to": [ 2.0, 32.0, 9.0 ], 
            "faces": {
                "north": { "texture": "#1", "uv": [ 0.0, 0.0, 2.0, 16.0 ] },
                "east": { "texture": "#1", "uv": [ 14.0, 0.0, 16.0, 16.0 ] },
                "south": { "texture": "#1", "uv": [ 2.0, 0.0, 0.0, 16.0 ] },
                "west": { "texture": "#1", "uv": [ 14.0, 0.0, 16.0, 16.0 ] },
                "up": { "texture": "#1", "uv": [ 0.0, 0.0, 2.0, 2.0 ] },
                "down": { "texture": "#1", "uv": [ 0.0, 0.0, -9.0, 2.0 ] }
            }
        },
        {
            "name": "Rightframe",
            "from": [ 14.0, 16.0, 7.0 ], 
            "to": [ 16.0, 32.0, 9.0 ], 
            "faces": {
                "north": { "texture": "#1", "uv": [ 14.0, 0.0, 16.0, 16.0 ] },
                "east": { "texture": "#1", "uv": [ 14.0, 0.0, 16.0, 16.0 ] },
                "south": { "texture": "#1", "uv": [ 14.0, 0.0, 16.0, 16.0 ] },
                "west": { "texture": "#1", "uv": [ 14.0, 0.0, 16.0, 16.0 ] },
                "up": { "texture": "#1", "uv": [ 0.0, 0.0, 2.0, 2.0 ] },
                "down": { "texture": "#1", "uv": [ 0.0, 0.0, 2.0, 2.0 ] }
            }
        },
        {
            "name": "Right main frame",
            "from": [ 13.0, 18.0, 7.5 ], 
            "to": [ 14.0, 30.0, 8.5 ], 
            "faces": {
                "north": { "texture": "#1", "uv": [ 13.0, 2.0, 14.0, 14.0 ] },
                "east": { "texture": "#1", "uv": [ 13.0, 2.0, 14.0, 14.0 ] },
                "south": { "texture": "#1", "uv": [ 13.0, 2.0, 14.0, 14.0 ] },
                "west": { "texture": "#1", "uv": [ 13.0, 2.0, 14.0, 14.0 ] },
                "up": { "texture": "#1", "uv": [ 12.0, 2.0, 14.0, 3.0 ] },
                "down": { "texture": "#1", "uv": [ 12.0, 2.0, 14.0, 3.0 ] }
            }
        },
        {
            "name": "Left main frame",
            "from": [ 2.0, 18.0, 7.5 ], 
            "to": [ 3.0, 30.0, 8.5 ], 
            "faces": {
                "north": { "texture": "#1", "uv": [ 2.0, 2.0, 3.0, 14.0 ] },
                "east": { "texture": "#1", "uv": [ 2.0, 2.0, 3.0, 14.0 ] },
                "south": { "texture": "#1", "uv": [ 2.0, 2.0, 3.0, 14.0 ] },
                "west": { "texture": "#1", "uv": [ 2.0, 2.0, 3.0, 14.0 ] },
                "up": { "texture": "#1", "uv": [ 2.0, 2.0, 4.0, 3.0 ] },
                "down": { "texture": "#1", "uv": [ 2.0, 2.0, 4.0, 3.0 ] }
            }
        },
        {
            "name": "Upper main frame",
            "from": [ 3.0, 29.0, 7.5 ], 
            "to": [ 13.0, 30.0, 8.5 ], 
            "faces": {
                "north": { "texture": "#1", "uv": [ 3.0, 2.0, 13.0, 3.0 ] },
                "east": { "texture": "#1", "uv": [ 2.0, 2.0, 3.0, 3.0 ] },
                "south": { "texture": "#1", "uv": [ 3.0, 2.0, 13.0, 3.0 ] },
                "west": { "texture": "#1", "uv": [ 2.0, 2.0, 3.0, 3.0 ] },
                "up": { "texture": "#1", "uv": [ 3.0, 2.0, 13.0, 3.0 ] },
                "down": { "texture": "#1", "uv": [ 3.0, 2.0, 13.0, 3.0 ] }
            }
        },
        {
            "name": "Lower main frame",
            "from": [ 3.0, 18.0, 7.5 ], 
            "to": [ 13.0, 19.0, 8.5 ], 
            "faces": {
                "north": { "texture": "#1", "uv": [ 3.0, 13.0, 13.0, 14.0 ] },
                "east": { "texture": "#1", "uv": [ 2.0, 13.0, 3.0, 14.0 ] },
                "south": { "texture": "#1", "uv": [ 3.0, 13.0, 13.0, 14.0 ] },
                "west": { "texture": "#1", "uv": [ 2.0, 13.0, 3.0, 14.0 ] },
                "up": { "texture": "#1", "uv": [ 3.0, 13.0, 13.0, 14.0 ] },
                "down": { "texture": "#1", "uv": [ 3.0, 13.0, 13.0, 14.0 ] }
            }
        },
        {
            "name": "Upperframe",
            "from": [ 2.0, 30.0, 7.0 ], 
            "to": [ 14.0, 32.0, 9.0 ], 
            "faces": {
                "north": { "texture": "#1", "uv": [ 2.0, 0.0, 14.0, 2.0 ] },
                "east": { "texture": "#1", "uv": [ 0.0, 0.0, 2.0, 2.0 ] },
                "south": { "texture": "#1", "uv": [ 2.0, 0.0, 14.0, 2.0 ] },
                "west": { "texture": "#1", "uv": [ 0.0, 0.0, 2.0, 2.0 ] },
                "up": { "texture": "#1", "uv": [ 2.0, 0.0, 14.0, 2.0 ] },
                "down": { "texture": "#1", "uv": [ 2.0, 0.0, 14.0, 2.0 ] }
            }
        },
        {
            "name": "LowerFrame",
            "from": [ 2.0, 16.0, 7.0 ], 
            "to": [ 14.0, 18.0, 9.0 ], 
            "faces": {
                "north": { "texture": "#1", "uv": [ 2.0, 14.0, 14.0, 16.0 ] },
                "east": { "texture": "#1", "uv": [ 1.0, 3.0, 3.0, 6.0 ] },
                "south": { "texture": "#1", "uv": [ 14.0, 14.0, 2.0, 16.0 ] },
                "west": { "texture": "#1", "uv": [ 0.0, 0.0, 2.0, 3.0 ] },
                "up": { "texture": "#1", "uv": [ 2.0, 0.0, 14.0, 2.0 ] },
                "down": { "texture": "#1", "uv": [ 2.0, 0.0, 14.0, 2.0 ] }
            }
        },
        {
            "name": "Middle vertical Frame",
            "from": [ 7.0, 19.0, 7.5 ], 
            "to": [ 9.0, 29.0, 8.5 ], 
            "faces": {
                "north": { "texture": "#1", "uv": [ 7.0, 3.0, 9.0, 13.0 ] },
                "east": { "texture": "#1", "uv": [ 8.0, 3.0, 9.0, 13.0 ] },
                "south": { "texture": "#1", "uv": [ 7.0, 3.0, 9.0, 13.0 ] },
                "west": { "texture": "#1", "uv": [ 7.0, 3.0, 8.0, 13.0 ] },
                "up": { "texture": "#1", "uv": [ 7.0, 12.0, 9.0, 13.0 ] },
                "down": { "texture": "#1", "uv": [ 7.0, 12.0, 9.0, 13.0 ] }
            }
        },
        {
            "name": "Middle horizontal frame down",
            "from": [ 3.0, 20.0, 7.5 ], 
            "to": [ 13.0, 21.0, 8.5 ], 
            "faces": {
                "north": { "texture": "#1", "uv": [ 3.0, 11.0, 13.0, 12.0 ] },
                "east": { "texture": "#1", "uv": [ 3.0, 11.0, 4.0, 12.0 ] },
                "south": { "texture": "#1", "uv": [ 3.0, 11.0, 13.0, 12.0 ] },
                "west": { "texture": "#1", "uv": [ 3.0, 11.0, 4.0, 12.0 ] },
                "up": { "texture": "#1", "uv": [ 3.0, 11.0, 13.0, 12.0 ] },
                "down": { "texture": "#1", "uv": [ 3.0, 11.0, 13.0, 12.0 ] }
            }
        },
        {
            "name": "Middle horizontal frame up",
            "from": [ 3.0, 27.0, 7.5 ], 
            "to": [ 13.0, 28.0, 8.5 ], 
            "faces": {
                "north": { "texture": "#1", "uv": [ 3.0, 4.0, 13.0, 5.0 ] },
                "east": { "texture": "#1", "uv": [ 3.0, 4.0, 4.0, 5.0 ] },
                "south": { "texture": "#1", "uv": [ 3.0, 4.0, 13.0, 5.0 ] },
                "west": { "texture": "#1", "uv": [ 3.0, 4.0, 4.0, 5.0 ] },
                "up": { "texture": "#1", "uv": [ 3.0, 4.0, 13.0, 5.0 ] },
                "down": { "texture": "#1", "uv": [ 3.0, 4.0, 13.0, 5.0 ] }
            }
        },
        {
            "name": "Knob",
            "from": [ 12.0, 16.0, 6.0 ], 
            "to": [ 14.0, 17.5, 10.0 ], 
            "faces": {
                "north": { "texture": "#1", "uv": [ 12.0, 14.5, 14.0, 16.0 ] },
                "east": { "texture": "#1", "uv": [ 6.0, 14.0, 10.0, 16.0 ] },
                "south": { "texture": "#1", "uv": [ 12.0, 14.5, 14.0, 16.0 ] },
                "west": { "texture": "#1", "uv": [ 5.0, 14.0, 8.0, 16.0 ] },
                "up": { "texture": "#1", "uv": [ 0.0, 8.0, 2.0, 12.0 ] },
                "down": { "texture": "#1", "uv": [ 0.0, 8.0, 2.0, 12.0 ] }
            }
        }
    ]
}