{
	"ingredientPattern": "_T_,TCT,TTT",
	"ingredients": {
		"C": { "type": "item", "code": "game:clay-blue", "allowedVariants": [ "blue", "fire" ], "quantity": 4 },
		"T": { "type": "block", "code": "bricklayers:stonetile-normal-*-down", "name": "rock",
			"allowedVariants": [ "andesite", "basalt", "bauxite", "chalk", "chert", "claystone", "conglomerate", "granite", "greenmarble", "kimberlite", "limestone", "obsidian", "peridotite", "phyllite", "redmarble", "sandstone", "shale", "slate", "suevite", "whitemarble" ] }
	},
	"width": 3,
	"height": 3,
	"output": { "type": "block", "code": "bricklayers:stonetiles-normal-{rock}", "quantity": 1 }
}
