{
	"code": "raccoonhead",
	"class": "blockhide",
	"variantgroups": [
		{
			"code": "species",
			"states": [ "raccoon" ]
		},
		{
			"code": "type",
			"states": [ "female", "male" ]
		},
		{
			"code": "dir",
			"states": [
				"north",
				"east",
				"south",
				"west"
			]
		}
	],
	"drops": [
		{
			"type": "item",
			"code": "game:hide-pelt-small",
			"quantity": { "avg": 1 }
		}
	],
	"shapebytype": {
		"*-north": {
			"base": "block/hide/raccoonhead",
			"rotateY": 270
		},
		"*-east": {
			"base": "block/hide/raccoonhead",
			"rotateY": 180
		},
		"*-south": {
			"base": "block/hide/raccoonhead",
			"rotateY": 90
		},
		"*-west": {
			"base": "block/hide/raccoonhead",
			"rotateY": 0
		}
	},
	"sidesolid": { "all": false },
	"sideopaque": { "all": false },
	"blockmaterial": "Cloth",
	"creativeinventory": {
		"general": [ "*-{species}-{type}-north" ],
		"decorative": [ "*-{species}-{type}-north" ],
		"primitive": [ "*-{species}-{type}-north" ]
	},
	"replaceable": 5200,
	"resistance": 0.5,
	"vertexFlags": {
		"zOffset": 5
	},
	"lightAbsorption": 0,
	"texturesByType": {
    "*": {
      "normal": {
        "base": "game:entity/raccoon/{species}-{type}1"
      },
      "plaque": {
        "base": "game:block/beehive/floor"
      }
    }
	},
	"selectionBoxByType": {
		"*-north": {
			"x1": 0.25,
			"y1": 0.25,
			"z1": 0.7,
			"x2": 0.75,
			"y2": 0.75,
			"z2": 1
		},
		"*-east": {
			"x1": 0,
			"y1": 0.25,
			"z1": 0.25,
			"x2": 0.3,
			"y2": 0.75,
			"z2": 0.75
		},
		"*-south": {
			"x1": 0.25,
			"y1": 0.25,
			"z1": 0,
			"x2": 0.75,
			"y2": 0.75,
			"z2": 0.3
		},
		"*-west": {
			"x1": 0.7,
			"y1": 0.25,
			"z1": 0.25,
			"x2": 1,
			"y2": 0.75,
			"z2": 0.75
		}
	},
	"collisionbox": null,
	"combustibleProps": {
		"burnTemperature": 400,
		"burnDuration": 10
	},
	"sounds": {
		"place": "game:block/cloth",
		"walk": "game:walk/cloth"
	},
	"guiTransform": {
		"translation": {
			"x": 0,
			"y": 5,
			"z": 0
		},
		"origin": {
			"x": 0.5,
			"y": 0.4625,
			"z": 0.95
		},
		"scale": 2.5
	},
	"groundTransform": {
		"translation": {
			"x": 0,
			"y": 0,
			"z": 0
		},
		"rotation": {
			"x": 0,
			"y": -45,
			"z": 0
		},
		"origin": {
			"x": 0.5,
			"y": -0.02,
			"z": 0.5
		},
		"scale": 3
	},
	"tpHandTransform": {
		"translation": {
			"x": -0.9,
			"y": -0.8,
			"z": -1
		},
		"rotation": {
			"x": -46,
			"y": 0,
			"z": -2
		},
		"origin": {
			"x": 0.5,
			"y": 1,
			"z": 0.5
		},
		"scale": 0.69
	},
	"fpHandTransform": {
		"origin": {
			"x": 0.5,
			"y": -5.5,
			"z": 1.9
		}
	},
	"materialDensity": 200
}
