{
	"ingredient": { "type": "item", "code": "game:clay-*", "name": "color", "allowedVariants": [ "black", "blurple", "brown", "darkgrey", "fire", "green", "malachite", "orange", "pink", "purple", "red", "light", "yellow" ] },
	"pattern": [[
		"##############",
		"##############",
		"##############",
		"##############",
		"##############",
		"##############",
		"##############",
		"##############",
		"##############",
		"##############",
		"##############",
		"##############",
		"##############",
		"##############"
	],
	[
		"##############",
		"##############",
		"##############",
		"####______####",
		"####______####",
		"#####____#####",
		"#####____#####",
		"#####____#####",
		"#####____#####",
		"#####____#####",
		"####______####",
		"####______####",
		"##############",
		"##############"
	]],
	"name": "Colored Hammer Mold",
	"output": { "type": "block", "code": "bricklayers:toolmoldcolored-raw-{color}-hammer" }
}
