{
	"ingredient": { "type": "item", "code": "game:clay-*", "name": "color", "allowedVariants": [ "black", "blurple", "brown", "darkgrey", "fire", "green", "malachite", "orange", "pink", "purple", "red", "light", "yellow" ] },
	"pattern": [[
		"##############",
		"##############",
		"##############",
		"##############",
		"##############",
		"##############",
		"##############",
		"##############",
		"##############",
		"##############",
		"##############",
		"##############",
		"##############",
		"##############"
	],
	[
		"##############",
		"##############",
		"##############",
		"#####__#######",
		"######__######",
		"#######__#####",
		"########__####",
		"########__####",
		"#####_____####",
		"#####_____####",
		"#####_____####",
		"#####_____####",
		"##############",
		"##############"
	]],
	"name": "Colored Hoe Mold",
	"output": { "type": "block", "code": "bricklayers:toolmoldcolored-raw-{color}-hoe" }
}
