{
	"ingredient": { "type": "item", "code": "game:clay-*", "name": "color", "allowedVariants": [ "black", "blurple", "brown", "darkgrey", "fire", "green", "malachite", "orange", "pink", "purple", "red", "light", "yellow" ] },
	"pattern": [[
		"##############",
		"##############",
		"##############",
		"##############",
		"##############",
		"##############",
		"##############",
		"##############",
		"##############",
		"##############",
		"##############",
		"##############",
		"##############",
		"##############"
	],
	[
		"##############",
		"##############",
		"#______#######",
		"####_____#####",
		"######____####",
		"########___###",
		"#########__###",
		"#########___##",
		"##########__##",
		"##########__##",
		"###########_##",
		"###########_##",
		"###########_##",
		"##############"
	]],
	"name": "Colored Pickaxe Mold",
	"output": { "type": "block", "code": "bricklayers:toolmoldcolored-raw-{color}-pickaxe" }
}
