[
	{
	"code": "glass-slab-vanilla",
	"ingredientPattern": "GS",
	"ingredients": {
		"G": { "type": "block", "code": "game:glass-*", "name": "type", "allowedVariants": [ "pink", "smoky" ] },
		"S": { "type": "item", "code": "game:saw-*", "isTool": true  }
	},
	"width": 2,
	"height": 1,
	"output": { "type": "block", "code": "game:glassslab-{type}-down-free", "quantity": 2  }
	},
	{
	"code": "glass-slab-colored-plain",
	"ingredientPattern": "GS",
	"ingredients": {
		"G": { "type": "block", "code": "bricklayers:glasscolored-plain-*", "name": "color", "allowedVariants": [ "black" ] },
		"S": { "type": "item", "code": "game:saw-*", "isTool": true  }
	},
	"width": 2,
	"height": 1,
	"output": { "type": "block", "code": "bricklayers:glassslabcolored-plain-{color}-down-free", "quantity": 2  }
	},
	{
	"code": "glass-slab-colored-dark",
	"ingredientPattern": "GS",
	"ingredients": {
		"G": { "type": "block", "code": "bricklayers:glasscolored-dark-*", "name": "color" },
		"S": { "type": "item", "code": "game:saw-*", "isTool": true  }
	},
	"width": 2,
	"height": 1,
	"output": { "type": "block", "code": "bricklayers:glassslabcolored-dark-{color}-down-free", "quantity": 2  }
	},
	{
	"code": "glass-slab-colored-milky",
	"ingredientPattern": "GS",
	"ingredients": {
		"G": { "type": "block", "code": "bricklayers:glasscolored-milky-*", "name": "color" },
		"S": { "type": "item", "code": "game:saw-*", "isTool": true  }
	},
	"width": 2,
	"height": 1,
	"output": { "type": "block", "code": "bricklayers:glassslabcolored-milky-{color}-down-free", "quantity": 2  }
	},
	{
	"code": "glass-slab-colored-opaque",
	"ingredientPattern": "GS",
	"ingredients": {
		"G": { "type": "block", "code": "bricklayers:glasscolored-opaque-*", "name": "color" },
		"S": { "type": "item", "code": "game:saw-*", "isTool": true  }
	},
	"width": 2,
	"height": 1,
	"output": { "type": "block", "code": "bricklayers:glassslabcolored-opaque-{color}-down-free", "quantity": 2  }
	},
	{
	"code": "glass-slab-colored-quartz",
	"ingredientPattern": "GS",
	"ingredients": {
		"G": { "type": "block", "code": "bricklayers:glasscolored-quartz-*", "name": "color" },
		"S": { "type": "item", "code": "game:saw-*", "isTool": true  }
	},
	"width": 2,
	"height": 1,
	"output": { "type": "block", "code": "bricklayers:glassslabcolored-quartz-{color}-down-free", "quantity": 2  }
	},
	{
	"code": "glass-slab-colored-smoky",
	"ingredientPattern": "GS",
	"ingredients": {
		"G": { "type": "block", "code": "bricklayers:glasscolored-smoky-*", "name": "color" },
		"S": { "type": "item", "code": "game:saw-*", "isTool": true  }
	},
	"width": 2,
	"height": 1,
	"output": { "type": "block", "code": "bricklayers:glassslabcolored-smoky-{color}-down-free", "quantity": 2  }
	}
]
