{"GameVersion":"1.15.7","SizeX":8,"SizeY":6,"SizeZ":5,"BlockCodes":{"2421":"genericwood","5879":"rock-chert","1769":"plankslab-oak-south-free","1743":"plankslab-oak-north-free","7291":"leather","1808":"plankslab-oak-down-free","1782":"plankslab-oak-west-free","8190":"meta-filler","2003":"plankstairs-oak-down-east-free","1795":"plankslab-oak-up-free","778":"woodenfence-oak-e-free","2621":"woodencrate-closed","10058":"bricklayers:storagevesselcolored-burnt-brown","2016":"plankstairs-oak-up-south-free","1964":"plankstairs-oak-up-north-free","2605":"wagonwheels-spoked-south","2631":"chiseledblock","2597":"wagonwheels-spoked-north","1168":"planks-oak","3442":"hay-normal","2564":"bed-hay-head-east","8193":"meta-spawner","2241":"table-normal","8197":"stationarybasket-west","2911":"lantern-down","2567":"bed-hay-feet-east","2860":"loosegears-5","2403":"trapdoor-opened-up-south","2387":"trapdoor-opened-up-north","2055":"plankstairs-oak-down-west-free","882":"woodenfence-oak-sw-free","1220":"woodenfencegate-oak-w-closed-left-free","843":"woodenfence-oak-nw-free","804":"woodenfence-oak-w-free","2619":"ladder-wood-west"},"ItemCodes":{},"Indices":[1024,2048,3072,1049600,1050624,1051648,2098176,2099200,2100224,3146752,3147776,3148800,4195328,4196352,4197376,1,1025,2049,3073,4097,1049601,1050625,1051649,2097153,2098177,2099201,2100225,2101249,3145729,3146753,3147777,3148801,3149825,4195329,4196353,4197377,5244929,1026,2050,3074,1048578,1049602,1050626,1051650,1052674,2097154,2098178,2099202,2100226,2101250,3145730,3146754,3147778,3148802,3149826,4195330,4196354,4197378,5244930,1027,2051,3075,1048579,1049603,1050627,1051651,1052675,2097155,2098179,2099203,2100227,2101251,3145731,3146755,3147779,3148803,3149827,4194307,4195331,4197379,4198403,5244931,4,1028,2052,3076,4100,1049604,1050628,1051652,2097156,2098180,2100228,2101252,3145732,3146756,3147780,3148804,3149828,4195332,4196356,4197380,5244932,1029,2053,3077,1049605,1050629,1051653,2097157,2098181,2099205,2100229,2101253,3145733,3146757,3147781,3148805,3149829,4195333,4196357,4197381,1030,2054,3078,1049606,1050630,1051654,2098182,2100230,3146758,3147782,3148806,1031,2055,3079,1049607,1050631,1051655,2098183,2099207,2100231,3146759,3147783,3148807],"BlockIds":[8190,8190,8190,2003,1795,2003,778,2621,778,778,10058,778,2016,1795,1964,2605,2631,2631,2631,2597,1168,1168,1168,2631,1168,1168,1168,2631,2631,1168,1168,1168,2631,7291,7291,7291,2631,8190,8190,8190,2631,1168,3442,1168,2631,1769,2564,8193,2241,1743,1769,8190,8190,8197,1743,2016,2911,1964,1808,8190,8190,8190,2631,1168,3442,1168,2631,1769,2567,8190,2860,1743,2403,8190,8190,8190,2387,2631,2016,1964,2631,1808,2605,2631,2631,2631,2597,1168,3442,1168,1769,7291,7291,1743,1769,7291,8190,7291,1743,7291,7291,7291,2631,8190,8190,8190,2055,1168,2055,2631,882,1220,843,2631,2631,804,8190,804,2631,2016,1795,1964,8190,2619,8190,1795,2619,1795,8190,8190,8190,8190,8190,8190,8190,8190,1795,8190,1795,8190,8190,8190,8190,8190,8190],"DecorIndices":[],"DecorIds":[],"BlockEntities":{"3147776":"!<d@[F*JnU#64c-E,TfC\"onW'!<d@[F*[l6#64o6@VfsmCI<#NALq;2Bk(pp@<lF)F#nAaDfT9!AThX+F(K/tDes?4ARmB%F`MAA/Ria=GA[TkBl8**DKKf;Gl\\+hF)5c:Esr$K!!WUJCi=E:!!!02AoD]VCi<g!6Z6LH/7NX6@r#mhH\"D#;3cfC]Ea`TlG%G`9ASbjpCi=?*A1_85Ec,tN@WHC2D?U/bH#R=!DJsQ4@;H&QD.Rd%6#L=OA^XNS^An","1025":"!<d@[F*JqV#64c-E,TfC!rr<$!<d@[F*[i5#64o6@VfsmCI<#NAIW-_Bldj%ARo7dDe!Pj$#O*mATDKnCi]XX!!%-J!!)a/!!!B3@s)7!Bk28k!!!#Y<hBEA2iRgE<h08fVO@Oo[[R<;OT,='[\\!TUa,L)cet2sN$Zg3(G@Pc)DeWa'!rr<$o%'E5p5iV]p6u!]$P@#lDfor.;f6Mt6ZljVBk2:Xzz!>#52![%IC\"#']T\"@)qe\"],1!#%.E2#B0YC#_2mT$'5,e$D7A!$a9U2%);iC%F>(T%c@<e&+BQ\"&-)\\2&J+pC&g./T'/0Ce'L2X!'i4l2(17+C(N9?T(k;Se)3=h!)P@'2)mB;C*5DOT*RFce*oI#!+7K73+92BC+V4VT+s6je,;9*!,X;>2,u=RC.\\HbC/$K!T/AM5e/^OJ!0&Q^20CSrD0E;(T0b=<e1*?Q!1GAe21dD$C2,F8T3hQHT40S\\e4MUq!4jX0252ZDC5O\\XU5QCce5nF#!66H726SJKC6pL_T78Nse8tZ.e9<\\C!9Y^W2:!`kC:>c*T:[e>f:]LJ!;%N^2;BPrC;_S1T<'UEe<DWZ!>+bj!>He)2>eg=C?-iQT?Jkee?gn%&TE\"s!Tb%22U*'FCUG)ZTUd+neV,..!Wh9>!X0;R2XM=fCXj@%TY2B9eYODN\"YQ+Y2Yn-mCZ60,TZS2@eZp4U![86i2\\tB$2]<D8C]YFLT^!H`e^>Ju!^[M43^]4?C_%6ST_B8ge__;'!`'=;2`D?OCb+J_CbHLsTbeO2ec-QG!cJS[2cgUoDci=%Td1?9edNAN!dkCb2e3F!CePH5Tg7SETgTUYegqWn!h9Z-2hV\\AChs^UUhuE`ei=Gu!iZJ42j\"LHCj?N\\Tj\\Ppek$S0!kAUD2k^WXCl&YlTlC\\+el`^@!m(`T2mEbhCmbe'Tn*g;fn,NG!nIP[2nfRoCo.U.ToKWBeohYW!p0[k2pM^*Cpj`>Tq2bReqOdg!qlg&2r4i:CrQkNTrnmbes6p!o$>\"'gFAlmaAO158!!!92F(o/r;f?JdA,uZ1#S1ujA7\\&CD/XK;;f?JdA,uZ1\"USXSDe!QX@;TQkB45Xg3auoD@r!Z/ASu(\"Bk)@*De&h","2049":"!<d@[F*JqV#64c-E,TfC!rr<$!<d@[F*[l6#64o6@VfsmCI<#NAIW-_Bldj%ARo7dDe!Pj$#O*mATDKnCi]UW!!%-J!!!B3@s)7!Bk28c!!!#=OT,:g$Zg3(G@Pc)DeWa'!<<*\"p5o:S$P@#lDfor.;f6Mt6ZljVBk2;#zz!>#52![%IC\"#']T\"@)qe\"],1!#%.E2#B0YC#_2mT$'5,e$D7A!$a9U2%);iC%F>(T%c@<e&+BQ\"&-)\\2&J+pC&g./T'/0Ce'L2X!'i4l2(17+C(N9?T(k;Se)3=h!)P@'2)mB;C*5DOT*RFce*oI#!+7K73+92BC+V4VT+s6je,;9*!,X;>2,u=RC-=?fT-ZB%e.\"D:!.?FN2.\\HbC/$K!T/AM5e/^OJ!0&Q^20CSrD0E;(T0b=<e1*?Q!1GAe21dD$C2,F8T2IHLe2fJa!3.Lu23KO4C3hQHT40S\\e4MUq!4jX0252ZDC5O\\XU5QCce5nF#!66H726SJKC6pL_T78Nse7UQ3!7rSG28:U[C8WWoT8tZ.e9<\\C!9Y^W2:!`kC:>c*T:[e>f:]LJ!;%N^2;BPrC;_S1T<'UEe<DWZ!<aYn2=)\\-C=F^AT=c`Ue>+bj!>He)2>eg=C?-iQT?Jkee?gn%&TE\"s!Tb%22U*'FCUG)ZTUd+neV,..!VI0B2Vf2VCW.4jTWK7)eWh9>!X0;R2XM=fCXj@%TY2B9eYODN\"YQ+Y2Yn-mCZ60,TZS2@eZp4U![86i2[U9(C[r;<T\\:=Pe\\W?e!\\tB$2]<D8C]YFLT^!H`e^>Ju!^[M43^]4?C_%6ST_B8ge__;'!`'=;2`D?OC`aAcTa)D\"eaFF7!acHK2b+J_CbHLsTbeO2ec-QG!cJS[2cgUoDci=%Td1?9edNAN!dkCb2e3F!CePH5TemJIef5L^!fRNr2foQ1Cg7SETgTUYegqWn!h9Z-2hV\\AChs^UUhuE`ei=Gu!iZJ42j\"LHCj?N\\Tj\\Ppek$S0!kAUD2k^WXCl&YlTlC\\+el`^@!m(`T2mEbhCmbe'Tn*g;fn,NG!nIP[2nfRoCo.U.ToKWBeohYW!p0[k2pM^*Cpj`>Tq2bReqOdg!qlg&2r4i:CrQkNTrnmbes6p!o$>\"'gFAlmaAO158!!!92F(o/r;f?JdA,uZ1#S1ujA7\\&CD/XK;;f?JdA,uZ1\"USXSDe!QX@;TQkB45Xg3auoD@r!Z/ASu(\"Bk)@*De&h","3073":"!<d@[F*JqV#64c-E,TfC!rr<$!<d@[F*[o7#64o6@VfsmCI<#NAIW-_Bldj%ARo7dDe!Pj$#O*mATDKnCi]XX!!%-J!!)a/!!!B3@s)7!Bk28k!!!#Y<hBEA2iRgE<h08fVO@Oo[[R<;OT,='[\\!TUa,L)cet2sN$Zg3(G@Pc)DeWa'!rr<$o%'E5p5iV]p6u!]$P@#lDfor.;f6Mt6ZljVBk2:Xzz!>#52![%IC\"#']T\"@)qe\"],1!#%.E2#B0YC#_2mT$'5,e$D7A!$a9U2%);iC%F>(T%c@<e&+BQ\"&-)\\2&J+pC&g./T'/0Ce'L2X!'i4l2(17+C(N9?T(k;Se)3=h!)P@'2)mB;C*5DOT*RFce*oI#!+7K73+92BC+V4VT+s6je,;9*!,X;>2,u=RC.\\HbC/$K!T/AM5e/^OJ!0&Q^20CSrD0E;(T0b=<e1*?Q!1GAe21dD$C2,F8T3hQHT40S\\e4MUq!4jX0252ZDC5O\\XU5QCce5nF#!66H726SJKC6pL_T78Nse8tZ.e9<\\C!9Y^W2:!`kC:>c*T:[e>f:]LJ!;%N^2;BPrC;_S1T<'UEe<DWZ!>+bj!>He)2>eg=C?-iQT?Jkee?gn%&TE\"s!Tb%22U*'FCUG)ZTUd+neV,..!Wh9>!X0;R2XM=fCXj@%TY2B9eYODN\"YQ+Y2Yn-mCZ60,TZS2@eZp4U![86i2\\tB$2]<D8C]YFLT^!H`e^>Ju!^[M43^]4?C_%6ST_B8ge__;'!`'=;2`D?OCb+J_CbHLsTbeO2ec-QG!cJS[2cgUoDci=%Td1?9edNAN!dkCb2e3F!CePH5Tg7SETgTUYegqWn!h9Z-2hV\\AChs^UUhuE`ei=Gu!iZJ42j\"LHCj?N\\Tj\\Ppek$S0!kAUD2k^WXCl&YlTlC\\+el`^@!m(`T2mEbhCmbe'Tn*g;fn,NG!nIP[2nfRoCo.U.ToKWBeohYW!p0[k2pM^*Cpj`>Tq2bReqOdg!qlg&2r4i:CrQkNTrnmbes6p!o$>\"'gFAlmaAO158!!!92F(o/r;f?JdA,uZ1#S1ujA7\\&CD/XK;;f?JdA,uZ1\"USXSDe!QX@;TQkB45Xg3auoD@r!Z/ASu(\"Bk)@*De&h","2097153":"!<d@[F*JqV#64c-E,TfC\"TSN&!<d@[F*dl4#64o6@VfsmCI<#NAIW-_Bldj%ARo7dDe!Pj$#O*mATDKnCi]UW!!)6f!!!B3@s)7!Bk28dzq\"FcEq#:=%$Zg3(G@Pc)DeWa'!WW3#E-V*Wq\"Xjh$P@#lDfor.;f6Mt6ZljVBk2:8zz!>#52![%IC\"#']T\"@)qe\"],1!#%.E2#B0YD&-)\\2&J+pC&g./T'/0Ce'L2X!'i4l2(17+C(N9?U+92BC+V4VT+s6je,;9*!,X;>2,u=RC-=?fT-ZB%f0E;(T0b=<e1*?Q!1GAe21dD$C2,F8T2IHLe2fJa\"5QCce5nF#!66H726SJKC6pL_T78Nse7UQ3!7rSG3:]LJ!;%N^2;BPrC;_S1T<'UEe<DWZ!<aYn2=)\\-D?iU02@1WDC@NYXT@k[leA3^,!AP`@2AmbTCB5dhUDu]kCE=`*TEZb>eF\"dS!F?fg2F\\i&CG$k:TGAmNfJ,fQTJIheeJfk%!K.m92KKoMCKhqaTL0sueLN!5\"O8o7eOUqL!Ors`2P:utCPX#3TPu%GeQ='\\!QZ)p3TE\"s!Tb%22U*'FCUG)ZTUd+neV,..!VI0B2Vf2VDYQ+Y2Yn-mCZ60,TZS2@eZp4U![86i2[U9(C[r;<U^]4?C_%6ST_B8ge__;'!`'=;2`D?OC`aAcTa)D\"fci=%Td1?9edNAN!dkCb2e3F!CePH5TemJIef5L^\"huE`ei=Gu!iZJ42j\"LHCj?N\\Tj\\Ppek$S0!kAUD3n,NG!nIP[2nfRoCo.U.ToKWBeohYW!p0[k2pM^*<$>\"'gFAlmaAO158!!!92F(o/r;f?JdA,uZ1#S1ujA7\\&CD/XK;;f?JdA,uZ1\"USXSDe!QX@;TQ]:LS#]F)58o!!","2101249":"!<d@[F*JqV#64c-E,TfC\"TSN&!<d@[F*[r8#64o6@VfsmCI<#NAIW-_Bldj%ARo7dDe!Pj$#O*mATDKnCi]UW!!(=L!!!B3@s)7!Bk28dzn94kgn:(EG$Zg3(G@Pc)DeWa'!WW3#E,^\"$q!`b5$P@#lDfor.;f6Mt6ZljVBk2:8z#_2mT$'5,e$D7A!$a9U2%);iC%F>(T%c@<e&+BQ\"(k;Se)3=h!)P@'2)mB;C*5DOT*RFce*oI#!+7K73.\"D:!.?FN2.\\HbC/$K!T/AM5e/^OJ!0&Q^20CSrD3.Lu23KO4C3hQHT40S\\e4MUq!4jX0252ZDC5O\\XU8:U[C8WWoT8tZ.e9<\\C!9Y^W2:!`kC:>c*T:[e>f=F^AT=c`Ue>+bj!>He)2>eg=C?-iQT?Jkee?gn%\"BRg'eBoi<!C7kP2CTmdCCqp#TD9r7eDVtL!Dt!`3G^oc!H&r\"2HCt6CHa!JTI)#^eIF%s!Ic(22J+*FDLk#I2M3%]CMP'qTMm*0eN5,E!NR.Y2No0mCO73,UR\",/CR?.CTR\\0WeS$2l!SA5+2S^7?CT&9STTC;gfW.4jTWK7)eWh9>!X0;R2XM=fCXj@%TY2B9eYODN\"\\:=Pe\\W?e!\\tB$2]<D8C]YFLT^!H`e^>Ju!^[M43aFF7!acHK2b+J_CbHLsTbeO2ec-QG!cJS[2cgUoDfRNr2foQ1Cg7SETgTUYegqWn!h9Z-2hV\\AChs^UUk^WXCl&YlTlC\\+el`^@!m(`T2mEbhCmbe'Tn*g;fpj`>Tq2bReqOdg!qlg&2r4i:CrQkNTrnmbes6p!o$>\"'gFAlmaAO158!!!92F(o/r;f?JdA,uZ1#S1ujA7\\&CD/XK;;f?JdA,uZ1\"USXSDe!QX@;TQ]:LS#]F)58o!!","3145729":"!<d@[F*JqV#64c-E,TfC\"onW'!<d@[F*dl4#64o6@VfsmCI<#NAIW-_Bldj%ARo7dDe!Pj$#O*mATDKnCi]UW!!)6f!!!B3@s)7!Bk28d!!!\"Lq#:=\"q\"Far$Zg3(G@Pc)DeWa'!<<*\"nG*\"`$P@#lDfor.;f6Mt6ZljVBk2:8zz!>#52![%IC\"#']T\"@)qe\"],1!#%.E2#B0YD&-)\\2&J+pC&g./T'/0Ce'L2X!'i4l2(17+C(N9?U+92BC+V4VT+s6je,;9*!,X;>2,u=RC-=?fT-ZB%f0E;(T0b=<e1*?Q!1GAe21dD$C2,F8T2IHLe2fJa\"5QCce5nF#!66H726SJKC6pL_T78Nse7UQ3!7rSG3:]LJ!;%N^2;BPrC;_S1T<'UEe<DWZ!<aYn2=)\\-D?iU02@1WDC@NYXT@k[leA3^,!AP`@2AmbTCB5dhUDu]kCE=`*TEZb>eF\"dS!F?fg2F\\i&CG$k:TGAmNfJ,fQTJIheeJfk%!K.m92KKoMCKhqaTL0sueLN!5\"O8o7eOUqL!Ors`2P:utCPX#3TPu%GeQ='\\!QZ)p3TE\"s!Tb%22U*'FCUG)ZTUd+neV,..!VI0B2Vf2VDYQ+Y2Yn-mCZ60,TZS2@eZp4U![86i2[U9(C[r;<U^]4?C_%6ST_B8ge__;'!`'=;2`D?OC`aAcTa)D\"fci=%Td1?9edNAN!dkCb2e3F!CePH5TemJIef5L^\"huE`ei=Gu!iZJ42j\"LHCj?N\\Tj\\Ppek$S0!kAUD3n,NG!nIP[2nfRoCo.U.ToKWBeohYW!p0[k2pM^*<$>\"'gFAlmaAO158!!!92F(o/r;f?JdA,uZ1#S1ujA7\\&CD/XK;;f?JdA,uZ1\"USXSDe!QX@;TQ]:LS#]F)58o!!","3149825":"!<d@[F*JqV#64c-E,TfC\"onW'!<d@[F*[r8#64o6@VfsmCI<#NAIW-_Bldj%ARo7dDe!Pj$#O*mATDKnCi]UW!!(=L!!!B3@s)7!Bk28d!!!\"Ln:(EDn94j?$Zg3(G@Pc)DeWa'!<<*\"nF1o-$P@#lDfor.;f6Mt6ZljVBk2:8z#_2mT$'5,e$D7A!$a9U2%);iC%F>(T%c@<e&+BQ\"(k;Se)3=h!)P@'2)mB;C*5DOT*RFce*oI#!+7K73.\"D:!.?FN2.\\HbC/$K!T/AM5e/^OJ!0&Q^20CSrD3.Lu23KO4C3hQHT40S\\e4MUq!4jX0252ZDC5O\\XU8:U[C8WWoT8tZ.e9<\\C!9Y^W2:!`kC:>c*T:[e>f=F^AT=c`Ue>+bj!>He)2>eg=C?-iQT?Jkee?gn%\"BRg'eBoi<!C7kP2CTmdCCqp#TD9r7eDVtL!Dt!`3G^oc!H&r\"2HCt6CHa!JTI)#^eIF%s!Ic(22J+*FDLk#I2M3%]CMP'qTMm*0eN5,E!NR.Y2No0mCO73,UR\",/CR?.CTR\\0WeS$2l!SA5+2S^7?CT&9STTC;gfW.4jTWK7)eWh9>!X0;R2XM=fCXj@%TY2B9eYODN\"\\:=Pe\\W?e!\\tB$2]<D8C]YFLT^!H`e^>Ju!^[M43aFF7!acHK2b+J_CbHLsTbeO2ec-QG!cJS[2cgUoDfRNr2foQ1Cg7SETgTUYegqWn!h9Z-2hV\\AChs^UUk^WXCl&YlTlC\\+el`^@!m(`T2mEbhCmbe'Tn*g;fpj`>Tq2bReqOdg!qlg&2r4i:CrQkNTrnmbes6p!o$>\"'gFAlmaAO158!!!92F(o/r;f?JdA,uZ1#S1ujA7\\&CD/XK;;f?JdA,uZ1\"USXSDe!QX@;TQ]:LS#]F)58o!!","5244929":"!<d@[F*JqV#64c-E,TfC#QOi)!<d@[F*[l6#64o6@VfsmCI<#NAIW-_Bldj%ARo7dDe!Pj$#O*mATDKnCi]UW!!%?c!!!B3@s)7!Bk28cznFlnj$Zg3(G@Pc)DeWa'!<<*\"E:ET%#RY-[Blm9fA7\\&F!<<**$$0fkAQ*M`Bk.5E+:&L!Bk1d@Ci+*3FAm*oBk.5E+9`'\\Ci<g!:18!N#>A];FD,6+!!","1048578":"!<d@[F*JtW#64c-E,TfC\"98E%!<d@[F*dl4#64o6@VfsmCI<#NAIW-_Bldj%ARo7dDe!Pj$#O*mATDKnCi]UW!!(=L!!!B3@s)7!Bk28d!!!#7q#:>Iq\"k%!$Zg3(G@Pc)DeWa'!<<*\"nG*\"`$P@#lDfor.;f6Mt6ZljVBk2:8zz!>#52![%IC\"#']T\"@)qe\"],1!#%.E2#B0YD&-)\\2&J+pC&g./T'/0Ce'L2X!'i4l2(17+C(N9?U+92BC+V4VT+s6je,;9*!,X;>2,u=RC-=?fT-ZB%f0E;(T0b=<e1*?Q!1GAe21dD$C2,F8T2IHLe2fJa\"5QCce5nF#!66H726SJKC6pL_T78Nse7UQ3!7rSG3:]LJ!;%N^2;BPrC;_S1T<'UEe<DWZ!<aYn2=)\\-D?iU02@1WDC@NYXT@k[leA3^,!AP`@2AmbTCB5dhUDu]kCE=`*TEZb>eF\"dS!F?fg2F\\i&CG$k:TGAmNfJ,fQTJIheeJfk%!K.m92KKoMCKhqaTL0sueLN!5\"O8o7eOUqL!Ors`2P:utCPX#3TPu%GeQ='\\!QZ)p3TE\"s!Tb%22U*'FCUG)ZTUd+neV,..!VI0B2Vf2VDYQ+Y2Yn-mCZ60,TZS2@eZp4U![86i2[U9(C[r;<U^]4?C_%6ST_B8ge__;'!`'=;2`D?OC`aAcTa)D\"fci=%Td1?9edNAN!dkCb2e3F!CePH5TemJIef5L^\"huE`ei=Gu!iZJ42j\"LHCj?N\\Tj\\Ppek$S0!kAUD3n,NG!nIP[2nfRoCo.U.ToKWBeohYW!p0[k2pM^*<$>\"'gFAlmaAO158!!!92F(o/r;f?JdA,uZ1#S1ujA7\\&CD/XK;;f?JdA,uZ1\"USXSDe!QX@;TQ]:LS#]F)58o!!","1052674":"!<d@[F*JtW#64c-E,TfC\"98E%!<d@[F*[r8#64o6@VfsmCI<#NAIW-_Bldj%ARo7dDe!Pj$#O*mATDKnCi]UW!!(=L!!!B3@s)7!Bk28d!!!#7n:(Fkn9Y-C$Zg3(G@Pc)DeWa'!<<*\"nF1o-$P@#lDfor.;f6Mt6ZljVBk2:8z#_2mT$'5,e$D7A!$a9U2%);iC%F>(T%c@<e&+BQ\"(k;Se)3=h!)P@'2)mB;C*5DOT*RFce*oI#!+7K73.\"D:!.?FN2.\\HbC/$K!T/AM5e/^OJ!0&Q^20CSrD3.Lu23KO4C3hQHT40S\\e4MUq!4jX0252ZDC5O\\XU8:U[C8WWoT8tZ.e9<\\C!9Y^W2:!`kC:>c*T:[e>f=F^AT=c`Ue>+bj!>He)2>eg=C?-iQT?Jkee?gn%\"BRg'eBoi<!C7kP2CTmdCCqp#TD9r7eDVtL!Dt!`3G^oc!H&r\"2HCt6CHa!JTI)#^eIF%s!Ic(22J+*FDLk#I2M3%]CMP'qTMm*0eN5,E!NR.Y2No0mCO73,UR\",/CR?.CTR\\0WeS$2l!SA5+2S^7?CT&9STTC;gfW.4jTWK7)eWh9>!X0;R2XM=fCXj@%TY2B9eYODN\"\\:=Pe\\W?e!\\tB$2]<D8C]YFLT^!H`e^>Ju!^[M43aFF7!acHK2b+J_CbHLsTbeO2ec-QG!cJS[2cgUoDfRNr2foQ1Cg7SETgTUYegqWn!h9Z-2hV\\AChs^UUk^WXCl&YlTlC\\+el`^@!m(`T2mEbhCmbe'Tn*g;fpj`>Tq2bReqOdg!qlg&2r4i:CrQkNTrnmbes6p!o$>\"'gFAlmaAO158!!!92F(o/r;f?JdA,uZ1#S1ujA7\\&CD/XK;;f?JdA,uZ1\"USXSDe!QX@;TQ]:LS#]F)58o!!","2098178":"!<d@[F*JtW#64c-E,TfC\"TSN&!<d@[F*[i5#64o6@VfsmCI<#NAJ&B_A1_J'GqE]@@:Us$@<6Mj","2099202":"!<d@[F*JtW#64c-E,TfC\"TSN&!<d@[F*[l6#64o6@VfsmCI<#NAINEeFC?bBE+*s.AT@eWD..ZVDfor>!<<*\"\":]'_FCfK9@;JJQF`MO'!!!!$'5V)uFAm-eGA^AuFCAuVDfp)Aa9Okt'sNle$4CE_FD5iB6Z6LHErl=A!#fKYD.PbAF_tQ)DeW`6FE1f#ATBA8CghC+*+r\\sANFLID..=#Bk/f;Ea`KiE\\26KFED)7Gl[tk0`V1R!!*.H0`V1R!!*.I0`V1R!!*.G1'%@T!!*.H1'.FU!!*.I1'%@T!!*FJE+*s.6Z7*bF9)@A!!s?\\E+*s.:Msuo6\"Y4ME_1+eDfTq#!>]BeBln&tCf,=`DKKT7GuJZjGA^u&z!>K6cBln&tCf>:]GA^9#@;^1$FEmid!!!$+B6%p5E)UIsAH;c2!!s$W@<5\"WE,Tc=ARkcO%s)\\uGA^u&7;d3]FD5<-z!!","3148802":"!<d@[F*JtW#64c-E,TfC\"onW'!<d@[F*[o7#64o6@VfsmCI<#NAJK9.@<?4%DIIR2@UX=nATTMJATMqt$#+:#ASuU.Ed7ZiEH>r7FE7]f!!!3,F)5c:ErZ1D$taEu6>URMCI<#NAJK9.@<?4%DIIR2@UX=nATTMJATMqs\"E\\p.AH[$bARkoMD.Rd%6#L=OA^XNS56(","4196354":"!<d@[F*JtW#64c-E,TfC#64`(!<d@[F*[l6#64o6@VfsmCI<#NAINB`DKKH1DCoC;GA[QiD..NtEbSru\"DMmpD?U5\\Bl7X&B*E6j@;0T_\"_VX[F)qP*F^]<4H3=OkATMNNDJ*csz!!","1048579":"!<d@[F*K\"X#64c-E,TfC\"98E%!<d@[F*dl4#64o6@VfsmCI<#NAIW-_Bldj%ARo7dDe!Pj$#O*mATDKnCi]UW!!(=L!!!B3@s)7!Bk28d!!!\"L\\GlQQq#:=%$Zg3(G@Pc)DeWa'!<<*\"nG*\"`$P@#lDfor.;f6Mt6ZljVBk2:8zz!>#52![%IC\"#']T\"@)qe\"],1!#%.E2#B0YD&-)\\2&J+pC&g./T'/0Ce'L2X!'i4l2(17+C(N9?U+92BC+V4VT+s6je,;9*!,X;>2,u=RC-=?fT-ZB%f0E;(T0b=<e1*?Q!1GAe21dD$C2,F8T2IHLe2fJa\"5QCce5nF#!66H726SJKC6pL_T78Nse7UQ3!7rSG3:]LJ!;%N^2;BPrC;_S1T<'UEe<DWZ!<aYn2=)\\-D?iU02@1WDC@NYXT@k[leA3^,!AP`@2AmbTCB5dhUDu]kCE=`*TEZb>eF\"dS!F?fg2F\\i&CG$k:TGAmNfJ,fQTJIheeJfk%!K.m92KKoMCKhqaTL0sueLN!5\"O8o7eOUqL!Ors`2P:utCPX#3TPu%GeQ='\\!QZ)p3TE\"s!Tb%22U*'FCUG)ZTUd+neV,..!VI0B2Vf2VDYQ+Y2Yn-mCZ60,TZS2@eZp4U![86i2[U9(C[r;<U^]4?C_%6ST_B8ge__;'!`'=;2`D?OC`aAcTa)D\"fci=%Td1?9edNAN!dkCb2e3F!CePH5TemJIef5L^\"huE`ei=Gu!iZJ42j\"LHCj?N\\Tj\\Ppek$S0!kAUD3n,NG!nIP[2nfRoCo.U.ToKWBeohYW!p0[k2pM^*<$>\"'gFAlmaAO158!!!92F(o/r;f?JdA,uZ1#S1ujA7\\&CD/XK;;f?JdA,uZ1\"USXSDe!QX@;TQ]:LS#]F)58o!!","1052675":"!<d@[F*K\"X#64c-E,TfC\"98E%!<d@[F*[r8#64o6@VfsmCI<#NAIW-_Bldj%ARo7dDe!Pj$#O*mATDKnCi]UW!!(=L!!!B3@s)7!Bk28d!!!\"LY^ZYsn:(EG$Zg3(G@Pc)DeWa'!<<*\"nF1o-$P@#lDfor.;f6Mt6ZljVBk2:8z#_2mT$'5,e$D7A!$a9U2%);iC%F>(T%c@<e&+BQ\"(k;Se)3=h!)P@'2)mB;C*5DOT*RFce*oI#!+7K73.\"D:!.?FN2.\\HbC/$K!T/AM5e/^OJ!0&Q^20CSrD3.Lu23KO4C3hQHT40S\\e4MUq!4jX0252ZDC5O\\XU8:U[C8WWoT8tZ.e9<\\C!9Y^W2:!`kC:>c*T:[e>f=F^AT=c`Ue>+bj!>He)2>eg=C?-iQT?Jkee?gn%\"BRg'eBoi<!C7kP2CTmdCCqp#TD9r7eDVtL!Dt!`3G^oc!H&r\"2HCt6CHa!JTI)#^eIF%s!Ic(22J+*FDLk#I2M3%]CMP'qTMm*0eN5,E!NR.Y2No0mCO73,UR\",/CR?.CTR\\0WeS$2l!SA5+2S^7?CT&9STTC;gfW.4jTWK7)eWh9>!X0;R2XM=fCXj@%TY2B9eYODN\"\\:=Pe\\W?e!\\tB$2]<D8C]YFLT^!H`e^>Ju!^[M43aFF7!acHK2b+J_CbHLsTbeO2ec-QG!cJS[2cgUoDfRNr2foQ1Cg7SETgTUYegqWn!h9Z-2hV\\AChs^UUk^WXCl&YlTlC\\+el`^@!m(`T2mEbhCmbe'Tn*g;fpj`>Tq2bReqOdg!qlg&2r4i:CrQkNTrnmbes6p!o$>\"'gFAlmaAO158!!!92F(o/r;f?JdA,uZ1#S1ujA7\\&CD/XK;;f?JdA,uZ1\"USXSDe!QX@;TQ]:LS#]F)58o!!","4194307":"!<d@[F*K\"X#64c-E,TfC#64`(!<d@[F*dl4#64o6@VfsmCI<#NAIW-_Bldj%ARo7dDe!Pj$#O*mATDKnCi]UW!!!Q8!!!B3@s)7!Bk28czq\"Far$Zg3(G@Pc)DeWa'!<<*\"E;9/-$P@#lDfor.;f6Mt6ZljVBk2:8zz!>#52![%IC\"#']T\"@)qe\"],1!#%.E2#B0YD&-)\\2&J+pC&g./T'/0Ce'L2X!'i4l2(17+C(N9?U+92BC+V4VT+s6je,;9*!,X;>2,u=RC-=?fT-ZB%f0E;(T0b=<e1*?Q!1GAe21dD$C2,F8T2IHLe2fJa\"5QCce5nF#!66H726SJKC6pL_T78Nse7UQ3!7rSG3:]LJ!;%N^2;BPrC;_S1T<'UEe<DWZ!<aYn2=)\\-D?iU02@1WDC@NYXT@k[leA3^,!AP`@2AmbTCB5dhUDu]kCE=`*TEZb>eF\"dS!F?fg2F\\i&CG$k:TGAmNfJ,fQTJIheeJfk%!K.m92KKoMCKhqaTL0sueLN!5\"O8o7eOUqL!Ors`2P:utCPX#3TPu%GeQ='\\!QZ)p3TE\"s!Tb%22U*'FCUG)ZTUd+neV,..!VI0B2Vf2VDYQ+Y2Yn-mCZ60,TZS2@eZp4U![86i2[U9(C[r;<U^]4?C_%6ST_B8ge__;'!`'=;2`D?OC`aAcTa)D\"fci=%Td1?9edNAN!dkCb2e3F!CePH5TemJIef5L^\"huE`ei=Gu!iZJ42j\"LHCj?N\\Tj\\Ppek$S0!kAUD3n,NG!nIP[2nfRoCo.U.ToKWBeohYW!p0[k2pM^*<$>\"'gFAlmaAO158!!!92F(o/r;f?JdA,uZ1#S1ujA7\\&CD/XK;;f?JdA,uZ1\"USXSDe!QX@;TQ]:LS#]F)58o!!","4198403":"!<d@[F*K\"X#64c-E,TfC#64`(!<d@[F*[r8#64o6@VfsmCI<#NAIW-_Bldj%ARo7dDe!Pj$#O*mATDKnCi]UW!!!Q8!!!B3@s)7!Bk28czn94j?$Zg3(G@Pc)DeWa'!<<*\"E:A&O$P@#lDfor.;f6Mt6ZljVBk2:8z#_2mT$'5,e$D7A!$a9U2%);iC%F>(T%c@<e&+BQ\"(k;Se)3=h!)P@'2)mB;C*5DOT*RFce*oI#!+7K73.\"D:!.?FN2.\\HbC/$K!T/AM5e/^OJ!0&Q^20CSrD3.Lu23KO4C3hQHT40S\\e4MUq!4jX0252ZDC5O\\XU8:U[C8WWoT8tZ.e9<\\C!9Y^W2:!`kC:>c*T:[e>f=F^AT=c`Ue>+bj!>He)2>eg=C?-iQT?Jkee?gn%\"BRg'eBoi<!C7kP2CTmdCCqp#TD9r7eDVtL!Dt!`3G^oc!H&r\"2HCt6CHa!JTI)#^eIF%s!Ic(22J+*FDLk#I2M3%]CMP'qTMm*0eN5,E!NR.Y2No0mCO73,UR\",/CR?.CTR\\0WeS$2l!SA5+2S^7?CT&9STTC;gfW.4jTWK7)eWh9>!X0;R2XM=fCXj@%TY2B9eYODN\"\\:=Pe\\W?e!\\tB$2]<D8C]YFLT^!H`e^>Ju!^[M43aFF7!acHK2b+J_CbHLsTbeO2ec-QG!cJS[2cgUoDfRNr2foQ1Cg7SETgTUYegqWn!h9Z-2hV\\AChs^UUk^WXCl&YlTlC\\+el`^@!m(`T2mEbhCmbe'Tn*g;fpj`>Tq2bReqOdg!qlg&2r4i:CrQkNTrnmbes6p!o$>\"'gFAlmaAO158!!!92F(o/r;f?JdA,uZ1#S1ujA7\\&CD/XK;;f?JdA,uZ1\"USXSDe!QX@;TQ]:LS#]F)58o!!","1028":"!<d@[F*K%Y#64c-E,TfC!rr<$!<d@[F*[i5#64o6@VfsmCI<#NAIW-_Bldj%ARo7dDe!Pj$#O*mATDKnCi]XX!!%-J!!)a/!!!B3@s)7!Bk28k!!!#Y<hBEA2iRgE<h08fVO@Oo[[R<;OT,='[\\!TUa,L)cet2sN$Zg3(G@Pc)DeWa'!rr<$o%'E5p5iV]p6u!]$P@#lDfor.;f6Mt6ZljVBk2:Xzz!>#52![%IC\"#']T\"@)qe\"],1!#%.E2#B0YC#_2mT$'5,e$D7A!$a9U2%);iC%F>(T%c@<e&+BQ\"&-)\\2&J+pC&g./T'/0Ce'L2X!'i4l2(17+C(N9?T(k;Se)3=h!)P@'2)mB;C*5DOT*RFce*oI#!+7K73+92BC+V4VT+s6je,;9*!,X;>2,u=RC.\\HbC/$K!T/AM5e/^OJ!0&Q^20CSrD0E;(T0b=<e1*?Q!1GAe21dD$C2,F8T3hQHT40S\\e4MUq!4jX0252ZDC5O\\XU5QCce5nF#!66H726SJKC6pL_T78Nse8tZ.e9<\\C!9Y^W2:!`kC:>c*T:[e>f:]LJ!;%N^2;BPrC;_S1T<'UEe<DWZ!>+bj!>He)2>eg=C?-iQT?Jkee?gn%&TE\"s!Tb%22U*'FCUG)ZTUd+neV,..!Wh9>!X0;R2XM=fCXj@%TY2B9eYODN\"YQ+Y2Yn-mCZ60,TZS2@eZp4U![86i2\\tB$2]<D8C]YFLT^!H`e^>Ju!^[M43^]4?C_%6ST_B8ge__;'!`'=;2`D?OCb+J_CbHLsTbeO2ec-QG!cJS[2cgUoDci=%Td1?9edNAN!dkCb2e3F!CePH5Tg7SETgTUYegqWn!h9Z-2hV\\AChs^UUhuE`ei=Gu!iZJ42j\"LHCj?N\\Tj\\Ppek$S0!kAUD2k^WXCl&YlTlC\\+el`^@!m(`T2mEbhCmbe'Tn*g;fn,NG!nIP[2nfRoCo.U.ToKWBeohYW!p0[k2pM^*Cpj`>Tq2bReqOdg!qlg&2r4i:CrQkNTrnmbes6p!o$>\"'gFAlmaAO158!!!92F(o/r;f?JdA,uZ1#S1ujA7\\&CD/XK;;f?JdA,uZ1\"USXSDe!QX@;TQkB45Xg3auoD@r!Z/ASu(\"Bk)@*De&h","2052":"!<d@[F*K%Y#64c-E,TfC!rr<$!<d@[F*[l6#64o6@VfsmCI<#NAIW-_Bldj%ARo7dDe!Pj$#O*mATDKnCi]UW!!%-J!!!B3@s)7!Bk28c!!!#=OT,:g$Zg3(G@Pc)DeWa'!<<*\"p5o:S$P@#lDfor.;f6Mt6ZljVBk2;#zz!>#52![%IC\"#']T\"@)qe\"],1!#%.E2#B0YC#_2mT$'5,e$D7A!$a9U2%);iC%F>(T%c@<e&+BQ\"&-)\\2&J+pC&g./T'/0Ce'L2X!'i4l2(17+C(N9?T(k;Se)3=h!)P@'2)mB;C*5DOT*RFce*oI#!+7K73+92BC+V4VT+s6je,;9*!,X;>2,u=RC-=?fT-ZB%e.\"D:!.?FN2.\\HbC/$K!T/AM5e/^OJ!0&Q^20CSrD0E;(T0b=<e1*?Q!1GAe21dD$C2,F8T2IHLe2fJa!3.Lu23KO4C3hQHT40S\\e4MUq!4jX0252ZDC5O\\XU5QCce5nF#!66H726SJKC6pL_T78Nse7UQ3!7rSG28:U[C8WWoT8tZ.e9<\\C!9Y^W2:!`kC:>c*T:[e>f:]LJ!;%N^2;BPrC;_S1T<'UEe<DWZ!<aYn2=)\\-C=F^AT=c`Ue>+bj!>He)2>eg=C?-iQT?Jkee?gn%&TE\"s!Tb%22U*'FCUG)ZTUd+neV,..!VI0B2Vf2VCW.4jTWK7)eWh9>!X0;R2XM=fCXj@%TY2B9eYODN\"YQ+Y2Yn-mCZ60,TZS2@eZp4U![86i2[U9(C[r;<T\\:=Pe\\W?e!\\tB$2]<D8C]YFLT^!H`e^>Ju!^[M43^]4?C_%6ST_B8ge__;'!`'=;2`D?OC`aAcTa)D\"eaFF7!acHK2b+J_CbHLsTbeO2ec-QG!cJS[2cgUoDci=%Td1?9edNAN!dkCb2e3F!CePH5TemJIef5L^!fRNr2foQ1Cg7SETgTUYegqWn!h9Z-2hV\\AChs^UUhuE`ei=Gu!iZJ42j\"LHCj?N\\Tj\\Ppek$S0!kAUD2k^WXCl&YlTlC\\+el`^@!m(`T2mEbhCmbe'Tn*g;fn,NG!nIP[2nfRoCo.U.ToKWBeohYW!p0[k2pM^*Cpj`>Tq2bReqOdg!qlg&2r4i:CrQkNTrnmbes6p!o$>\"'gFAlmaAO158!!!92F(o/r;f?JdA,uZ1#S1ujA7\\&CD/XK;;f?JdA,uZ1\"USXSDe!QX@;TQkB45Xg3auoD@r!Z/ASu(\"Bk)@*De&h","3076":"!<d@[F*K%Y#64c-E,TfC!rr<$!<d@[F*[o7#64o6@VfsmCI<#NAIW-_Bldj%ARo7dDe!Pj$#O*mATDKnCi]XX!!%-J!!)a/!!!B3@s)7!Bk28k!!!#Y<hBEA2iRgE<h08fVO@Oo[[R<;OT,='[\\!TUa,L)cet2sN$Zg3(G@Pc)DeWa'!rr<$o%'E5p5iV]p6u!]$P@#lDfor.;f6Mt6ZljVBk2:Xzz!>#52![%IC\"#']T\"@)qe\"],1!#%.E2#B0YC#_2mT$'5,e$D7A!$a9U2%);iC%F>(T%c@<e&+BQ\"&-)\\2&J+pC&g./T'/0Ce'L2X!'i4l2(17+C(N9?T(k;Se)3=h!)P@'2)mB;C*5DOT*RFce*oI#!+7K73+92BC+V4VT+s6je,;9*!,X;>2,u=RC.\\HbC/$K!T/AM5e/^OJ!0&Q^20CSrD0E;(T0b=<e1*?Q!1GAe21dD$C2,F8T3hQHT40S\\e4MUq!4jX0252ZDC5O\\XU5QCce5nF#!66H726SJKC6pL_T78Nse8tZ.e9<\\C!9Y^W2:!`kC:>c*T:[e>f:]LJ!;%N^2;BPrC;_S1T<'UEe<DWZ!>+bj!>He)2>eg=C?-iQT?Jkee?gn%&TE\"s!Tb%22U*'FCUG)ZTUd+neV,..!Wh9>!X0;R2XM=fCXj@%TY2B9eYODN\"YQ+Y2Yn-mCZ60,TZS2@eZp4U![86i2\\tB$2]<D8C]YFLT^!H`e^>Ju!^[M43^]4?C_%6ST_B8ge__;'!`'=;2`D?OCb+J_CbHLsTbeO2ec-QG!cJS[2cgUoDci=%Td1?9edNAN!dkCb2e3F!CePH5Tg7SETgTUYegqWn!h9Z-2hV\\AChs^UUhuE`ei=Gu!iZJ42j\"LHCj?N\\Tj\\Ppek$S0!kAUD2k^WXCl&YlTlC\\+el`^@!m(`T2mEbhCmbe'Tn*g;fn,NG!nIP[2nfRoCo.U.ToKWBeohYW!p0[k2pM^*Cpj`>Tq2bReqOdg!qlg&2r4i:CrQkNTrnmbes6p!o$>\"'gFAlmaAO158!!!92F(o/r;f?JdA,uZ1#S1ujA7\\&CD/XK;;f?JdA,uZ1\"USXSDe!QX@;TQkB45Xg3auoD@r!Z/ASu(\"Bk)@*De&h","5244932":"!<d@[F*K%Y#64c-E,TfC#QOi)!<d@[F*[l6#64o6@VfsmCI<#NAIW-_Bldj%ARo7dDe!Pj$#O*mATDKnCi]UW!!%?c!!!B3@s)7!Bk28cznFlnj$Zg3(G@Pc)DeWa'!<<*\"E:ET%#RY-[Blm9fA7\\&F!<<**$$0fkAQ*M`Bk.5E+:&L!Bk1d@Ci+*3FAm*oBk.5E+9`'\\Ci<g!:18!N#>A];FD,6+!!","2097157":"!<d@[F*K(Z#64c-E,TfC\"TSN&!<d@[F*dl4#64o6@VfsmCI<#NAIW-_Bldj%ARo7dDe!Pj$#O*mATDKnCi]UW!!)]s!!!B3@s)7!Bk28czGkV1G$Zg3(G@Pc)DeWa'!<<*\"E-V*W$P@#lDfor.;f6Mt6ZljVBk2;#zz!>#52![%IC\"#']T\"@)qe\"],1!#%.E2#B0YD&-)\\2&J+pC&g./T'/0Ce'L2X!'i4l2(17+C(N9?U+92BC+V4VT+s6je,;9*!,X;>2,u=RC-=?fT-ZB%f0E;(T0b=<e1*?Q!1GAe21dD$C2,F8T2IHLe2fJa\"5QCce5nF#!66H726SJKC6pL_T78Nse7UQ3!7rSG3:]LJ!;%N^2;BPrC;_S1T<'UEe<DWZ!<aYn2=)\\-D?iU02@1WDC@NYXT@k[leA3^,!AP`@2AmbTCB5dhUDu]kCE=`*TEZb>eF\"dS!F?fg2F\\i&CG$k:TGAmNfJ,fQTJIheeJfk%!K.m92KKoMCKhqaTL0sueLN!5!Lk#I2M3%]CMP'qTMm*0eN5,E!NR.Y2No0mCO73,UO8o7eOUqL!Ors`2P:utCPX#3TPu%GeQ='\\!QZ)p2R\",/CR?.CTR\\0WeS$2l!SA5+2S^7?CT&9STTC;gfTE\"s!Tb%22U*'FCUG)ZTUd+neV,..!VI0B2Vf2VCW.4jTWK7)eWh9>!X0;R2XM=fCXj@%TY2B9eYODN\"YQ+Y2Yn-mCZ60,TZS2@eZp4U![86i2[U9(C[r;<T\\:=Pe\\W?e!\\tB$2]<D8C]YFLT^!H`e^>Ju!^[M43^]4?C_%6ST_B8ge__;'!`'=;2`D?OC`aAcTa)D\"eaFF7!acHK2b+J_CbHLsTbeO2ec-QG!cJS[2cgUoDci=%Td1?9edNAN!dkCb2e3F!CePH5TemJIef5L^!fRNr2foQ1Cg7SETgTUYegqWn!h9Z-2hV\\AChs^UUhuE`ei=Gu!iZJ42j\"LHCj?N\\Tj\\Ppek$S0!kAUD2k^WXCl&YlTlC\\+el`^@!m(`T2mEbhCmbe'Tn*g;fn,NG!nIP[2nfRoCo.U.ToKWBeohYW!p0[k2pM^*Cpj`>Tq2bReqOdg!qlg&2r4i:CrQkNTrnmbes6p!o$>\"'gFAlmaAO158!!!92F(o/r;f?JdA,uZ1#S1ujA7\\&CD/XK;;f?JdA,uZ1\"USXSDe!QX@;TQ]:LS#]F)58o!!","2101253":"!<d@[F*K(Z#64c-E,TfC\"TSN&!<d@[F*[r8#64o6@VfsmCI<#NAIW-_Bldj%ARo7dDe!Pj$#O*mATDKnCi]UW!!)]s!!!B3@s)7!Bk28czE-D9i$Zg3(G@Pc)DeWa'!<<*\"E,^\"$$P@#lDfor.;f6Mt6ZljVBk2;#z#_2mT$'5,e$D7A!$a9U2%);iC%F>(T%c@<e&+BQ\"(k;Se)3=h!)P@'2)mB;C*5DOT*RFce*oI#!+7K73.\"D:!.?FN2.\\HbC/$K!T/AM5e/^OJ!0&Q^20CSrD3.Lu23KO4C3hQHT40S\\e4MUq!4jX0252ZDC5O\\XU8:U[C8WWoT8tZ.e9<\\C!9Y^W2:!`kC:>c*T:[e>f=F^AT=c`Ue>+bj!>He)2>eg=C?-iQT?Jkee?gn%\"BRg'eBoi<!C7kP2CTmdCCqp#TD9r7eDVtL!Dt!`3G^oc!H&r\"2HCt6CHa!JTI)#^eIF%s!Ic(22J+*FDJ,fQTJIheeJfk%!K.m92KKoMCKhqaTL0sueLN!5!Lk#I2M3%]CMP'qTMm*0eN5,E!NR.Y2No0mCO73,UO8o7eOUqL!Ors`2P:utCPX#3TPu%GeQ='\\!QZ)p2R\",/CR?.CTR\\0WeS$2l!SA5+2S^7?CT&9STTC;gfTE\"s!Tb%22U*'FCUG)ZTUd+neV,..!VI0B2Vf2VCW.4jTWK7)eWh9>!X0;R2XM=fCXj@%TY2B9eYODN\"YQ+Y2Yn-mCZ60,TZS2@eZp4U![86i2[U9(C[r;<T\\:=Pe\\W?e!\\tB$2]<D8C]YFLT^!H`e^>Ju!^[M43^]4?C_%6ST_B8ge__;'!`'=;2`D?OC`aAcTa)D\"eaFF7!acHK2b+J_CbHLsTbeO2ec-QG!cJS[2cgUoDci=%Td1?9edNAN!dkCb2e3F!CePH5TemJIef5L^!fRNr2foQ1Cg7SETgTUYegqWn!h9Z-2hV\\AChs^UUhuE`ei=Gu!iZJ42j\"LHCj?N\\Tj\\Ppek$S0!kAUD2k^WXCl&YlTlC\\+el`^@!m(`T2mEbhCmbe'Tn*g;fn,NG!nIP[2nfRoCo.U.ToKWBeohYW!p0[k2pM^*Cpj`>Tq2bReqOdg!qlg&2r4i:CrQkNTrnmbes6p!o$>\"'gFAlmaAO158!!!92F(o/r;f?JdA,uZ1#S1ujA7\\&CD/XK;;f?JdA,uZ1\"USXSDe!QX@;TQ]:LS#]F)58o!!","3145733":"!<d@[F*K(Z#64c-E,TfC\"onW'!<d@[F*dl4#64o6@VfsmCI<#NAIW-_Bldj%ARo7dDe!Pj$#O*mATDKnCi]UW!!)]s!!!B3@s)7!Bk28c!!!\"LGlIaO$Zg3(G@Pc)DeWa'!<<*\"n9Fs5$P@#lDfor.;f6Mt6ZljVBk2;#zz!>#52![%IC\"#']T\"@)qe\"],1!#%.E2#B0YD&-)\\2&J+pC&g./T'/0Ce'L2X!'i4l2(17+C(N9?U+92BC+V4VT+s6je,;9*!,X;>2,u=RC-=?fT-ZB%f0E;(T0b=<e1*?Q!1GAe21dD$C2,F8T2IHLe2fJa\"5QCce5nF#!66H726SJKC6pL_T78Nse7UQ3!7rSG3:]LJ!;%N^2;BPrC;_S1T<'UEe<DWZ!<aYn2=)\\-D?iU02@1WDC@NYXT@k[leA3^,!AP`@2AmbTCB5dhUDu]kCE=`*TEZb>eF\"dS!F?fg2F\\i&CG$k:TGAmNfJ,fQTJIheeJfk%!K.m92KKoMCKhqaTL0sueLN!5!Lk#I2M3%]CMP'qTMm*0eN5,E!NR.Y2No0mCO73,UO8o7eOUqL!Ors`2P:utCPX#3TPu%GeQ='\\!QZ)p2R\",/CR?.CTR\\0WeS$2l!SA5+2S^7?CT&9STTC;gfTE\"s!Tb%22U*'FCUG)ZTUd+neV,..!VI0B2Vf2VCW.4jTWK7)eWh9>!X0;R2XM=fCXj@%TY2B9eYODN\"YQ+Y2Yn-mCZ60,TZS2@eZp4U![86i2[U9(C[r;<T\\:=Pe\\W?e!\\tB$2]<D8C]YFLT^!H`e^>Ju!^[M43^]4?C_%6ST_B8ge__;'!`'=;2`D?OC`aAcTa)D\"eaFF7!acHK2b+J_CbHLsTbeO2ec-QG!cJS[2cgUoDci=%Td1?9edNAN!dkCb2e3F!CePH5TemJIef5L^!fRNr2foQ1Cg7SETgTUYegqWn!h9Z-2hV\\AChs^UUhuE`ei=Gu!iZJ42j\"LHCj?N\\Tj\\Ppek$S0!kAUD2k^WXCl&YlTlC\\+el`^@!m(`T2mEbhCmbe'Tn*g;fn,NG!nIP[2nfRoCo.U.ToKWBeohYW!p0[k2pM^*Cpj`>Tq2bReqOdg!qlg&2r4i:CrQkNTrnmbes6p!o$>\"'gFAlmaAO158!!!92F(o/r;f?JdA,uZ1#S1ujA7\\&CD/XK;;f?JdA,uZ1\"USXSDe!QX@;TQ]:LS#]F)58o!!","3149829":"!<d@[F*K(Z#64c-E,TfC\"onW'!<d@[F*[r8#64o6@VfsmCI<#NAIW-_Bldj%ARo7dDe!Pj$#O*mATDKnCi]UW!!)]s!!!B3@s)7!Bk28c!!!\"LE.7iq$Zg3(G@Pc)DeWa'!<<*\"n8NjW$P@#lDfor.;f6Mt6ZljVBk2;#z#_2mT$'5,e$D7A!$a9U2%);iC%F>(T%c@<e&+BQ\"(k;Se)3=h!)P@'2)mB;C*5DOT*RFce*oI#!+7K73.\"D:!.?FN2.\\HbC/$K!T/AM5e/^OJ!0&Q^20CSrD3.Lu23KO4C3hQHT40S\\e4MUq!4jX0252ZDC5O\\XU8:U[C8WWoT8tZ.e9<\\C!9Y^W2:!`kC:>c*T:[e>f=F^AT=c`Ue>+bj!>He)2>eg=C?-iQT?Jkee?gn%\"BRg'eBoi<!C7kP2CTmdCCqp#TD9r7eDVtL!Dt!`3G^oc!H&r\"2HCt6CHa!JTI)#^eIF%s!Ic(22J+*FDJ,fQTJIheeJfk%!K.m92KKoMCKhqaTL0sueLN!5!Lk#I2M3%]CMP'qTMm*0eN5,E!NR.Y2No0mCO73,UO8o7eOUqL!Ors`2P:utCPX#3TPu%GeQ='\\!QZ)p2R\",/CR?.CTR\\0WeS$2l!SA5+2S^7?CT&9STTC;gfTE\"s!Tb%22U*'FCUG)ZTUd+neV,..!VI0B2Vf2VCW.4jTWK7)eWh9>!X0;R2XM=fCXj@%TY2B9eYODN\"YQ+Y2Yn-mCZ60,TZS2@eZp4U![86i2[U9(C[r;<T\\:=Pe\\W?e!\\tB$2]<D8C]YFLT^!H`e^>Ju!^[M43^]4?C_%6ST_B8ge__;'!`'=;2`D?OC`aAcTa)D\"eaFF7!acHK2b+J_CbHLsTbeO2ec-QG!cJS[2cgUoDci=%Td1?9edNAN!dkCb2e3F!CePH5TemJIef5L^!fRNr2foQ1Cg7SETgTUYegqWn!h9Z-2hV\\AChs^UUhuE`ei=Gu!iZJ42j\"LHCj?N\\Tj\\Ppek$S0!kAUD2k^WXCl&YlTlC\\+el`^@!m(`T2mEbhCmbe'Tn*g;fn,NG!nIP[2nfRoCo.U.ToKWBeohYW!p0[k2pM^*Cpj`>Tq2bReqOdg!qlg&2r4i:CrQkNTrnmbes6p!o$>\"'gFAlmaAO158!!!92F(o/r;f?JdA,uZ1#S1ujA7\\&CD/XK;;f?JdA,uZ1\"USXSDe!QX@;TQ]:LS#]F)58o!!"},"Entities":[],"ReplaceMode":2}