[
  {
    "op": "add",
    "path": "/creativeinventory/ceramics",
    "value":  ["*-up-north-free"],
    "file": "game:blocktypes/clay/shinglestairs.json"
  },
  {
    "op": "add",
    "path": "/variantgroups/0/states/-",
    "value": "black",
    "file": "game:blocktypes/clay/shinglestairs.json"
  },
  {
    "op": "add",
    "path": "/variantgroups/0/states/-",
    "value": "blurple",
    "file": "game:blocktypes/clay/shinglestairs.json"
  },
  {
    "op": "add",
    "path": "/variantgroups/0/states/-",
    "value": "darkgrey",
    "file": "game:blocktypes/clay/shinglestairs.json"
  },
  {
    "op": "add",
    "path": "/variantgroups/0/states/-",
    "value": "green",
    "file": "game:blocktypes/clay/shinglestairs.json"
  },
  {
    "op": "add",
    "path": "/variantgroups/0/states/-",
    "value": "light",
    "file": "game:blocktypes/clay/shinglestairs.json"
  },
  {
    "op": "add",
    "path": "/variantgroups/0/states/-",
    "value": "malachite",
    "file": "game:blocktypes/clay/shinglestairs.json"
  },
  {
    "op": "add",
    "path": "/variantgroups/0/states/-",
    "value": "orange",
    "file": "game:blocktypes/clay/shinglestairs.json"
  },
  {
    "op": "add",
    "path": "/variantgroups/0/states/-",
    "value": "pink",
    "file": "game:blocktypes/clay/shinglestairs.json"
  },
  {
    "op": "add",
    "path": "/variantgroups/0/states/-",
    "value": "purple",
    "file": "game:blocktypes/clay/shinglestairs.json"
  },
  {
    "op": "add",
    "path": "/variantgroups/0/states/-",
    "value": "yellow",
    "file": "game:blocktypes/clay/shinglestairs.json"
  },
  {
    "op": "remove",
    "path": "/textures",
    "file": "game:blocktypes/clay/shinglestairs.json"
  },
  {
    "op": "add",
    "path": "/texturesByType",
    "value": {
	"@.*-(blue|red|fire|brown)-.*": { "sides": { "base": "game:block/clay/shingles/{variant}" } },
	"*": { "sides": { "base": "bricklayers:block/clay/shingles/{variant}" } }
    },
    "file": "game:blocktypes/clay/shinglestairs.json"
  }
]
