[
  {
    "op": "remove",
    "path": "/texture",
    "file": "game:itemtypes/resource/clayworkitem.json"
  },
  {
    "op": "add",
    "path": "/texturebyType",
    "value": {
      "*-blue": {
        "base": "game:block/soil/{type}clay"
      },
      "*-fire": {
        "base": "game:block/soil/{type}clay"
      },
      "*-white": {
        "base": "bricklayers:block/clay/raw/white"
      },
      "*-paleblue": {
        "base": "bricklayers:block/clay/raw/paleblue"
      },
      "*-palegreen": {
        "base": "bricklayers:block/clay/raw/palegreen"
      },
      "*-palered": {
        "base": "bricklayers:block/clay/raw/palered"
      },
      "*": {
        "base": "bricklayers:item/resource/clay/raw-{type}clay"
      }
    },
    "file": "game:itemtypes/resource/clayworkitem.json"
  },
  {
    "op": "add",
    "path": "/variantgroups/0/states/-",
    "value": "black",
    "file": "game:itemtypes/resource/clayworkitem.json"
  },
  {
    "op": "add",
    "path": "/variantgroups/0/states/-",
    "value": "blurple",
    "file": "game:itemtypes/resource/clayworkitem.json"
  },
  {
    "op": "add",
    "path": "/variantgroups/0/states/-",
    "value": "brown",
    "file": "game:itemtypes/resource/clayworkitem.json"
  },
  {
    "op": "add",
    "path": "/variantgroups/0/states/-",
    "value": "darkgrey",
    "file": "game:itemtypes/resource/clayworkitem.json"
  },
  {
    "op": "add",
    "path": "/variantgroups/0/states/-",
    "value": "green",
    "file": "game:itemtypes/resource/clayworkitem.json"
  },
  {
    "op": "add",
    "path": "/variantgroups/0/states/-",
    "value": "light",
    "file": "game:itemtypes/resource/clayworkitem.json"
  },
  {
    "op": "add",
    "path": "/variantgroups/0/states/-",
    "value": "malachite",
    "file": "game:itemtypes/resource/clayworkitem.json"
  },
  {
    "op": "add",
    "path": "/variantgroups/0/states/-",
    "value": "orange",
    "file": "game:itemtypes/resource/clayworkitem.json"
  },
  {
    "op": "add",
    "path": "/variantgroups/0/states/-",
    "value": "pink",
    "file": "game:itemtypes/resource/clayworkitem.json"
  },
  {
    "op": "add",
    "path": "/variantgroups/0/states/-",
    "value": "purple",
    "file": "game:itemtypes/resource/clayworkitem.json"
  },
  {
    "op": "add",
    "path": "/variantgroups/0/states/-",
    "value": "red",
    "file": "game:itemtypes/resource/clayworkitem.json"
  },
  {
    "op": "add",
    "path": "/variantgroups/0/states/-",
    "value": "yellow",
    "file": "game:itemtypes/resource/clayworkitem.json"
  },
  {
    "op": "add",
    "path": "/variantgroups/0/states/-",
    "value": "white",
    "file": "game:itemtypes/resource/clayworkitem.json"
  },
  {
    "op": "add",
    "path": "/variantgroups/0/states/-",
    "value": "paleblue",
    "file": "game:itemtypes/resource/clayworkitem.json"
  },
  {
    "op": "add",
    "path": "/variantgroups/0/states/-",
    "value": "palegreen",
    "file": "game:itemtypes/resource/clayworkitem.json"
  },
  {
    "op": "add",
    "path": "/variantgroups/0/states/-",
    "value": "palered",
    "file": "game:itemtypes/resource/clayworkitem.json"
  }
]
