[
  {
    "op": "add",
    "path": "/attributes",
    "value": {
	"canChisel": true,
	"chiselShapeFromCollisionBox": true
    },
    "file": "game:blocktypes/glass/slab-plain.json"
  },
  {
    "op": "add",
    "path": "/textures/inside-north",
    "value": { "base": "game:block/glass/plain" },
    "file": "game:blocktypes/glass/slab-plain.json"
  },
  {
    "op": "add",
    "path": "/textures/inside-east",
    "value": { "base": "game:block/glass/plain" },
    "file": "game:blocktypes/glass/slab-plain.json"
  },
  {
    "op": "add",
    "path": "/textures/inside-south",
    "value": { "base": "game:block/glass/plain" },
    "file": "game:blocktypes/glass/slab-plain.json"
  },
  {
    "op": "add",
    "path": "/textures/inside-west",
    "value": { "base": "game:block/glass/plain" },
    "file": "game:blocktypes/glass/slab-plain.json"
  },
  {
    "op": "add",
    "path": "/textures/inside-up",
    "value": { "base": "game:block/glass/plain" },
    "file": "game:blocktypes/glass/slab-plain.json"
  },
  {
    "op": "add",
    "path": "/textures/inside-down",
    "value": { "base": "game:block/glass/plain" },
    "file": "game:blocktypes/glass/slab-plain.json"
  }
]
