[
  {
    "op": "add",
    "path": "/variantgroups/0/states/-",
    "value": "black",
    "file": "game:itemtypes/resource/clay.json"
  },
  {
    "op": "add",
    "path": "/variantgroups/0/states/-",
    "value": "blurple",
    "file": "game:itemtypes/resource/clay.json"
  },
  {
    "op": "add",
    "path": "/variantgroups/0/states/-",
    "value": "brown",
    "file": "game:itemtypes/resource/clay.json"
  },
  {
    "op": "add",
    "path": "/variantgroups/0/states/-",
    "value": "darkgrey",
    "file": "game:itemtypes/resource/clay.json"
  },
  {
    "op": "add",
    "path": "/variantgroups/0/states/-",
    "value": "red",
    "file": "game:itemtypes/resource/clay.json"
  },
  {
    "op": "add",
    "path": "/variantgroups/0/states/-",
    "value": "green",
    "file": "game:itemtypes/resource/clay.json"
  },
  {
    "op": "add",
    "path": "/variantgroups/0/states/-",
    "value": "light",
    "file": "game:itemtypes/resource/clay.json"
  },
  {
    "op": "add",
    "path": "/variantgroups/0/states/-",
    "value": "malachite",
    "file": "game:itemtypes/resource/clay.json"
  },
  {
    "op": "add",
    "path": "/variantgroups/0/states/-",
    "value": "orange",
    "file": "game:itemtypes/resource/clay.json"
  },
  {
    "op": "add",
    "path": "/variantgroups/0/states/-",
    "value": "pink",
    "file": "game:itemtypes/resource/clay.json"
  },
  {
    "op": "add",
    "path": "/variantgroups/0/states/-",
    "value": "purple",
    "file": "game:itemtypes/resource/clay.json"
  },
  {
    "op": "add",
    "path": "/variantgroups/0/states/-",
    "value": "yellow",
    "file": "game:itemtypes/resource/clay.json"
  },
  {
    "op": "add",
    "path": "/variantgroups/0/states/-",
    "value": "paleblue",
    "file": "game:itemtypes/resource/clay.json"
  },
  {
    "op": "add",
    "path": "/variantgroups/0/states/-",
    "value": "palegreen",
    "file": "game:itemtypes/resource/clay.json"
  },
  {
    "op": "add",
    "path": "/variantgroups/0/states/-",
    "value": "palered",
    "file": "game:itemtypes/resource/clay.json"
  },
  {
    "op": "add",
    "path": "/variantgroups/0/states/-",
    "value": "white",
    "file": "game:itemtypes/resource/clay.json"
  },
  {
    "op": "remove",
    "path": "/combustibleProps",
    "file": "game:itemtypes/resource/clay.json"
  },
  {
    "op": "add",
    "path": "/combustiblePropsByType",
    "value": {
      "@.*-(paleblue|palegreen|palered|white)": {
	"meltingPoint": 950,
	"meltingDuration": 22,
	"smeltedRatio": 8,
	"smeltingType": "bake",
	"smeltedStack": { "type": "block", "code": "bricklayers:biscuitporcelain-{type}" },
	"requiresContainer": false
      },
      "*": {
	"meltingPoint": 300,
	"meltingDuration": 10,
	"smeltedRatio": 8,
	"smeltingType": "bake",
	"smeltedStack": { "type": "block", "code": "game:hardenedclay-{type}" },
	"requiresContainer": false
      }
    },
    "file": "game:itemtypes/resource/clay.json"
  },
  {
    "op": "remove",
    "path": "/shape",
    "file": "game:itemtypes/resource/clay.json"
  },
  {
    "op": "add",
    "path": "/shapeByType",
    "value": {
      "*-blue": { "base": "game:item/resource/{type}clay" },
      "*-fire": { "base": "game:item/resource/{type}clay" },
      "*": 	{ "base": "game:item/resource/blueclay" }
    },
    "file": "game:itemtypes/resource/clay.json"
  },
  {
    "op": "remove",
    "path": "/texture",
    "file": "game:itemtypes/resource/clay.json"
  },
  {
    "op": "add",
    "path": "/texturesByType",
    "value": {
      "*-blue": {
		"all": { "base": "game:block/soil/{type}clay" }
      },
      "*-fire": {
		"all": { "base": "game:block/soil/{type}clay" }
      },
      "*-paleblue": {
		"all": { "base": "bricklayers:block/clay/raw/paleblue" },
		"blueclay": { "base": "bricklayers:block/clay/raw/paleblue" }
      },
      "*-palegreen": {
		"all": { "base": "bricklayers:block/clay/raw/palegreen" },
		"blueclay": { "base": "bricklayers:block/clay/raw/palegreen" }
      },
      "*-palered": {
		"all": { "base": "bricklayers:block/clay/raw/palered" },
		"blueclay": { "base": "bricklayers:block/clay/raw/palered" }
      },
      "*-white": {
		"all": { "base": "bricklayers:block/clay/raw/white" },
		"blueclay": { "base": "bricklayers:block/clay/raw/white" }
      },
      "*": {
		"all": { "base": "bricklayers:item/resource/clay/raw-{type}clay" },
		"blueclay": { "base": "bricklayers:item/resource/clay/raw-{type}clay" }
      }
    },
    "file": "game:itemtypes/resource/clay.json"
  },
  {
    "op": "add",
    "path": "/creativeinventory/ceramics",
    "value":  ["*"],
    "file": "game:itemtypes/resource/clay.json"
  }
]
