[
  {
    "op": "add",
    "path": "/crushingPropsByType/ore-anthracite",
    "value": {
      "crushedStack": {
        "type": "item",
        "code": "crushed-coal",
        "stacksize": 5
      },
      "hardnessTier": 2
    },
    "file": "game:itemtypes/resource/ore-ungraded.json"
  },
  {
    "op": "add",
    "path": "/attributesByType",
    "value": {
	"ore-anthracite": {
	    "pigment": {
		"name": "Anthracite grey",
		"color": { "red": 45, "green": 46, "blue": 50 }
	    }
	}
    },
    "file": "game:itemtypes/resource/ore-ungraded.json"
  },
  {
    "op": "add",
    "path": "/crushingPropsByType/ore-bituminouscoal",
    "value": {
      "crushedStack": {
        "type": "item",
        "code": "crushed-coal",
        "stacksize": 2
      },
      "hardnessTier": 1
    },
    "file": "game:itemtypes/resource/ore-ungraded.json"
  }
]
