[
  {
    "op": "add",
    "path": "/creativeinventory/ceramics",
    "value":  ["*-free"],
    "file": "game:blocktypes/roofing/slantedroofingtip.json"
  },
  {
    "op": "add",
    "path": "/variantgroups/0/states/-",
    "value": "blackclay",
    "file": "game:blocktypes/roofing/slantedroofingtip.json"
  },
  {
    "op": "add",
    "path": "/variantgroups/0/states/-",
    "value": "blurpleclay",
    "file": "game:blocktypes/roofing/slantedroofingtip.json"
  },
  {
    "op": "add",
    "path": "/variantgroups/0/states/-",
    "value": "darkgreyclay",
    "file": "game:blocktypes/roofing/slantedroofingtip.json"
  },
  {
    "op": "add",
    "path": "/variantgroups/0/states/-",
    "value": "greenclay",
    "file": "game:blocktypes/roofing/slantedroofingtip.json"
  },
  {
    "op": "add",
    "path": "/variantgroups/0/states/-",
    "value": "lightclay",
    "file": "game:blocktypes/roofing/slantedroofingtip.json"
  },
  {
    "op": "add",
    "path": "/variantgroups/0/states/-",
    "value": "malachiteclay",
    "file": "game:blocktypes/roofing/slantedroofingtip.json"
  },
  {
    "op": "add",
    "path": "/variantgroups/0/states/-",
    "value": "orangeclay",
    "file": "game:blocktypes/roofing/slantedroofingtip.json"
  },
  {
    "op": "add",
    "path": "/variantgroups/0/states/-",
    "value": "pinkclay",
    "file": "game:blocktypes/roofing/slantedroofingtip.json"
  },
  {
    "op": "add",
    "path": "/variantgroups/0/states/-",
    "value": "purpleclay",
    "file": "game:blocktypes/roofing/slantedroofingtip.json"
  },
  {
    "op": "add",
    "path": "/variantgroups/0/states/-",
    "value": "yellowclay",
    "file": "game:blocktypes/roofing/slantedroofingtip.json"
  },
  {
    "op": "add",
    "path": "/texturesByType/*-blackclay-*",
    "value": { "material": { "base": "bricklayers:block/clay/shingles/black" } },
    "file": "game:blocktypes/roofing/slantedroofingtip.json"
  },
  {
    "op": "add",
    "path": "/texturesByType/*-blurpleclay-*",
    "value": { "material": { "base": "bricklayers:block/clay/shingles/blurple" } },
    "file": "game:blocktypes/roofing/slantedroofingtip.json"
  },
  {
    "op": "add",
    "path": "/texturesByType/*-darkgreyclay-*",
    "value": { "material": { "base": "bricklayers:block/clay/shingles/darkgrey" } },
    "file": "game:blocktypes/roofing/slantedroofingtip.json"
  },
  {
    "op": "add",
    "path": "/texturesByType/*-greenclay-*",
    "value": { "material": { "base": "bricklayers:block/clay/shingles/green" } },
    "file": "game:blocktypes/roofing/slantedroofingtip.json"
  },
  {
    "op": "add",
    "path": "/texturesByType/*-lightclay-*",
    "value": { "material": { "base": "bricklayers:block/clay/shingles/light" } },
    "file": "game:blocktypes/roofing/slantedroofingtip.json"
  },
  {
    "op": "add",
    "path": "/texturesByType/*-malachiteclay-*",
    "value": { "material": { "base": "bricklayers:block/clay/shingles/malachite" } },
    "file": "game:blocktypes/roofing/slantedroofingtip.json"
  },
  {
    "op": "add",
    "path": "/texturesByType/*-orangeclay-*",
    "value": { "material": { "base": "bricklayers:block/clay/shingles/orange" } },
    "file": "game:blocktypes/roofing/slantedroofingtip.json"
  },
  {
    "op": "add",
    "path": "/texturesByType/*-pinkclay-*",
    "value": { "material": { "base": "bricklayers:block/clay/shingles/pink" } },
    "file": "game:blocktypes/roofing/slantedroofingtip.json"
  },
  {
    "op": "add",
    "path": "/texturesByType/*-purpleclay-*",
    "value": { "material": { "base": "bricklayers:block/clay/shingles/purple" } },
    "file": "game:blocktypes/roofing/slantedroofingtip.json"
  },
  {
    "op": "add",
    "path": "/texturesByType/*-yellowclay-*",
    "value": { "material": { "base": "bricklayers:block/clay/shingles/yellow" } },
    "file": "game:blocktypes/roofing/slantedroofingtip.json"
  },
  {
    "op": "remove",
    "path": "/shapeByType/@.*-(fire|blue|red|brown)clay-.*",
    "file": "game:blocktypes/roofing/slantedroofingtip.json"
  },
  {
    "op": "remove",
    "path": "/shapeByType/*",
    "comment": "Fix #235 - wrong clay roofs",
    "file": "game:blocktypes/roofing/slantedroofingtip.json"
  },
  {
    "op": "add",
    "path": "/shapeByType/@.*-(copper|slate)-.*",
    "value": { "base": "block/roofing/tip/shingles-slate-copper-{cover}" },
    "comment": "Fix #235 - wrong clay roofs",
    "file": "game:blocktypes/roofing/slantedroofingtip.json"
  },
  {
    "op": "add",
    "path": "/shapeByType/@.*-([a-z]+)clay-.*",
    "value": { "base": "block/roofing/tip/shingles-clay-{cover}" },
    "file": "game:blocktypes/roofing/slantedroofingtip.json"
  },
  {
    "op": "add",
    "path": "/blockmaterialByType/@.*-([a-z]+)clay-.*",
    "value": "Ceramic",
    "file": "game:blocktypes/roofing/slantedroofingtip.json"
  },
  {
    "op": "add",
    "path": "/soundsByType/@.*-([a-z]+)clay-.*",
    "value": {
	"walk": "walk/stone",
	"place": "block/ceramicplace"
    },
    "file": "game:blocktypes/roofing/slantedroofingtip.json"
  }
]
