[
  {
    "op": "add",
    "path": "/attributes/handbook/groupBy",
    "value": ["hardenedclay-*"],
    "file": "game:blocktypes/clay/hardenedclay.json"
  },
  {
    "op": "add",
    "path": "/variantgroups/0/states/-",
    "value": "black",
    "file": "game:blocktypes/clay/hardenedclay.json"
  },
  {
    "op": "add",
    "path": "/variantgroups/0/states/-",
    "value": "blurple",
    "file": "game:blocktypes/clay/hardenedclay.json"
  },
  {
    "op": "add",
    "path": "/variantgroups/0/states/-",
    "value": "darkgrey",
    "file": "game:blocktypes/clay/hardenedclay.json"
  },
  {
    "op": "add",
    "path": "/variantgroups/0/states/-",
    "value": "green",
    "file": "game:blocktypes/clay/hardenedclay.json"
  },
  {
    "op": "add",
    "path": "/variantgroups/0/states/-",
    "value": "light",
    "file": "game:blocktypes/clay/hardenedclay.json"
  },
  {
    "op": "add",
    "path": "/variantgroups/0/states/-",
    "value": "malachite",
    "file": "game:blocktypes/clay/hardenedclay.json"
  },
  {
    "op": "add",
    "path": "/variantgroups/0/states/-",
    "value": "orange",
    "file": "game:blocktypes/clay/hardenedclay.json"
  },
  {
    "op": "add",
    "path": "/variantgroups/0/states/-",
    "value": "pink",
    "file": "game:blocktypes/clay/hardenedclay.json"
  },
  {
    "op": "add",
    "path": "/variantgroups/0/states/-",
    "value": "purple",
    "file": "game:blocktypes/clay/hardenedclay.json"
  },
  {
    "op": "add",
    "path": "/variantgroups/0/states/-",
    "value": "yellow",
    "file": "game:blocktypes/clay/hardenedclay.json"
  },
  {
    "op": "remove",
    "path": "/textures",
    "file": "game:blocktypes/clay/hardenedclay.json"
  },
  {
    "op": "remove",
    "path": "/attributes/handbook/excludeByType",
    "file": "game:blocktypes/clay/hardenedclay.json"
  },
  {
    "op": "add",
    "path": "/texturesByType",
    "value": {
      "*-brown": {
        "all": {
          "base": "game:block/clay/hardened/{type}1",
          "alternates": [
            { "base": "game:block/clay/hardened/{type}2" }
          ]
        }
      },
      "*-blue": {
        "all": {
          "base": "game:block/clay/hardened/{type}1",
          "alternates": [
            { "base": "game:block/clay/hardened/{type}2" }
          ]
        }
      },
      "*-fire": {
        "all": {
          "base": "game:block/clay/hardened/{type}1",
          "alternates": [
            { "base": "game:block/clay/hardened/{type}2" }
          ]
        }
      },
      "*-red": {
        "all": {
          "base": "game:block/clay/hardened/{type}1",
          "alternates": [
            { "base": "game:block/clay/hardened/{type}2" }
          ]
        }
      },
      "*": {
        "all": {
          "base": "bricklayers:block/clay/hardened/{type}*"
        }
      }
    },
    "file": "game:blocktypes/clay/hardenedclay.json"
  }
]
