[
  {
    "op": "add",
    "path": "/server/attributes/tradeProps/buying/list/-",
    "value": {
	"code": "bricklayers:powdered-boneash",
	"type": "item",
	    "stacksize": 30,
	    "stock": {
		"avg": 4,
		"var": 2
	    },
	    "price": {
		"avg": 4,
		"var": 0.5
	    }
    },
    "file": "game:entities/humanoid/trader-foods.json"
  },
  {
    "op": "add",
    "path": "/server/attributes/tradeProps/selling/list/-",
    "value": {
	"code": "bricklayers:crockcolored-burned-yellow-east",
	"type": "block",
	    "stacksize": 1,
	    "stock": {
		"avg": 2,
		"var": 1
	    },
	    "price": {
		"avg": 8,
		"var": 0.5
	    }
    },
    "file": "game:entities/humanoid/trader-foods.json"
  },
  {
    "op": "add",
    "path": "/server/attributes/tradeProps/selling/list/-",
    "value": {
	"code": "bricklayers:crockcolored-burned-orange-east",
	"type": "block",
	    "stacksize": 1,
	    "stock": {
		"avg": 2,
		"var": 1
	    },
	    "price": {
		"avg": 8,
		"var": 0.5
	    }
    },
    "file": "game:entities/humanoid/trader-foods.json"
  },
  {
    "op": "add",
    "path": "/server/attributes/tradeProps/selling/list/-",
    "value": {
	"code": "bricklayers:crockcolored-burned-blurple-east",
	"type": "block",
	    "stacksize": 1,
	    "stock": {
		"avg": 2,
		"var": 1
	    },
	    "price": {
		"avg": 9,
		"var": 0.5
	    }
    },
    "file": "game:entities/humanoid/trader-foods.json"
  },
  {
    "op": "add",
    "path": "/server/attributes/tradeProps/selling/list/-",
    "value": {
	"code": "bricklayers:crockcolored-burned-purple-east",
	"type": "block",
	    "stacksize": 1,
	    "stock": {
		"avg": 2,
		"var": 1
	    },
	    "price": {
		"avg": 9,
		"var": 0.5
	    }
    },
    "file": "game:entities/humanoid/trader-foods.json"
  }
]
