[
  {
    "op": "add",
    "path": "/creativeinventory/ceramics",
    "value":  ["*"],
    "file": "game:itemtypes/resource/shingle.json"
  },
  {
    "op": "remove",
    "path": "/skipVariants",
    "file": "game:itemtypes/resource/shingle.json"
  },
  {
    "op": "add",
    "path": "/variantgroups/1/states/-",
    "value": "black",
    "file": "game:itemtypes/resource/shingle.json"
  },
  {
    "op": "add",
    "path": "/variantgroups/1/states/-",
    "value": "blurple",
    "file": "game:itemtypes/resource/shingle.json"
  },
  {
    "op": "add",
    "path": "/variantgroups/1/states/-",
    "value": "darkgrey",
    "file": "game:itemtypes/resource/shingle.json"
  },
  {
    "op": "add",
    "path": "/variantgroups/1/states/-",
    "value": "green",
    "file": "game:itemtypes/resource/shingle.json"
  },
  {
    "op": "add",
    "path": "/variantgroups/1/states/-",
    "value": "light",
    "file": "game:itemtypes/resource/shingle.json"
  },
  {
    "op": "add",
    "path": "/variantgroups/1/states/-",
    "value": "malachite",
    "file": "game:itemtypes/resource/shingle.json"
  },
  {
    "op": "add",
    "path": "/variantgroups/1/states/-",
    "value": "orange",
    "file": "game:itemtypes/resource/shingle.json"
  },
  {
    "op": "add",
    "path": "/variantgroups/1/states/-",
    "value": "pink",
    "file": "game:itemtypes/resource/shingle.json"
  },
  {
    "op": "add",
    "path": "/variantgroups/1/states/-",
    "value": "purple",
    "file": "game:itemtypes/resource/shingle.json"
  },
  {
    "op": "add",
    "path": "/variantgroups/1/states/-",
    "value": "yellow",
    "file": "game:itemtypes/resource/shingle.json"
  },
  {
    "op": "remove",
    "path": "/texturesByType/*-burned-*",
    "file": "game:itemtypes/resource/shingle.json"
  },
  {
    "op": "add",
    "path": "/texturesByType/*-burned-red",
    "value": { "material": { "base": "block/clay/shingles/{type}" } },
    "file": "game:itemtypes/resource/shingle.json"
  },
  {
    "op": "add",
    "path": "/texturesByType/*-burned-blue",
    "value": { "material": { "base": "block/clay/shingles/{type}" } },
    "file": "game:itemtypes/resource/shingle.json"
  },
  {
    "op": "add",
    "path": "/texturesByType/*-burned-brown",
    "value": { "material": { "base": "block/clay/shingles/{type}" } },
    "file": "game:itemtypes/resource/shingle.json"
  },
  {
    "op": "add",
    "path": "/texturesByType/*-burned-fire",
    "value": { "material": { "base": "block/clay/shingles/{type}" } },
    "file": "game:itemtypes/resource/shingle.json"
  },
  {
    "op": "add",
    "path": "/texturesByType/*-burned-*",
    "value": { "material": { "base": "bricklayers:block/clay/shingles/{type}" } },
    "file": "game:itemtypes/resource/shingle.json"
  },
  {
    "op": "remove",
    "path": "/texturesByType/*-raw-*",
    "file": "game:itemtypes/resource/shingle.json"
  },
  {
    "op": "add",
    "path": "/texturesByType/*-raw-blue",
    "value": { "material": { "base": "block/clay/{type}clay" } },
    "file": "game:itemtypes/resource/shingle.json"
  },
  {
    "op": "add",
    "path": "/texturesByType/*-raw-fire",
    "value": { "material": { "base": "block/clay/{type}clay" } },
    "file": "game:itemtypes/resource/shingle.json"
  },
  {
    "op": "add",
    "path": "/texturesByType/*-raw-*",
    "value": { "material": { "base": "bricklayers:block/clay/raw/{type}" } },
    "file": "game:itemtypes/resource/shingle.json"
  }
]
