[
  {
    "op": "add",
    "path": "/server/attributes/tradeProps/selling/list/-",
    "value": {
	"code": "bricklayers:glazedplanter-burnt-milky-gold-checker",
	"type": "block",
	    "stacksize": 1,
	    "stock": {
		"avg": 1,
		"var": 0
	    },
	    "price": {
		"avg": 22,
		"var": 3
	    }
    },
    "file": "game:entities/humanoid/trader-treasurehunter.json"
  },
  {
    "op": "add",
    "path": "/server/attributes/tradeProps/selling/list/-",
    "value": {
	"code": "bricklayers:glazedplanter-burnt-clear-gold-plain",
	"type": "block",
	    "stacksize": 1,
	    "stock": {
		"avg": 1,
		"var": 0
	    },
	    "price": {
		"avg": 21,
		"var": 3
	    }
    },
    "file": "game:entities/humanoid/trader-treasurehunter.json"
  },
  {
    "op": "add",
    "path": "/server/attributes/tradeProps/selling/list/-",
    "value": {
	"code": "bricklayers:glazedplanter-burnt-clear-blue-lines",
	"type": "block",
	    "stacksize": 1,
	    "stock": {
		"avg": 1,
		"var": 0
	    },
	    "price": {
		"avg": 16,
		"var": 3
	    }
    },
    "file": "game:entities/humanoid/trader-treasurehunter.json"
  },
  {
    "op": "add",
    "path": "/server/attributes/tradeProps/selling/list/-",
    "value": {
	"code": "bricklayers:glazedflowerpot-burnt-clear-white-plain",
	"type": "block",
	    "stacksize": 1,
	    "stock": {
		"avg": 3,
		"var": 1
	    },
	    "price": {
		"avg": 7,
		"var": 1
	    }
    },
    "file": "game:entities/humanoid/trader-treasurehunter.json"
  },
  {
    "op": "add",
    "path": "/server/attributes/tradeProps/selling/list/-",
    "value": {
	"code": "bricklayers:glazedflowerpot-burnt-clear-gold-plain",
	"type": "block",
	    "stacksize": 1,
	    "stock": {
		"avg": 3,
		"var": 1
	    },
	    "price": {
		"avg": 8,
		"var": 1
	    }
    },
    "file": "game:entities/humanoid/trader-treasurehunter.json"
  },
  {
    "op": "add",
    "path": "/server/attributes/tradeProps/selling/list/-",
    "value": {
	"code": "bricklayers:glazedflowerpot-burnt-clear-redbrown-checker",
	"type": "block",
	    "stacksize": 1,
	    "stock": {
		"avg": 3,
		"var": 1
	    },
	    "price": {
		"avg": 6,
		"var": 1
	    }
    },
    "file": "game:entities/humanoid/trader-treasurehunter.json"
  },
  {
    "op": "add",
    "path": "/server/attributes/tradeProps/selling/list/-",
    "value": {
	"code": "bricklayers:glazedflowerpot-burnt-clear-purple-checker",
	"type": "block",
	    "stacksize": 1,
	    "stock": {
		"avg": 3,
		"var": 1
	    },
	    "price": {
		"avg": 9,
		"var": 1
	    }
    },
    "file": "game:entities/humanoid/trader-treasurehunter.json"
  },
  {
    "op": "add",
    "path": "/server/attributes/tradeProps/selling/list/-",
    "value": {
	"code": "bricklayers:glazedflowerpot-burnt-milky-malachite-lines",
	"type": "block",
	    "stacksize": 1,
	    "stock": {
		"avg": 3,
		"var": 1
	    },
	    "price": {
		"avg": 7,
		"var": 1
	    }
    },
    "file": "game:entities/humanoid/trader-treasurehunter.json"
  },
  {
    "op": "add",
    "path": "/server/attributes/tradeProps/selling/list/-",
    "value": {
	"code": "bricklayers:glazedbowl-burnt-milky-blue-plain",
	"type": "block",
	    "stacksize": 2,
	    "stock": {
		"avg": 2,
		"var": 1
	    },
	    "price": {
		"avg": 2,
		"var": 0.25
	    }
    },
    "file": "game:entities/humanoid/trader-treasurehunter.json"
  },
  {
    "op": "add",
    "path": "/server/attributes/tradeProps/selling/list/-",
    "value": {
	"code": "bricklayers:glazedbowl-burnt-milky-red-plain",
	"type": "block",
	    "stacksize": 2,
	    "stock": {
		"avg": 2,
		"var": 1
	    },
	    "price": {
		"avg": 2,
		"var": 0.25
	    }
    },
    "file": "game:entities/humanoid/trader-treasurehunter.json"
  },
  {
    "op": "add",
    "path": "/server/attributes/tradeProps/selling/list/-",
    "value": {
	"code": "bricklayers:glazedbowl-burnt-clear-redbrown-plain",
	"type": "block",
	    "stacksize": 2,
	    "stock": {
		"avg": 2,
		"var": 1
	    },
	    "price": {
		"avg": 2,
		"var": 0.25
	    }
    },
    "file": "game:entities/humanoid/trader-treasurehunter.json"
  },
  {
    "op": "add",
    "path": "/server/attributes/tradeProps/selling/list/-",
    "value": {
	"code": "bricklayers:glasscolored-milky-red",
	"type": "block",
	    "stacksize": 4,
	    "stock": {
		"avg": 16,
		"var": 4
	    },
	    "price": {
		"avg": 2,
		"var": 0.5
	    }
    },
    "file": "game:entities/humanoid/trader-treasurehunter.json"
  },
  {
    "op": "add",
    "path": "/server/attributes/tradeProps/selling/list/-",
    "value": {
	"code": "bricklayers:glasscolored-dark-green",
	"type": "block",
	    "stacksize": 4,
	    "stock": {
		"avg": 16,
		"var": 4
	    },
	    "price": {
		"avg": 2,
		"var": 0.5
	    }
    },
    "file": "game:entities/humanoid/trader-treasurehunter.json"
  }
]
