[
  {
    "op": "add",
    "path": "/server/attributes/tradeProps/selling/list/-",
    "value": {
	"code": "bricklayers:powdered-coal",
	"type": "item",
	    "stacksize": 32,
	    "stock": {
		"avg": 5,
		"var": 2
	    },
	    "price": {
		"avg": 2,
		"var": 0.5
	    }
    },
    "file": "game:entities/humanoid/trader-commodities.json"
  },
  {
    "op": "add",
    "path": "/server/attributes/tradeProps/selling/list/-",
    "value": {
	"code": "bricklayers:powdered-massicot",
	"type": "item",
	    "stacksize": 16,
	    "stock": {
		"avg": 4,
		"var": 2
	    },
	    "price": {
		"avg": 3,
		"var": 0.5
	    }
    },
    "file": "game:entities/humanoid/trader-commodities.json"
  },
  {
    "op": "add",
    "path": "/server/attributes/tradeProps/selling/list/-",
    "value": {
	"code": "bricklayers:powdered-litharge",
	"type": "item",
	    "stacksize": 16,
	    "stock": {
		"avg": 4,
		"var": 2
	    },
	    "price": {
		"avg": 3,
		"var": 0.5
	    }
    },
    "file": "game:entities/humanoid/trader-commodities.json"
  },
  {
    "op": "add",
    "path": "/server/attributes/tradeProps/selling/list/-",
    "value": {
	"code": "bricklayers:powdered-quartz",
	"type": "item",
	    "stacksize": 32,
	    "stock": {
		"avg": 4,
		"var": 2
	    },
	    "price": {
		"avg": 2,
		"var": 0.5
	    }
    },
    "file": "game:entities/humanoid/trader-commodities.json"
  },
  {
    "op": "add",
    "path": "/server/attributes/tradeProps/selling/list/-",
    "value": {
	"code": "bricklayers:cookedbones",
	"type": "item",
	    "stacksize": 24,
	    "stock": {
		"avg": 6,
		"var": 2
	    },
	    "price": {
		"avg": 2,
		"var": 0.5
	    }
    },
    "file": "game:entities/humanoid/trader-commodities.json"
  },
  {
    "op": "add",
    "path": "/server/attributes/tradeProps/selling/list/-",
    "value": {
	"code": "bricklayers:powdered-boneash",
	"type": "item",
	    "stacksize": 28,
	    "stock": {
		"avg": 4,
		"var": 2
	    },
	    "price": {
		"avg": 3,
		"var": 0.5
	    }
    },
    "file": "game:entities/humanoid/trader-commodities.json"
  },
  {
    "op": "add",
    "path": "/server/attributes/tradeProps/selling/list/-",
    "value": {
	"code": "bricklayers:powdered-galena",
	"type": "item",
	    "stacksize": 24,
	    "stock": {
		"avg": 2,
		"var": 3
	    },
	    "price": {
		"avg": 3,
		"var": 0.5
	    }
    },
    "file": "game:entities/humanoid/trader-commodities.json"
  },
  {
    "op": "add",
    "path": "/server/attributes/tradeProps/selling/list/-",
    "value": {
	"code": "bricklayers:powdered-copper",
	"type": "item",
	    "stacksize": 16,
	    "stock": {
		"avg": 8,
		"var": 3
	    },
	    "price": {
		"avg": 3,
		"var": 0.5
	    }
    },
    "file": "game:entities/humanoid/trader-commodities.json"
  }
]
