[
  {
    "op": "add",
    "path": "/3/sealHours",
    "value": 62,
    "file": "game:recipes/barrel/dye/yellow.json"
  },
  {
    "op": "add",
    "path": "/4/sealHours",
    "value": 62,
    "file": "game:recipes/barrel/dye/yellow.json"
  },
  {
    "op": "add",
    "path": "/5/sealHours",
    "value": 62,
    "file": "game:recipes/barrel/dye/yellow.json"
  },
  {
    "op": "remove",
    "comment": "Remove yellow dye based on crushed-leadoxide, we add later lead-based yellow/red dyes.",
    "path": "/0",
    "file": "game:recipes/barrel/dye/yellow.json"
  },
  {
    "op": "remove",
    "comment": "Remove yellow dye based on crushed-leadoxide, we add later lead-based yellow/red dyes.",
    "path": "/0",
    "file": "game:recipes/barrel/dye/yellow.json"
  },
  {
    "op": "remove",
    "comment": "Remove yellow dye based on crushed-leadoxide, we add later lead-based yellow/red dyes.",
    "path": "/0",
    "file": "game:recipes/barrel/dye/yellow.json"
  }
]
