[
  {
    "op": "add",
    "path": "/0/sealHours",
    "value": 97,
    "file": "game:recipes/barrel/dye/green.json"
  },
  {
    "op": "add",
    "path": "/1/sealHours",
    "value": 97,
    "file": "game:recipes/barrel/dye/green.json"
  },
  {
    "op": "add",
    "path": "/2/sealHours",
    "value": 97,
    "file": "game:recipes/barrel/dye/green.json"
  },
  {
    "op": "add",
    "path": "/3/sealHours",
    "value": 62,
    "file": "game:recipes/barrel/dye/green.json"
  },
  {
    "op": "add",
    "path": "/4/sealHours",
    "value": 62,
    "file": "game:recipes/barrel/dye/green.json"
  },
  {
    "op": "add",
    "path": "/5/sealHours",
    "value": 62,
    "file": "game:recipes/barrel/dye/green.json"
  }
]
