{
	"editor": {
		"allAngles": false,
		"entityTextureMode": false
	},
	"textureWidth": 16,
	"textureHeight": 16,
	"textureSizes": {
	},
	"textures": {
		"sides": "game:block/wood/trunk/sides",
		"oak4": "game:block/wood/planks/oak4"
	},
	"elements": [
		{
			"name": "Bottom",
			"from": [ 0.0, 0.0, 0.0 ], 
			"to": [ 16.0, 1.0, 16.0 ], 
			"rotationOrigin": [ 8.0, 0.0, 16.0 ],
			"rotationX": 10.0,
			"faces": {
				"north": { "texture": "#sides", "uv": [ 0.0, 0.0, 14.0, 1.0 ], "autoUv": false },
				"east": { "texture": "#sides", "uv": [ 0.0, 0.0, 14.0, 1.0 ], "autoUv": false },
				"south": { "texture": "#sides", "uv": [ 0.0, 0.0, 14.0, 1.0 ], "autoUv": false },
				"west": { "texture": "#sides", "uv": [ 0.0, 0.0, 14.0, 1.0 ], "autoUv": false },
				"up": { "texture": "#sides", "uv": [ 0.0, 0.0, 14.0, 12.0 ], "autoUv": false },
				"down": { "texture": "#sides", "uv": [ 0.0, 0.0, 14.0, 12.0 ], "autoUv": false }
			},
			"children": [
				{
					"name": "Back1",
					"from": [ 0.0, 1.3, 0.0 ], 
					"to": [ 16.0, 4.3, 1.0 ], 
					"rotationOrigin": [ 8.0, 2.8, 0.0 ],
					"rotationZ": 0.9,
					"faces": {
						"north": { "texture": "#oak4", "uv": [ 0.0, 0.0, 14.0, 3.0 ], "autoUv": false },
						"east": { "texture": "#oak4", "uv": [ 0.0, 0.0, 1.0, 3.0 ] },
						"south": { "texture": "#oak4", "uv": [ 0.0, 0.0, 14.0, 3.0 ], "autoUv": false },
						"west": { "texture": "#oak4", "uv": [ 0.0, 0.0, 1.0, 3.0 ] },
						"up": { "texture": "#oak4", "uv": [ 0.0, 0.0, 14.0, 1.0 ], "autoUv": false },
						"down": { "texture": "#oak4", "uv": [ 0.0, 0.0, 14.0, 1.0 ], "autoUv": false }
					}
				},
				{
					"name": "Back2",
					"from": [ 0.0, 5.0, 0.0 ], 
					"to": [ 16.0, 8.0, 1.0 ], 
					"rotationOrigin": [ 8.0, 6.5, 0.0 ],
					"rotationZ": 1.8,
					"faces": {
						"north": { "texture": "#oak4", "uv": [ 0.0, 0.0, 14.0, 3.0 ], "autoUv": false },
						"east": { "texture": "#oak4", "uv": [ 0.0, 0.0, 1.0, 3.0 ] },
						"south": { "texture": "#oak4", "uv": [ 0.0, 0.0, 14.0, 3.0 ], "autoUv": false },
						"west": { "texture": "#oak4", "uv": [ 0.0, 0.0, 1.0, 3.0 ] },
						"up": { "texture": "#oak4", "uv": [ 0.0, 0.0, 14.0, 1.0 ], "autoUv": false },
						"down": { "texture": "#oak4", "uv": [ 0.0, 0.0, 14.0, 1.0 ], "autoUv": false }
					}
				},
				{
					"name": "Stand1",
					"from": [ 1.0, 1.0, 1.0 ], 
					"to": [ 3.0, 9.0, 3.0 ], 
					"rotationOrigin": [ 1.0, 1.0, 1.0 ],
					"faces": {
						"north": { "texture": "#oak4", "uv": [ 0.0, 0.0, 2.0, 8.0 ] },
						"east": { "texture": "#oak4", "uv": [ 0.0, 0.0, 2.0, 8.0 ] },
						"south": { "texture": "#oak4", "uv": [ 0.0, 0.0, 2.0, 8.0 ] },
						"west": { "texture": "#oak4", "uv": [ 0.0, 0.0, 2.0, 8.0 ] },
						"up": { "texture": "#oak4", "uv": [ 0.0, 0.0, 2.0, 2.0 ] },
						"down": { "texture": "#oak4", "uv": [ 0.0, 0.0, 2.0, 2.0 ] }
					}
				},
				{
					"name": "Stand5",
					"from": [ 13.0, 1.0, 1.0 ], 
					"to": [ 15.0, 9.0, 3.0 ], 
					"rotationOrigin": [ 13.0, 1.0, 1.0 ],
					"faces": {
						"north": { "texture": "#oak4", "uv": [ 0.0, 0.0, 2.0, 8.0 ] },
						"east": { "texture": "#oak4", "uv": [ 0.0, 0.0, 2.0, 8.0 ] },
						"south": { "texture": "#oak4", "uv": [ 0.0, 0.0, 2.0, 8.0 ] },
						"west": { "texture": "#oak4", "uv": [ 0.0, 0.0, 2.0, 8.0 ] },
						"up": { "texture": "#oak4", "uv": [ 0.0, 0.0, 2.0, 2.0 ] },
						"down": { "texture": "#oak4", "uv": [ 0.0, 0.0, 2.0, 2.0 ] }
					}
				},
				{
					"name": "Stand6",
					"from": [ 13.0, 1.0, 13.0 ], 
					"to": [ 15.0, 9.0, 15.0 ], 
					"rotationOrigin": [ 13.0, 1.0, 13.0 ],
					"faces": {
						"north": { "texture": "#oak4", "uv": [ 0.0, 0.0, 2.0, 8.0 ] },
						"east": { "texture": "#oak4", "uv": [ 0.0, 0.0, 2.0, 8.0 ] },
						"south": { "texture": "#oak4", "uv": [ 0.0, 0.0, 2.0, 8.0 ] },
						"west": { "texture": "#oak4", "uv": [ 0.0, 0.0, 2.0, 8.0 ] },
						"up": { "texture": "#oak4", "uv": [ 0.0, 0.0, 2.0, 2.0 ] },
						"down": { "texture": "#oak4", "uv": [ 0.0, 0.0, 2.0, 2.0 ] }
					}
				},
				{
					"name": "Stand7",
					"from": [ 1.0, 1.0, 13.0 ], 
					"to": [ 3.0, 9.0, 15.0 ], 
					"rotationOrigin": [ 1.0, 1.0, 13.0 ],
					"faces": {
						"north": { "texture": "#oak4", "uv": [ 0.0, 0.0, 2.0, 8.0 ] },
						"east": { "texture": "#oak4", "uv": [ 0.0, 0.0, 2.0, 8.0 ] },
						"south": { "texture": "#oak4", "uv": [ 0.0, 0.0, 2.0, 8.0 ] },
						"west": { "texture": "#oak4", "uv": [ 0.0, 0.0, 2.0, 8.0 ] },
						"up": { "texture": "#oak4", "uv": [ 0.0, 0.0, 2.0, 2.0 ] },
						"down": { "texture": "#oak4", "uv": [ 0.0, 0.0, 2.0, 2.0 ] }
					}
				},
				{
					"name": "Front2",
					"from": [ 0.0, 1.3, 15.0 ], 
					"to": [ 16.0, 4.3, 16.0 ], 
					"rotationOrigin": [ 8.0, 2.8, 15.0 ],
					"rotationZ": -1.1,
					"faces": {
						"north": { "texture": "#oak4", "uv": [ 0.0, 0.0, 14.0, 3.0 ], "autoUv": false },
						"east": { "texture": "#oak4", "uv": [ 0.0, 0.0, 1.0, 3.0 ] },
						"south": { "texture": "#oak4", "uv": [ 0.0, 0.0, 14.0, 3.0 ], "autoUv": false },
						"west": { "texture": "#oak4", "uv": [ 0.0, 0.0, 1.0, 3.0 ] },
						"up": { "texture": "#oak4", "uv": [ 0.0, 0.0, 14.0, 1.0 ], "autoUv": false },
						"down": { "texture": "#oak4", "uv": [ 0.0, 0.0, 14.0, 1.0 ], "autoUv": false }
					}
				},
				{
					"name": "Left1",
					"from": [ 0.0, 1.4, 1.5 ], 
					"to": [ 1.0, 4.4, 14.5 ], 
					"rotationOrigin": [ 0.0, 2.9, 8.25 ],
					"rotationX": -1.3,
					"faces": {
						"north": { "texture": "#oak4", "uv": [ 0.0, 0.0, 1.0, 3.0 ] },
						"east": { "texture": "#oak4", "uv": [ 0.0, 0.0, 13.0, 3.0 ] },
						"south": { "texture": "#oak4", "uv": [ 0.0, 0.0, 1.0, 3.0 ] },
						"west": { "texture": "#oak4", "uv": [ 0.0, 0.0, 13.0, 3.0 ] },
						"up": { "texture": "#oak4", "uv": [ 0.0, 0.0, 1.0, 13.0 ] },
						"down": { "texture": "#oak4", "uv": [ 0.0, 0.0, 1.0, 13.0 ] }
					}
				},
				{
					"name": "Left2",
					"from": [ 0.0, 5.0, 1.5 ], 
					"to": [ 1.0, 8.0, 14.5 ], 
					"rotationOrigin": [ 0.0, 6.5, 8.25 ],
					"rotationX": 0.4,
					"faces": {
						"north": { "texture": "#oak4", "uv": [ 0.0, 0.0, 1.0, 3.0 ] },
						"east": { "texture": "#oak4", "uv": [ 0.0, 0.0, 13.0, 3.0 ] },
						"south": { "texture": "#oak4", "uv": [ 0.0, 0.0, 1.0, 3.0 ] },
						"west": { "texture": "#oak4", "uv": [ 0.0, 0.0, 13.0, 3.0 ] },
						"up": { "texture": "#oak4", "uv": [ 0.0, 0.0, 1.0, 13.0 ] },
						"down": { "texture": "#oak4", "uv": [ 0.0, 0.0, 1.0, 13.0 ] }
					}
				},
				{
					"name": "Right1",
					"from": [ 15.0, 1.4, 1.5 ], 
					"to": [ 16.0, 4.4, 14.5 ], 
					"rotationOrigin": [ 15.0, 2.9, 8.25 ],
					"rotationX": 2.5,
					"faces": {
						"north": { "texture": "#oak4", "uv": [ 0.0, 0.0, 1.0, 3.0 ] },
						"east": { "texture": "#oak4", "uv": [ 0.0, 0.0, 13.0, 3.0 ] },
						"south": { "texture": "#oak4", "uv": [ 0.0, 0.0, 1.0, 3.0 ] },
						"west": { "texture": "#oak4", "uv": [ 0.0, 0.0, 13.0, 3.0 ] },
						"up": { "texture": "#oak4", "uv": [ 0.0, 0.0, 1.0, 13.0 ] },
						"down": { "texture": "#oak4", "uv": [ 0.0, 0.0, 1.0, 13.0 ] }
					}
				},
				{
					"name": "Right2",
					"from": [ 15.0, 5.0, 1.5 ], 
					"to": [ 16.0, 8.0, 14.5 ], 
					"rotationOrigin": [ 15.0, 6.5, 8.25 ],
					"rotationX": 3.6,
					"faces": {
						"north": { "texture": "#oak4", "uv": [ 0.0, 0.0, 1.0, 3.0 ] },
						"east": { "texture": "#oak4", "uv": [ 0.0, 0.0, 13.0, 3.0 ] },
						"south": { "texture": "#oak4", "uv": [ 0.0, 0.0, 1.0, 3.0 ] },
						"west": { "texture": "#oak4", "uv": [ 0.0, 0.0, 13.0, 3.0 ] },
						"up": { "texture": "#oak4", "uv": [ 0.0, 0.0, 1.0, 13.0 ] },
						"down": { "texture": "#oak4", "uv": [ 0.0, 0.0, 1.0, 13.0 ] }
					}
				}
			]
		},
		{
			"name": "Cube1",
			"from": [ 0.0, 0.0, 0.0 ], 
			"to": [ 16.0, 2.7, 1.0 ], 
			"rotationOrigin": [ 0.0, 0.0, 0.0 ],
			"rotationX": 5.0,
			"faces": {
				"north": { "texture": "#oak4", "uv": [ 0.0, 0.0, 16.0, 2.5 ] },
				"east": { "texture": "#oak4", "uv": [ 0.0, 0.0, 1.0, 2.5 ] },
				"south": { "texture": "#oak4", "uv": [ 0.0, 0.0, 16.0, 2.5 ] },
				"west": { "texture": "#oak4", "uv": [ 0.0, 0.0, 1.0, 2.5 ] },
				"up": { "texture": "#oak4", "uv": [ 0.0, 0.0, 16.0, 1.0 ] },
				"down": { "texture": "#oak4", "uv": [ 0.0, 0.0, 16.0, 1.0 ] }
			}
		}
	]}