{
	"editor": {
		"allAngles": false,
		"entityTextureMode": false
	},
	"textureWidth": 16,
	"textureHeight": 16,
	"textureSizes": {
	},
	"textures": {
		"normal1": "game:block/cloth/linen/normal1"
	},
	"elements": [
		{
			"name": "Cube1",
			"from": [ 0.0, 0.0, 0.0 ], 
			"to": [ 16.0, 1.0, 16.0 ], 
			"faces": {
				"north": { "texture": "#normal1", "uv": [ 0.0, 0.0, 16.0, 1.0 ] },
				"east": { "texture": "#normal1", "uv": [ 0.0, 0.0, 16.0, 1.0 ] },
				"south": { "texture": "#normal1", "uv": [ 0.0, 0.0, 16.0, 1.0 ] },
				"west": { "texture": "#normal1", "uv": [ 0.0, 0.0, 16.0, 1.0 ] },
				"up": { "texture": "#normal1", "uv": [ 0.0, 0.0, 16.0, 16.0 ] },
				"down": { "texture": "#normal1", "uv": [ 0.0, 0.0, 16.0, 16.0 ] }
			},
			"children": [
				{
					"name": "Cube2",
					"from": [ -0.01, 0.0, 16.0 ], 
					"to": [ 16.01, 1.0, 21.0 ], 
					"rotationOrigin": [ 0.0, 1.0, 16.0 ],
					"rotationX": 67.5,
					"faces": {
						"north": { "texture": "#normal1", "uv": [ 0.0, 0.0, 16.0, 1.0 ] },
						"east": { "texture": "#normal1", "uv": [ 0.0, 0.0, 5.0, 1.0 ] },
						"south": { "texture": "#normal1", "uv": [ 0.0, 0.0, 16.0, 1.0 ] },
						"west": { "texture": "#normal1", "uv": [ 0.0, 0.0, 5.0, 1.0 ] },
						"up": { "texture": "#normal1", "uv": [ 0.0, 0.0, 16.0, 5.0 ] },
						"down": { "texture": "#normal1", "uv": [ 0.0, 0.0, 16.0, 5.0 ] }
					}
				},
				{
					"name": "Cube3",
					"from": [ -0.01, 0.0, -3.0 ], 
					"to": [ 16.01, 1.0, 0.0 ], 
					"rotationOrigin": [ 0.0, 1.0, 0.0 ],
					"rotationX": -67.5,
					"faces": {
						"north": { "texture": "#normal1", "uv": [ 0.0, 0.0, 16.0, 1.0 ] },
						"east": { "texture": "#normal1", "uv": [ 0.0, 0.0, 3.0, 1.0 ] },
						"south": { "texture": "#normal1", "uv": [ 0.0, 0.0, 16.0, 1.0 ] },
						"west": { "texture": "#normal1", "uv": [ 0.0, 0.0, 3.0, 1.0 ] },
						"up": { "texture": "#normal1", "uv": [ 0.0, 0.0, 16.0, 3.0 ] },
						"down": { "texture": "#normal1", "uv": [ 0.0, 0.0, 16.0, 3.0 ] }
					}
				}
			]
		}
	]}