[
	{
	"ingredientPattern": "S",
	"ingredients": {
		"S": { "type": "block", "code": "bricklayers:glassslabcolored-plain-*-down-free", "name": "color" }
	},
	"width": 1,
	"height": 1,
	"output": { "type": "block", "code": "bricklayers:glassslabcolored-plain-{color}-down-free", "quantity": 1 }
	},
	{
	"ingredientPattern": "S",
	"ingredients": {
		"S": { "type": "block", "code": "bricklayers:glassslabcolored-dark-*-down-free", "name": "color" }
	},
	"width": 1,
	"height": 1,
	"output": { "type": "block", "code": "bricklayers:glassslabcolored-dark-{color}-down-free", "quantity": 1 }
	},
	{
	"ingredientPattern": "S",
	"ingredients": {
		"S": { "type": "block", "code": "bricklayers:glassslabcolored-milky-*-down-free", "name": "color" }
	},
	"width": 1,
	"height": 1,
	"output": { "type": "block", "code": "bricklayers:glassslabcolored-milky-{color}-down-free", "quantity": 1 }
	},
	{
	"ingredientPattern": "S",
	"ingredients": {
		"S": { "type": "block", "code": "bricklayers:glassslabcolored-opaque-*-down-free", "name": "color" }
	},
	"width": 1,
	"height": 1,
	"output": { "type": "block", "code": "bricklayers:glassslabcolored-opaque-{color}-down-free", "quantity": 1 }
	},
	{
	"ingredientPattern": "S",
	"ingredients": {
		"S": { "type": "block", "code": "bricklayers:glassslabcolored-quartz-*-down-free", "name": "color" }
	},
	"width": 1,
	"height": 1,
	"output": { "type": "block", "code": "bricklayers:glassslabcolored-quartz-{color}-down-free", "quantity": 1 }
	},
	{
	"ingredientPattern": "S",
	"ingredients": {
		"S": { "type": "block", "code": "bricklayers:glassslabcolored-smoky-*-down-free", "name": "color" }
	},
	"width": 1,
	"height": 1,
	"output": { "type": "block", "code": "bricklayers:glassslabcolored-smoky-{color}-down-free", "quantity": 1 }
	}
]
