{
  "code": "crab",
  "class": "itemcrab",
  "variantgroups": [
    {
      "code": "type",
      "states": ["landcrab","bairdicrab"]
    }
  ],
  "maxstacksize": 64,
  "shapebytype": {
    "*": {
      "base": "entity/land/crab"
    }
  },
  "texturesbytype": {
    "*": {
      "crab": {
        "base": "entity/land/crab/{type}"
      }
    }
  },
  "creativeinventory": {
    "general": ["*"],
    "items": ["*"],
    "creatures": ["*"],
    "primitive": ["*"]
  },
  "heldRightTpIdleAnimation": "holdinglanternrighthand",
  "materialDensity": 600,
  "fpHandTransformbytype": {
    "*-landcrab": {
      "rotation": {
        "x": 119,
        "y": 60,
        "z": 168
      },
      "origin": {
        "x": 0.5,
        "y": -0.35,
        "z": -0.2
      },
      "scale": 4.7
    },
    "*-bairdicrab": {
      "rotation": {
        "x": 119,
        "y": 60,
        "z": 168
      },
      "origin": {
        "x": 0.5,
        "y": -0.35,
        "z": -0.2
      },
      "scale": 5.1
    }
  },
  "guiTransformbytype": {
    "*-landcrab": {
      "translation": {
        "x": 4,
        "y": 4.1,
        "z": 0
      },
      "rotation": {
        "x": 126,
        "y": -127,
        "z": -8
      },
      "origin": {
        "x": 0.6,
        "y": -0.1,
        "z": 0.38
      },
      "scale": 3.54
    },
    "*-bairdicrab": {
      "translation": {
        "x": 4,
        "y": 4.1,
        "z": 0
      },
      "rotation": {
        "x": 126,
        "y": -127,
        "z": -8
      },
      "origin": {
        "x": 0.6,
        "y": -0.1,
        "z": 0.38
      },
      "scale": 4
    }
  },
  "tpHandTransformbytype": {
    "*-landcrab": {
      "translation": {
        "x": -0.15,
        "y": -0.8,
        "z": -0.45
      },
      "rotation": {
        "x": 180,
        "y": 174,
        "z": -5
      },
      "origin": {
        "x": 0.4,
        "y": 0.5,
        "z": 0.5
      },
      "scale": 1.51
    },
    "*-bairdicrab": {
      "translation": {
        "x": -0.15,
        "y": -0.8,
        "z": -0.45
      },
      "rotation": {
        "x": 180,
        "y": 174,
        "z": -5
      },
      "origin": {
        "x": 0.4,
        "y": 0.5,
        "z": 0.5
      },
      "scale": 1.81
    }
  },
  "groundTransformbytype": {
    "*-landcrab": {
      "translation": {
        "x": 0,
        "y": 0,
        "z": 0
      },
      "rotation": {
        "x": -8,
        "y": 142,
        "z": 180
      },
      "origin": {
        "x": 0.5,
        "y": 0.15,
        "z": 0.5299
      },
      "scale": 5.5
    },
    "*-bairdicrab": {
      "translation": {
        "x": 0,
        "y": 0,
        "z": 0
      },
      "rotation": {
        "x": -8,
        "y": 142,
        "z": 180
      },
      "origin": {
        "x": 0.5,
        "y": 0.15,
        "z": 0.5299
      },
      "scale": 6
    }
  }
}
