{
	"code": "glasscolored",
	"attributes": {
		"handbook": { "groupBy": ["glasscolored-*"] },
		"canChisel": true
	},
	"variantgroups": [
		{ "code": "type",  "states": [ "plain", "dark", "milky", "opaque", "quartz", "smoky" ] },
		{ "code": "color", "states": [ "black", "blue", "brown", "green", "pink", "red", "violet", "white", "yellow" ] }
	],
	"skipVariants": [ "@.*plain-(blue|brown|green|pink|red|violet|yellow)", "@.*(plain|dark|milky|quartz|smoky)-white" ],
	"drawtype": "json",
	"creativeinventory": { "general": ["*"], "construction": ["*"], "glass": ["*"] },
	"blockmaterial": "Glass",
	"replaceable": 900,
	"faceCullModeByType": {
	       "*-opaque-*": "Default",
	       "*": "MergeMaterial"
	},
	"lightAbsorptionByType": {
	       "*-milky-*": 2,
	       "*-quartz-*": 2,
	       "*-smoky-*": 3,
	       "*-dark-yellow": 3,
	       "*-dark-black": 6,
	       "*-dark-*": 4,
	       "*-opaque-white": 7,
	       "*-opaque-black": 9,
	       "*-opaque-*": 8,
	       "*": 0
	},
	"shapeByType": {
	       "*-opaque-*": { "base": "bricklayers:block/glass/framed_opaque" },
	       "*": { "base": "game:block/glass/framed" }
	},
	"renderPassByType": {
		"*-opaque-*": "Opaque",
		"*": "Transparent"
	},
	"vertexFlagsByType": {
		"*-opaque-*": { "reflective": true },
		"*": { "zOffset": 2 }
	},
	"texturesByType": {
		"*-plain-*": { "material": { "base": "bricklayers:block/glass/normal/{color}_normal" } },
		"*-dark-*": { "material": { "base": "bricklayers:block/glass/dark/{color}" } },
		"*-opaque-*": {
				"inside-north": { "base": "bricklayers:block/glass/opaque/{color}" },
				"inside-east": { "base": "bricklayers:block/glass/opaque/{color}" },
				"inside-south": { "base": "bricklayers:block/glass/opaque/{color}" },
				"inside-west": { "base": "bricklayers:block/glass/opaque/{color}" },
				"inside-up": { "base": "bricklayers:block/glass/opaque/{color}" },
				"inside-down": { "base": "bricklayers:block/glass/opaque/{color}" },
				"material": { "base": "bricklayers:block/glass/opaque/{color}" }

		},
		"*": { "material": { "base": "bricklayers:block/glass/normal/{color}", "overlays": [ "bricklayers:block/glass/overlay_{type}" ] } }
	},
	"resistance": 0.25,
	"materialDensity": 1200,
	"sideopaqueByType": {
		"*-opaque-*": { "all": true },
		"*": { "all": false }
	},
	"sounds": {
		"place": "game:player/buildhigh",
		"break": "game:block/glass",
		"hit": "game:block/glass"
	},
	"groundTransform": {
		"origin": { "x": 0.5, "y": -0.01, "z": 0.5 }
	},
	"heldTpIdleAnimation": "holdbothhandslarge", "heldTpUseAnimation": "twohandplaceblock",
	"tpHandTransform": {
		"translation": { "x": -1.2, "y": -1.1, "z": -0.8 },
		"rotation": { "x": -2, "y": 25, "z": -78 },
		"scale": 0.37
	}
}
