{
	"code": "glassslabcolored",
	"class": "BlockSlabSnowRemove",
	"behaviors": [
		{ "name": "OmniRotatable", "properties": { "rotateSides": true, "facing": "block" } }
	],
	"variantgroups": [
		{ "code": "type",  "states": [ "plain", "dark", "milky", "opaque", "quartz", "smoky" ] },
		{ "code": "color", "states": [ "black", "blue", "brown", "green", "pink", "red", "violet", "white", "yellow" ] },
		{ "code": "rot", "states": ["north", "east", "south", "west", "up", "down"] },
		{ "code": "cover", "states": ["free", "snow"] }
	],
	"skipVariants": [ "@.*plain-(blue|brown|green|pink|red|violet|yellow)-.*", "@.*(plain|dark|milky|quartz|smoky)-white-.*", "*-up-snow" ],
	"attributes": {
		"handbook": { "groupBy": ["glassslab-*"] },
		"canChisel": true,
		"chiselShapeFromCollisionBox": true
	},
	"blockmaterial": "Glass",
	"creativeinventory": {
		"general": ["*-down-free"], "construction": ["*-down-free"], "glass": ["*-down-free"]
	},
	"drops": [{ "code": "bricklayers:glassslabcolored-{type}-{color}-down-free" }],
	"shapeByType": {
	       "*-opaque-*-snow": { "base": "bricklayers:block/glass/{cover}-framed-slab-{rot}" },
	       "*-opaque-*-free": { "base": "bricklayers:block/glass/{cover}-framed-slab-{rot}" },
	       "*-snow": { "base": "game:block/glass/{cover}-framed-slab-{rot}" },
	       "*-free": { "base": "game:block/glass/{cover}-framed-slab-{rot}" }
	},
	"sidesolidByType": {
		"*-north-*": { "all": false, "north": true },
		"*-east-*": { "all": false, "east": true },
		"*-south-*": { "all": false, "south": true },
		"*-west-*": { "all": false, "west": true },
		"*-up-*": { "all": false, "up": true },
		"*-down-*": { "all": false, "down": true }
	},
	"sideopaque": { "all": false },
	"sideAo": { "all": false },
	"renderPassByType": {
		"*-opaque-*": "Opaque",
		"*": "Transparent"
	},
	"resistance": 0.25,
	"lightAbsorption": 0,
	"faceCullModeByType": {
	       "*-opaque-*": "Default",
	       "*": "MergeMaterial"
	},
	"lightAbsorptionByType": {
	       "*-milky-*": 2,
	       "*-quartz-*": 2,
	       "*-smoky-*": 3,
	       "*-dark-yellow-*": 3,
	       "*-dark-black-*": 6,
	       "*-dark-*": 4,
	       "*-opaque-*": 8,
	       "*": 0
	},
	"texturesByType": {
		"*-plain-*": { "material": { "base": "bricklayers:block/glass/normal/{color}_normal" } },
		"*-dark-*": { "material": { "base": "bricklayers:block/glass/dark/{color}" } },
		"*-opaque-*": { "material": { "base": "bricklayers:block/glass/opaque/{color}" },
				"inside-north": { "base": "bricklayers:block/glass/opaque/{color}" },
				"inside-east": { "base": "bricklayers:block/glass/opaque/{color}" },
				"inside-south": { "base": "bricklayers:block/glass/opaque/{color}" },
				"inside-west": { "base": "bricklayers:block/glass/opaque/{color}" },
				"inside-up": { "base": "bricklayers:block/glass/opaque/{color}" },
				"inside-down": { "base": "bricklayers:block/glass/opaque/{color}" }
		},
		"*": { "material": { "base": "bricklayers:block/glass/normal/{color}", "overlays": [ "bricklayers:block/glass/overlay_{type}" ] } }
	},
	"collisionbox": { "x1": 0, "y1": 0, "z1": 0, "x2": 1, "y2": 0.5, "z2": 1,
		"rotateXByType": {
			"*-north-*": 90,
			"*-south-*": 270,
			"*-up-*": 180,
			"*-down-*": 0
		},
		"rotateZByType": {
			"*-east-*": 90,
			"*-west-*": 270
		}
	},
	"selectionbox": { "x1": 0, "y1": 0, "z1": 0, "x2": 1, "y2": 0.5, "z2": 1,
		"rotateXByType": {
			"*-north-*": 90,
			"*-south-*": 270,
			"*-up-*": 180,
			"*-down-*": 0
		},
		"rotateZByType": {
			"*-east-*": 90,
			"*-west-*": 270
		}
	},
	"vertexFlagsByType": {
		"*-opaque-*-snow": { "reflective": false },
		"*-opaque-*-free": { "reflective": false },
		"*": { "zOffset": 0 }
	},
	"sounds": {
		"place": "game:player/buildhigh",
		"break": "game:block/glass",
		"hit": "game:block/glass"
	},
	"materialDensity": 1200,
	"guiTransform": {
		"translation": { "x": 0, "y": 2, "z": 0 },
		"origin": { "x": 0.5, "y": 0.25, "z": 0.5 }
	},
	"groundTransform": {
		"origin": { "x": 0.5, "y": -0.01, "z": 0.5 }
	},
	"heldTpIdleAnimation": "holdbothhandslarge", "heldTpUseAnimation": "twohandplaceblock",
	"tpHandTransform": {
		"translation": { "x": -1.2, "y": -1.1, "z": -0.8 },
		"rotation": { "x": -2, "y": 25, "z": -78 },
		"scale": 0.37
	}
}
