{
	"editor": {
		"allAngles": false,
		"entityTextureMode": false
	},
	"textureWidth": 16,
	"textureHeight": 16,
	"textureSizes": {
	},
	"textures": {
	},
	"elements": [
		{
			"name": "origin",
			"from": [ -0.4, 2.5, -0.2 ], 
			"to": [ -0.4, 2.5, -0.2 ], 
			"rotationOrigin": [ -0.4, 2.5, -0.2 ],
			"faces": {
				"north": { "texture": "#firework", "uv": [ 0.0, 0.0, 0.5, 0.5 ], "enabled": false },
				"east": { "texture": "#firework", "uv": [ 0.0, 0.0, 0.5, 0.5 ], "enabled": false },
				"south": { "texture": "#firework", "uv": [ 0.0, 0.0, 0.5, 0.5 ], "enabled": false },
				"west": { "texture": "#firework", "uv": [ 0.0, 0.0, 0.5, 0.5 ], "enabled": false },
				"up": { "texture": "#firework", "uv": [ 0.0, 0.0, 0.5, 0.5 ], "enabled": false },
				"down": { "texture": "#firework", "uv": [ 0.0, 0.0, 0.5, 0.5 ], "enabled": false }
			},
			"children": [
				{
					"name": "stick",
					"from": [ 7.95, -4.0, 8.05 ], 
					"to": [ 8.6, 1.5, 8.65 ], 
					"rotationOrigin": [ 7.9, -4.0, 8.1 ],
					"rotationY": 25.0,
					"faces": {
						"north": { "texture": "#wood", "uv": [ 2.5, 1.0, 3.0, 6.5 ] },
						"east": { "texture": "#wood", "uv": [ 1.5, 3.5, 2.0, 9.0 ] },
						"south": { "texture": "#wood", "uv": [ 5.0, 3.0, 5.5, 8.5 ] },
						"west": { "texture": "#wood", "uv": [ 2.5, 3.0, 3.0, 8.5 ] },
						"up": { "texture": "#wood", "uv": [ 2.0, 1.5, 2.5, 2.0 ], "enabled": false },
						"down": { "texture": "#wood", "uv": [ 2.5, 2.0, 3.0, 2.5 ] }
					}
				},
				{
					"name": "bottomr",
					"from": [ 0.0, 0.0, 0.0 ], 
					"to": [ 0.0, 0.0, 0.0 ], 
					"faces": {
						"north": { "texture": "#firework", "uv": [ 0.0, 0.0, 0.5, 0.5 ], "enabled": false },
						"east": { "texture": "#firework", "uv": [ 0.0, 0.0, 0.5, 0.5 ], "enabled": false },
						"south": { "texture": "#firework", "uv": [ 0.0, 0.0, 0.5, 0.5 ], "enabled": false },
						"west": { "texture": "#firework", "uv": [ 0.0, 0.0, 0.5, 0.5 ], "enabled": false },
						"up": { "texture": "#firework", "uv": [ 0.0, 0.0, 0.5, 0.5 ], "enabled": false },
						"down": { "texture": "#firework", "uv": [ 0.0, 0.0, 0.5, 0.5 ], "enabled": false }
					},
					"children": [
						{
							"name": "bottom1",
							"from": [ 7.5, 1.02, 7.5 ], 
							"to": [ 8.1, 4.52, 8.5 ], 
							"rotationOrigin": [ 7.5, 1.0, 7.5 ],
							"faces": {
								"north": { "texture": "#firework", "uv": [ 0.0, 0.0, 0.5, 3.5 ] },
								"east": { "texture": "#firework", "uv": [ 0.0, 0.0, 1.0, 3.5 ] },
								"south": { "texture": "#firework", "uv": [ 0.0, 0.0, 0.5, 3.5 ] },
								"west": { "texture": "#firework", "uv": [ 6.5, 0.0, 10.5, 3.5 ], "autoUv": false },
								"up": { "texture": "#firework", "uv": [ 0.0, 0.0, 0.5, 1.0 ] },
								"down": { "texture": "#firework", "uv": [ 0.0, 0.0, 0.5, 1.0 ] }
							}
						},
						{
							"name": "bottom2",
							"from": [ 7.5, 1.0, 7.5 ], 
							"to": [ 8.5, 4.5, 8.1 ], 
							"rotationOrigin": [ 7.5, 1.0, 7.5 ],
							"rotationY": 22.5,
							"faces": {
								"north": { "texture": "#firework", "uv": [ 6.5, 0.0, 10.5, 3.5 ], "autoUv": false },
								"east": { "texture": "#firework", "uv": [ 0.0, 0.0, 0.5, 3.5 ] },
								"south": { "texture": "#firework", "uv": [ 0.0, 0.0, 1.0, 3.5 ] },
								"west": { "texture": "#firework", "uv": [ 0.0, 0.0, 0.5, 3.5 ] },
								"up": { "texture": "#firework", "uv": [ 0.0, 0.0, 1.0, 0.5 ] },
								"down": { "texture": "#firework", "uv": [ 0.0, 0.0, 1.0, 0.5 ] }
							}
						},
						{
							"name": "bottom3",
							"from": [ 7.5, 1.0, 8.5 ], 
							"to": [ 8.1, 4.5, 9.5 ], 
							"rotationOrigin": [ 7.5, 1.0, 8.5 ],
							"rotationY": 45.0,
							"faces": {
								"north": { "texture": "#firework", "uv": [ 0.0, 0.0, 0.5, 3.5 ] },
								"east": { "texture": "#firework", "uv": [ 0.0, 0.0, 1.0, 3.5 ] },
								"south": { "texture": "#firework", "uv": [ 0.0, 0.0, 0.5, 3.5 ] },
								"west": { "texture": "#firework", "uv": [ 6.5, 0.0, 10.5, 3.5 ], "autoUv": false },
								"up": { "texture": "#firework", "uv": [ 0.0, 0.0, 0.5, 1.0 ] },
								"down": { "texture": "#firework", "uv": [ 0.0, 0.0, 0.5, 1.0 ] }
							}
						}
					]
				},
				{
					"name": "bottoml",
					"from": [ 16.75, 0.0, 16.45 ], 
					"to": [ 16.75, 0.0, 16.45 ], 
					"rotationOrigin": [ 16.7, 0.0, 16.4 ],
					"rotationX": -179.99999011687993,
					"rotationY": 5.008955855952477E-6,
					"rotationZ": -179.99999011687993,
					"faces": {
						"north": { "texture": "#firework", "uv": [ 0.0, 0.0, 0.5, 0.5 ], "enabled": false },
						"east": { "texture": "#firework", "uv": [ 0.0, 0.0, 0.5, 0.5 ], "enabled": false },
						"south": { "texture": "#firework", "uv": [ 0.0, 0.0, 0.5, 0.5 ], "enabled": false },
						"west": { "texture": "#firework", "uv": [ 0.0, 0.0, 0.5, 0.5 ], "enabled": false },
						"up": { "texture": "#firework", "uv": [ 0.0, 0.0, 0.5, 0.5 ], "enabled": false },
						"down": { "texture": "#firework", "uv": [ 0.0, 0.0, 0.5, 0.5 ], "enabled": false }
					},
					"children": [
						{
							"name": "bottom4",
							"from": [ 7.5, 1.0, 7.5 ], 
							"to": [ 8.1, 4.5, 8.5 ], 
							"rotationOrigin": [ 7.5, 1.0, 7.5 ],
							"faces": {
								"north": { "texture": "#firework", "uv": [ 0.0, 0.0, 0.5, 3.5 ] },
								"east": { "texture": "#firework", "uv": [ 0.0, 0.0, 1.0, 3.5 ] },
								"south": { "texture": "#firework", "uv": [ 0.0, 0.0, 1.0, 4.0 ] },
								"west": { "texture": "#firework", "uv": [ 6.5, 0.0, 10.5, 3.5 ], "autoUv": false },
								"up": { "texture": "#firework", "uv": [ 0.0, 0.0, 0.5, 1.0 ] },
								"down": { "texture": "#firework", "uv": [ 0.0, 0.0, 0.5, 1.0 ] }
							}
						},
						{
							"name": "bottom5",
							"from": [ 7.5, 1.02, 7.5 ], 
							"to": [ 8.5, 4.52, 8.1 ], 
							"rotationOrigin": [ 7.5, 1.0, 7.5 ],
							"rotationY": 22.5,
							"faces": {
								"north": { "texture": "#firework", "uv": [ 6.5, 0.0, 10.5, 3.5 ], "autoUv": false },
								"east": { "texture": "#firework", "uv": [ 0.0, 0.0, 0.5, 3.5 ] },
								"south": { "texture": "#firework", "uv": [ 0.0, 0.0, 1.0, 3.5 ] },
								"west": { "texture": "#firework", "uv": [ 0.0, 0.0, 0.5, 3.5 ] },
								"up": { "texture": "#firework", "uv": [ 0.0, 0.0, 1.0, 0.5 ] },
								"down": { "texture": "#firework", "uv": [ 0.0, 0.0, 1.0, 0.5 ] }
							}
						},
						{
							"name": "bottom6",
							"from": [ 7.5, 1.02, 8.5 ], 
							"to": [ 8.1, 4.52, 9.5 ], 
							"rotationOrigin": [ 7.5, 1.0, 8.5 ],
							"rotationY": 45.0,
							"faces": {
								"north": { "texture": "#firework", "uv": [ 0.0, 0.0, 1.0, 4.0 ] },
								"east": { "texture": "#firework", "uv": [ 0.0, 0.0, 1.0, 3.5 ] },
								"south": { "texture": "#firework", "uv": [ 0.0, 0.0, 1.0, 4.0 ] },
								"west": { "texture": "#firework", "uv": [ 6.5, 0.0, 10.5, 3.5 ], "autoUv": false },
								"up": { "texture": "#firework", "uv": [ 0.0, 0.0, 0.5, 1.0 ] },
								"down": { "texture": "#firework", "uv": [ 0.0, 0.0, 0.5, 1.0 ] }
							}
						}
					]
				},
				{
					"name": "middler",
					"from": [ 16.75, 4.0, 16.45 ], 
					"to": [ 16.75, 4.0, 16.45 ], 
					"rotationOrigin": [ 16.7, 4.0, 16.4 ],
					"rotationX": -179.99999011687993,
					"rotationY": 5.008955855952477E-6,
					"rotationZ": -179.99999011687993,
					"faces": {
						"north": { "texture": "#firework", "uv": [ 0.0, 0.0, 0.5, 0.5 ], "enabled": false },
						"east": { "texture": "#firework", "uv": [ 0.0, 0.0, 0.5, 0.5 ], "enabled": false },
						"south": { "texture": "#firework", "uv": [ 0.0, 0.0, 0.5, 0.5 ], "enabled": false },
						"west": { "texture": "#firework", "uv": [ 0.0, 0.0, 0.5, 0.5 ], "enabled": false },
						"up": { "texture": "#firework", "uv": [ 0.0, 0.0, 0.5, 0.5 ], "enabled": false },
						"down": { "texture": "#firework", "uv": [ 0.0, 0.0, 0.5, 0.5 ], "enabled": false }
					},
					"children": [
						{
							"name": "mside1",
							"from": [ 7.5, 0.5, 7.7 ], 
							"to": [ 7.6, 2.5, 8.45 ], 
							"rotationOrigin": [ 7.5, 0.5, 7.7 ],
							"rotationZ": -6.0,
							"faces": {
								"north": { "texture": "#firework", "uv": [ 0.0, 0.0, 0.5, 2.0 ] },
								"east": { "texture": "#firework", "uv": [ 0.0, 0.0, 0.5, 2.0 ] },
								"south": { "texture": "#firework", "uv": [ 0.0, 0.0, 0.5, 2.0 ] },
								"west": { "texture": "#firework", "uv": [ 12.0, 12.0, 13.0, 16.0 ], "autoUv": false },
								"up": { "texture": "#firework", "uv": [ 0.0, 0.0, 0.5, 0.5 ] },
								"down": { "texture": "#firework", "uv": [ 0.0, 0.0, 0.5, 0.5 ] }
							}
						},
						{
							"name": "mside2",
							"from": [ 7.6, 0.52, 7.44 ], 
							"to": [ 8.35, 2.52, 7.54 ], 
							"rotationOrigin": [ 7.6, 0.5, 7.4 ],
							"rotationX": 10.0,
							"rotationY": 22.5,
							"rotationZ": -3.0,
							"faces": {
								"north": { "texture": "#firework", "uv": [ 12.0, 12.0, 13.0, 16.0 ], "autoUv": false },
								"east": { "texture": "#firework", "uv": [ 0.0, 0.0, 0.5, 2.0 ] },
								"south": { "texture": "#firework", "uv": [ 0.0, 0.0, 0.5, 2.0 ] },
								"west": { "texture": "#firework", "uv": [ 0.0, 0.0, 0.5, 2.0 ] },
								"up": { "texture": "#firework", "uv": [ 0.0, 0.0, 0.5, 0.5 ] },
								"down": { "texture": "#firework", "uv": [ 0.0, 0.0, 0.5, 0.5 ] }
							}
						},
						{
							"name": "mside3",
							"from": [ 7.6, 0.52, 8.6 ], 
							"to": [ 7.7, 2.52, 9.3 ], 
							"rotationOrigin": [ 7.6, 0.5, 8.6 ],
							"rotationY": 45.0,
							"rotationZ": -6.0,
							"faces": {
								"north": { "texture": "#firework", "uv": [ 0.0, 0.0, 0.5, 2.0 ] },
								"east": { "texture": "#firework", "uv": [ 0.0, 0.0, 0.5, 2.0 ] },
								"south": { "texture": "#firework", "uv": [ 0.0, 0.0, 0.5, 2.0 ] },
								"west": { "texture": "#firework", "uv": [ 12.0, 12.0, 13.0, 16.0 ], "autoUv": false },
								"up": { "texture": "#firework", "uv": [ 0.0, 0.0, 0.5, 0.5 ] },
								"down": { "texture": "#firework", "uv": [ 0.0, 0.0, 0.5, 0.5 ] }
							}
						}
					]
				},
				{
					"name": "middlel",
					"from": [ 0.0, 4.0, 0.0 ], 
					"to": [ 0.0, 4.0, 0.0 ], 
					"rotationOrigin": [ -0.1, 4.0, 0.0 ],
					"rotationX": -180.0,
					"rotationY": -180.0,
					"rotationZ": -179.99999011687993,
					"faces": {
						"north": { "texture": "#firework", "uv": [ 0.0, 0.0, 0.5, 0.5 ], "enabled": false },
						"east": { "texture": "#firework", "uv": [ 0.0, 0.0, 0.5, 0.5 ], "enabled": false },
						"south": { "texture": "#firework", "uv": [ 0.0, 0.0, 0.5, 0.5 ], "enabled": false },
						"west": { "texture": "#firework", "uv": [ 0.0, 0.0, 0.5, 0.5 ], "enabled": false },
						"up": { "texture": "#firework", "uv": [ 0.0, 0.0, 0.5, 0.5 ], "enabled": false },
						"down": { "texture": "#firework", "uv": [ 0.0, 0.0, 0.5, 0.5 ], "enabled": false }
					},
					"children": [
						{
							"name": "mside4",
							"from": [ 7.46, 0.6, 7.7 ], 
							"to": [ 7.56, 2.6, 8.45 ], 
							"rotationOrigin": [ 7.5, 0.6, 7.7 ],
							"rotationZ": -6.0,
							"faces": {
								"north": { "texture": "#firework", "uv": [ 0.0, 0.0, 0.5, 2.0 ] },
								"east": { "texture": "#firework", "uv": [ 0.0, 0.0, 0.5, 2.0 ] },
								"south": { "texture": "#firework", "uv": [ 0.0, 0.0, 0.5, 2.0 ] },
								"west": { "texture": "#firework", "uv": [ 12.0, 12.0, 13.0, 16.0 ], "autoUv": false },
								"up": { "texture": "#firework", "uv": [ 0.0, 0.0, 0.5, 0.5 ] },
								"down": { "texture": "#firework", "uv": [ 0.0, 0.0, 0.5, 0.5 ] }
							}
						},
						{
							"name": "mside5",
							"from": [ 7.6, 0.51, 7.44 ], 
							"to": [ 8.35, 2.51, 7.54 ], 
							"rotationOrigin": [ 7.6, 0.5, 7.4 ],
							"rotationX": 10.0,
							"rotationY": 22.5,
							"rotationZ": -3.0,
							"faces": {
								"north": { "texture": "#firework", "uv": [ 12.0, 12.0, 13.0, 16.0 ], "autoUv": false },
								"east": { "texture": "#firework", "uv": [ 0.0, 0.0, 0.5, 2.0 ] },
								"south": { "texture": "#firework", "uv": [ 0.0, 0.0, 0.5, 2.0 ] },
								"west": { "texture": "#firework", "uv": [ 0.0, 0.0, 0.5, 2.0 ] },
								"up": { "texture": "#firework", "uv": [ 0.0, 0.0, 0.5, 0.5 ] },
								"down": { "texture": "#firework", "uv": [ 0.0, 0.0, 0.5, 0.5 ] }
							}
						},
						{
							"name": "mside6",
							"from": [ 7.6, 0.51, 8.6 ], 
							"to": [ 7.7, 2.51, 9.3 ], 
							"rotationOrigin": [ 7.6, 0.5, 8.6 ],
							"rotationY": 45.0,
							"rotationZ": -6.0,
							"faces": {
								"north": { "texture": "#firework", "uv": [ 0.0, 0.0, 0.5, 2.0 ] },
								"east": { "texture": "#firework", "uv": [ 0.0, 0.0, 0.5, 2.0 ] },
								"south": { "texture": "#firework", "uv": [ 0.0, 0.0, 0.5, 2.0 ] },
								"west": { "texture": "#firework", "uv": [ 12.0, 12.0, 13.0, 16.0 ], "autoUv": false },
								"up": { "texture": "#firework", "uv": [ 0.0, 0.0, 0.5, 0.5 ] },
								"down": { "texture": "#firework", "uv": [ 0.0, 0.0, 0.5, 0.5 ] }
							}
						}
					]
				},
				{
					"name": "fuse",
					"from": [ 0.0, -2.0, 0.0 ], 
					"to": [ 0.0, -2.0, 0.0 ], 
					"rotationOrigin": [ -0.1, -2.0, 0.0 ],
					"rotationX": -180.0,
					"rotationY": -180.0,
					"rotationZ": -179.99999011687993,
					"faces": {
						"north": { "texture": "#firework", "uv": [ 0.0, 0.0, 0.5, 0.5 ], "enabled": false },
						"east": { "texture": "#firework", "uv": [ 0.0, 0.0, 0.5, 0.5 ], "enabled": false },
						"south": { "texture": "#firework", "uv": [ 0.0, 0.0, 0.5, 0.5 ], "enabled": false },
						"west": { "texture": "#firework", "uv": [ 0.0, 0.0, 0.5, 0.5 ], "enabled": false },
						"up": { "texture": "#firework", "uv": [ 0.0, 0.0, 0.5, 0.5 ], "enabled": false },
						"down": { "texture": "#firework", "uv": [ 0.0, 0.0, 0.5, 0.5 ], "enabled": false }
					},
					"children": [
						{
							"name": "fuse1",
							"from": [ 7.5, 2.22, 7.5 ], 
							"to": [ 7.7, 3.22, 7.7 ], 
							"rotationOrigin": [ 7.5, 2.2, 7.5 ],
							"rotationX": 22.5,
							"rotationY": 22.5,
							"rotationZ": -11.0,
							"faces": {
								"north": { "texture": "#fuse", "uv": [ 0.0, 0.0, 0.5, 1.0 ] },
								"east": { "texture": "#fuse", "uv": [ 0.0, 0.0, 0.5, 1.0 ] },
								"south": { "texture": "#fuse", "uv": [ 0.0, 0.0, 0.5, 1.0 ] },
								"west": { "texture": "#fuse", "uv": [ 0.0, 0.0, 0.5, 1.0 ] },
								"up": { "texture": "#fuse", "uv": [ 0.0, 0.0, 0.5, 0.5 ], "enabled": false },
								"down": { "texture": "#fuse", "uv": [ 0.0, 0.0, 0.5, 0.5 ] }
							}
						},
						{
							"name": "fuse2",
							"from": [ 7.35, 1.5, 6.85 ], 
							"to": [ 7.55, 2.5, 7.05 ], 
							"rotationOrigin": [ 7.4, 1.5, 6.9 ],
							"rotationX": 45.0,
							"rotationY": 22.5,
							"rotationZ": -11.0,
							"faces": {
								"north": { "texture": "#fuse", "uv": [ 0.0, 0.0, 0.5, 1.0 ] },
								"east": { "texture": "#fuse", "uv": [ 0.0, 0.0, 0.5, 1.0 ] },
								"south": { "texture": "#fuse", "uv": [ 0.0, 0.0, 0.5, 1.0 ] },
								"west": { "texture": "#fuse", "uv": [ 0.0, 0.0, 0.5, 1.0 ] },
								"up": { "texture": "#fuse", "uv": [ 0.0, 0.0, 0.5, 0.5 ] },
								"down": { "texture": "#fuse", "uv": [ 0.0, 0.0, 0.5, 0.5 ] }
							}
						}
					]
				},
				{
					"name": "tip1",
					"from": [ 8.07, 7.6, 8.07 ], 
					"to": [ 8.52, 8.1, 8.47 ], 
					"rotationOrigin": [ 8.1, 7.6, 8.2 ],
					"rotationY": 25.0,
					"faces": {
						"north": { "texture": "#firework", "uv": [ 0.0, 0.0, 0.5, 0.5 ] },
						"east": { "texture": "#firework", "uv": [ 0.0, 0.0, 0.5, 0.5 ] },
						"south": { "texture": "#firework", "uv": [ 0.0, 0.0, 0.5, 0.5 ] },
						"west": { "texture": "#firework", "uv": [ 0.0, 0.0, 0.5, 0.5 ] },
						"up": { "texture": "#firework", "uv": [ 7.5, 14.5, 8.5, 15.5 ], "autoUv": false },
						"down": { "texture": "#firework", "uv": [ 0.0, 0.0, 0.5, 0.5 ] }
					}
				},
				{
					"name": "tip2",
					"from": [ 8.18, 7.62, 8.48 ], 
					"to": [ 8.63, 8.12, 8.88 ], 
					"rotationOrigin": [ 8.0, 7.6, 8.5 ],
					"rotationY": 70.0,
					"faces": {
						"north": { "texture": "#firework", "uv": [ 0.0, 0.0, 0.5, 0.5 ] },
						"east": { "texture": "#firework", "uv": [ 0.0, 0.0, 0.5, 0.5 ] },
						"south": { "texture": "#firework", "uv": [ 0.0, 0.0, 0.5, 0.5 ] },
						"west": { "texture": "#firework", "uv": [ 0.0, 0.0, 0.5, 0.5 ] },
						"up": { "texture": "#firework", "uv": [ 14.5, 14.5, 15.5, 15.5 ], "autoUv": false },
						"down": { "texture": "#firework", "uv": [ 0.0, 0.0, 0.5, 0.5 ] }
					}
				},
				{
					"name": "top1",
					"from": [ 16.75, 6.0, 16.45 ], 
					"to": [ 16.75, 6.0, 16.45 ], 
					"rotationOrigin": [ 16.7, 6.0, 16.4 ],
					"rotationX": -179.99999011687993,
					"rotationY": 5.008955855952477E-6,
					"rotationZ": -179.99999011687993,
					"faces": {
						"north": { "texture": "#firework", "uv": [ 0.0, 0.0, 0.5, 0.5 ], "enabled": false },
						"east": { "texture": "#firework", "uv": [ 0.0, 0.0, 0.5, 0.5 ], "enabled": false },
						"south": { "texture": "#firework", "uv": [ 0.0, 0.0, 0.5, 0.5 ], "enabled": false },
						"west": { "texture": "#firework", "uv": [ 0.0, 0.0, 0.5, 0.5 ], "enabled": false },
						"up": { "texture": "#firework", "uv": [ 0.0, 0.0, 0.5, 0.5 ], "enabled": false },
						"down": { "texture": "#firework", "uv": [ 0.0, 0.0, 0.5, 0.5 ], "enabled": false }
					},
					"children": [
						{
							"name": "mside25",
							"from": [ 7.7, 0.5, 7.9 ], 
							"to": [ 7.8, 2.0, 8.35 ], 
							"rotationOrigin": [ 7.7, 0.5, 7.9 ],
							"rotationZ": -12.0,
							"faces": {
								"north": { "texture": "#firework", "uv": [ 0.0, 0.0, 0.5, 1.5 ] },
								"east": { "texture": "#firework", "uv": [ 0.0, 0.0, 0.5, 1.5 ] },
								"south": { "texture": "#firework", "uv": [ 0.0, 0.0, 0.5, 1.5 ] },
								"west": { "texture": "#firework", "uv": [ 12.0, 12.0, 13.0, 16.0 ], "autoUv": false },
								"up": { "texture": "#firework", "uv": [ 0.0, 0.0, 0.5, 0.5 ] },
								"down": { "texture": "#firework", "uv": [ 0.0, 0.0, 0.5, 0.5 ] }
							}
						},
						{
							"name": "mside26",
							"from": [ 7.85, 0.52, 7.65 ], 
							"to": [ 8.3, 2.02, 7.75 ], 
							"rotationOrigin": [ 7.9, 0.5, 7.6 ],
							"rotationX": 10.0,
							"rotationY": 22.5,
							"rotationZ": -5.0,
							"faces": {
								"north": { "texture": "#firework", "uv": [ 12.0, 12.0, 13.0, 16.0 ], "autoUv": false },
								"east": { "texture": "#firework", "uv": [ 0.0, 0.0, 0.5, 1.5 ] },
								"south": { "texture": "#firework", "uv": [ 0.0, 0.0, 0.5, 1.5 ] },
								"west": { "texture": "#firework", "uv": [ 0.0, 0.0, 0.5, 1.5 ] },
								"up": { "texture": "#firework", "uv": [ 0.0, 0.0, 0.5, 0.5 ] },
								"down": { "texture": "#firework", "uv": [ 0.0, 0.0, 0.5, 0.5 ] }
							}
						},
						{
							"name": "mside27",
							"from": [ 7.79, 0.52, 8.5 ], 
							"to": [ 7.89, 2.02, 8.95 ], 
							"rotationOrigin": [ 7.8, 0.5, 8.5 ],
							"rotationY": 45.0,
							"rotationZ": -10.0,
							"faces": {
								"north": { "texture": "#firework", "uv": [ 0.0, 0.0, 0.5, 1.5 ] },
								"east": { "texture": "#firework", "uv": [ 0.0, 0.0, 0.5, 1.5 ] },
								"south": { "texture": "#firework", "uv": [ 0.0, 0.0, 0.5, 1.5 ] },
								"west": { "texture": "#firework", "uv": [ 12.0, 12.0, 13.0, 16.0 ], "autoUv": false },
								"up": { "texture": "#firework", "uv": [ 0.0, 0.0, 0.5, 0.5 ] },
								"down": { "texture": "#firework", "uv": [ 0.0, 0.0, 0.5, 0.5 ] }
							}
						}
					]
				},
				{
					"name": "top28",
					"from": [ -0.05, 6.0, 0.0 ], 
					"to": [ -0.05, 6.0, 0.0 ], 
					"rotationOrigin": [ -0.1, 6.0, -0.1 ],
					"rotationY": 5.008955855952477E-6,
					"faces": {
						"north": { "texture": "#firework", "uv": [ 0.0, 0.0, 0.5, 0.5 ], "enabled": false },
						"east": { "texture": "#firework", "uv": [ 0.0, 0.0, 0.5, 0.5 ], "enabled": false },
						"south": { "texture": "#firework", "uv": [ 0.0, 0.0, 0.5, 0.5 ], "enabled": false },
						"west": { "texture": "#firework", "uv": [ 0.0, 0.0, 0.5, 0.5 ], "enabled": false },
						"up": { "texture": "#firework", "uv": [ 0.0, 0.0, 0.5, 0.5 ], "enabled": false },
						"down": { "texture": "#firework", "uv": [ 0.0, 0.0, 0.5, 0.5 ], "enabled": false }
					},
					"children": [
						{
							"name": "mside29",
							"from": [ 7.7, 0.5, 7.9 ], 
							"to": [ 7.8, 2.0, 8.35 ], 
							"rotationOrigin": [ 7.7, 0.5, 7.9 ],
							"rotationZ": -12.0,
							"faces": {
								"north": { "texture": "#firework", "uv": [ 0.0, 0.0, 0.5, 1.5 ] },
								"east": { "texture": "#firework", "uv": [ 0.0, 0.0, 0.5, 1.5 ] },
								"south": { "texture": "#firework", "uv": [ 0.0, 0.0, 0.5, 1.5 ] },
								"west": { "texture": "#firework", "uv": [ 12.0, 12.0, 13.0, 16.0 ], "autoUv": false },
								"up": { "texture": "#firework", "uv": [ 0.0, 0.0, 0.5, 0.5 ] },
								"down": { "texture": "#firework", "uv": [ 0.0, 0.0, 0.5, 0.5 ] }
							}
						},
						{
							"name": "mside30",
							"from": [ 7.85, 0.52, 7.7 ], 
							"to": [ 8.3, 2.02, 7.8 ], 
							"rotationOrigin": [ 7.8, 0.5, 7.6 ],
							"rotationX": 10.0,
							"rotationY": 22.5,
							"rotationZ": -5.0,
							"faces": {
								"north": { "texture": "#firework", "uv": [ 12.0, 12.0, 13.0, 16.0 ], "autoUv": false },
								"east": { "texture": "#firework", "uv": [ 0.0, 0.0, 0.5, 1.5 ] },
								"south": { "texture": "#firework", "uv": [ 0.0, 0.0, 0.5, 1.5 ] },
								"west": { "texture": "#firework", "uv": [ 0.0, 0.0, 0.5, 1.5 ] },
								"up": { "texture": "#firework", "uv": [ 0.0, 0.0, 0.5, 0.5 ] },
								"down": { "texture": "#firework", "uv": [ 0.0, 0.0, 0.5, 0.5 ] }
							}
						},
						{
							"name": "mside31",
							"from": [ 7.8, 0.52, 8.5 ], 
							"to": [ 7.9, 2.02, 8.95 ], 
							"rotationOrigin": [ 7.8, 0.5, 8.5 ],
							"rotationY": 45.0,
							"rotationZ": -10.0,
							"faces": {
								"north": { "texture": "#firework", "uv": [ 0.0, 0.0, 0.5, 1.5 ] },
								"east": { "texture": "#firework", "uv": [ 0.0, 0.0, 0.5, 1.5 ] },
								"south": { "texture": "#firework", "uv": [ 0.0, 0.0, 0.5, 1.5 ] },
								"west": { "texture": "#firework", "uv": [ 12.0, 12.0, 13.0, 16.0 ], "autoUv": false },
								"up": { "texture": "#firework", "uv": [ 0.0, 0.0, 0.5, 0.5 ] },
								"down": { "texture": "#firework", "uv": [ 0.0, 0.0, 0.5, 0.5 ] }
							}
						}
					]
				}
			]
		}
	]}