[
	{
	"code": "clay-colored-fire",
	"sealHours": 12,
	"ingredients": [
		{ "type": "item", "code": "game:dye-*", "quantity": 1, "name": "color", "allowedVariants": [ "black", "brown", "green", "orange", "pink", "purple", "red", "yellow" ] },
		{ "type": "item", "code": "game:clay-fire", "quantity": 4 }
	],
	"output": { "type": "item", "code": "game:clay-{color}", "stackSize": 4 }
	},
	{
	"code": "clay-colored-blue",
	"sealHours": 12,
	"ingredients": [
		{ "type": "item", "code": "game:dye-*", "quantity": 1, "name": "color", "allowedVariants": [ "black", "brown", "green", "orange", "pink", "purple", "red", "yellow" ] },
		{ "type": "item", "code": "game:clay-blue", "quantity": 4 }
	],
	"output": { "type": "item", "code": "game:clay-{color}", "stackSize": 4 }
	},
	{
	"code": "clay-blurple",
	"sealHours": 12,
	"ingredients": [
		{ "type": "item", "code": "game:dye-blue", "quantity": 1 },
		{ "type": "item", "code": "game:clay-*", "quantity": 4, "allowedVariants": [ "fire", "blue" ], "name": "clay" }
	],
	"output": { "type": "item", "code": "game:clay-blurple", "stackSize": 4 }
	},
	{
	"code": "clay-purple-from-red",
	"sealHours": 12,
	"ingredients": [
		{ "type": "item", "code": "game:dye-blue", "quantity": 1 },
		{ "type": "item", "code": "game:clay-red", "quantity": 4 }
	],
	"output": { "type": "item", "code": "game:clay-purple", "stackSize": 4 }
	},
	{
	"code": "clay-purple-from-blue",
	"sealHours": 12,
	"ingredients": [
		{ "type": "item", "code": "game:dye-red", "quantity": 1 },
		{ "type": "item", "code": "game:clay-blurple", "quantity": 4 }
	],
	"output": { "type": "item", "code": "game:clay-purple", "stackSize": 4 }
	}
]
