[
	{
	"code": "glazing-clear-colored-planter",
	"sealHours": 2,
	"ingredients": [
		{ "type": "item", "code": "bricklayers:glazing-clear-*", "quantity": 12, "name": "color", "consumeQuantity": 12 },
		{ "type": "block", "code": "game:clayplanter-burnt", "quantity": 1 }
	],
	"output": { "type": "block", "code": "bricklayers:glazedplanter-raw-clear-{color}-plain", "stackSize": 1 }
	},
	{
	"code": "glazing-milky-colored-planter",
	"sealHours": 2,
	"ingredients": [
		{ "type": "item", "code": "bricklayers:glazing-milky-*", "quantity": 12, "name": "color", "consumeQuantity": 12 },
		{ "type": "block", "code": "game:clayplanter-burnt", "quantity": 1 }
	],
	"output": { "type": "block", "code": "bricklayers:glazedplanter-raw-milky-{color}-plain", "stackSize": 1 }
	}
]
