[
	{
	"code": "glazing-clear-colored-bowl",
	"sealHours": 2,
	"ingredients": [
		{ "type": "item", "code": "bricklayers:glazing-clear-*", "quantity": 3, "name": "color", "consumeQuantity": 3 },
		{ "type": "block", "code": "game:bowl-burned", "quantity": 1 }
	],
	"output": { "type": "block", "code": "bricklayers:glazedbowl-raw-clear-{color}-plain", "stackSize": 1 }
	},
	{
	"code": "glazing-milky-colored-bowl",
	"sealHours": 2,
	"ingredients": [
		{ "type": "item", "code": "bricklayers:glazing-milky-*", "quantity": 3, "name": "color", "consumeQuantity": 3 },
		{ "type": "block", "code": "game:bowl-burned", "quantity": 1 }
	],
	"output": { "type": "block", "code": "bricklayers:glazedbowl-raw-milky-{color}-plain", "stackSize": 1 }
	}
]
