[
	{
	"code": "glazing-clear-colored-flowerpot",
	"sealHours": 2,
	"ingredients": [
		{ "type": "item", "code": "bricklayers:glazing-clear-*", "quantity": 6, "name": "color", "consumeQuantity": 6 },
		{ "type": "block", "code": "game:flowerpot-burnt", "quantity": 1 }
	],
	"output": { "type": "block", "code": "bricklayers:glazedflowerpot-raw-clear-{color}-plain", "stackSize": 1 }
	},
	{
	"code": "glazing-milky-colored-flowerpot",
	"sealHours": 2,
	"ingredients": [
		{ "type": "item", "code": "bricklayers:glazing-milky-*", "quantity": 6, "name": "color", "consumeQuantity": 6 },
		{ "type": "block", "code": "game:flowerpot-burnt", "quantity": 1 }
	],
	"output": { "type": "block", "code": "bricklayers:glazedflowerpot-raw-milky-{color}-plain", "stackSize": 1 }
	}
]
