[
  {
    "ingredientPattern": "BC,FS",
    "ingredients": {
      "B": {
        "type": "item",
        "code": "game:blastingpowder"
      },
      "C": {
        "type": "item",
        "code": "game:flaxtwine"
      },
      "F": {
        "type": "block",
        "code": "game:linen-*"
      },
      "S": {
        "type": "block",
        "code": "stake-empty"
      }
    },
    "width": 2,
    "height": 2,
    "shapeless": true,
    "output": {
      "type": "block",
      "code": "firework-missile",
      "quantity": 4
    }
  },
  {
    "ingredientPattern": "BC,FS",
    "ingredients": {
      "B": {
        "type": "item",
        "code": "game:blastingpowder",
        "quantity":  2
      },
      "C": {
        "type": "item",
        "code": "game:flaxtwine"
      },
      "F": {
        "type": "block",
        "code": "game:linen-*"
      },
      "S": {
        "type": "block",
        "code": "stake-empty"
      }
    },
    "width": 2,
    "height": 2,
    "shapeless": true,
    "output": {
      "type": "block",
      "code": "firework-fountain",
      "quantity": 4
    }
  },
  {
    "ingredientPattern": "BCN,FSN",
    "ingredients": {
      "B": {
        "type": "item",
        "code": "game:blastingpowder"
      },
      "C": {
        "type": "item",
        "code": "game:flaxtwine"
      },
      "F": {
        "type": "block",
        "code": "game:linen-*"
      },
      "S": {
        "type": "block",
        "code": "stake-empty"
      },
      "N": {
        "type": "item",
        "code": "game:beenade-*"
      }
    },
    "width": 3,
    "height": 2,
    "shapeless": true,
    "output": {
      "type": "block",
      "code": "firework-beehive",
      "quantity": 4
    }
  }
]
