{
	"editor": {
		"allAngles": false,
		"singleTexture": false
	},
	"textureWidth": 16,
	"textureHeight": 16,
	"textures": {
		"metal": "game:block/metal/ingot/iron"
	},
	"elements": [
		{
			"name": "Shave1",
			"from": [ 8.0, 0.0, 8.0 ], 
			"to": [ 9.0, 1.0, 9.0 ], 
			"rotationOrigin": [ 8.0, 0.0, 8.0 ],
			"faces": {
				"north": { "texture": "#metal", "uv": [ 0.5, 1.5, 1.5, 2.5 ] },
				"east": { "texture": "#metal", "uv": [ 1.0, 1.5, 2.0, 2.5 ] },
				"south": { "texture": "#metal", "uv": [ 0.5, 0.0, 1.5, 1.0 ] },
				"west": { "texture": "#metal", "uv": [ 0.0, 2.0, 1.0, 3.0 ] },
				"up": { "texture": "#metal", "uv": [ 1.0, 1.5, 2.0, 2.5 ] },
				"down": { "texture": "#metal", "uv": [ 1.0, 1.5, 2.0, 2.5 ] }
			}
		},
		{
			"name": "Shave2",
			"from": [ 9.0, 0.0, 7.0 ], 
			"to": [ 10.0, 1.0, 8.0 ], 
			"rotationOrigin": [ 8.0, 0.0, 8.0 ],
			"rotationY": 45.0,
			"faces": {
				"north": { "texture": "#metal", "uv": [ 14.0, 13.5, 15.0, 14.5 ] },
				"east": { "texture": "#metal", "uv": [ 12.5, 14.5, 13.5, 15.5 ] },
				"south": { "texture": "#metal", "uv": [ 8.0, 4.0, 9.0, 5.0 ] },
				"west": { "texture": "#metal", "uv": [ 14.5, 1.0, 15.5, 2.0 ] },
				"up": { "texture": "#metal", "uv": [ 12.5, 4.5, 13.5, 5.5 ] },
				"down": { "texture": "#metal", "uv": [ 10.0, 9.0, 11.0, 10.0 ] }
			}
		},
		{
			"name": "Shave3",
			"from": [ 10.0, 0.0, 8.0 ], 
			"to": [ 11.0, 1.0, 9.0 ], 
			"rotationOrigin": [ 8.0, 0.0, 8.0 ],
			"rotationY": 22.5,
			"faces": {
				"north": { "texture": "#metal", "uv": [ 2.5, 3.0, 3.5, 4.0 ] },
				"east": { "texture": "#metal", "uv": [ 3.5, 3.0, 4.5, 4.0 ] },
				"south": { "texture": "#metal", "uv": [ 2.0, 4.5, 3.0, 5.5 ] },
				"west": { "texture": "#metal", "uv": [ 0.0, 6.5, 1.0, 7.5 ] },
				"up": { "texture": "#metal", "uv": [ 11.5, 5.0, 12.5, 6.0 ] },
				"down": { "texture": "#metal", "uv": [ 7.0, 10.5, 8.0, 11.5 ] }
			}
		},
		{
			"name": "Shave4",
			"from": [ 9.4, 0.0, 8.5 ], 
			"to": [ 10.4, 1.0, 9.5 ], 
			"rotationOrigin": [ 9.0, 0.0, 8.0 ],
			"rotationY": -7.0,
			"faces": {
				"north": { "texture": "#metal", "uv": [ 5.5, 4.5, 6.5, 5.5 ] },
				"east": { "texture": "#metal", "uv": [ 2.5, 4.0, 3.5, 5.0 ] },
				"south": { "texture": "#metal", "uv": [ 2.5, 5.0, 3.5, 6.0 ] },
				"west": { "texture": "#metal", "uv": [ 1.0, 5.0, 2.0, 6.0 ] },
				"up": { "texture": "#metal", "uv": [ 2.5, 5.0, 3.5, 6.0 ] },
				"down": { "texture": "#metal", "uv": [ 1.5, 1.0, 2.5, 2.0 ] }
			}
		},
		{
			"name": "Shave5",
			"from": [ 8.5, 1.0, 8.1 ], 
			"to": [ 9.5, 2.0, 9.1 ], 
			"rotationOrigin": [ 9.0, 1.0, 8.0 ],
			"rotationY": 8.0,
			"faces": {
				"north": { "texture": "#metal", "uv": [ 4.0, 5.0, 5.0, 6.0 ] },
				"east": { "texture": "#metal", "uv": [ 6.0, 7.5, 7.0, 8.5 ] },
				"south": { "texture": "#metal", "uv": [ 7.0, 9.5, 8.0, 10.5 ] },
				"west": { "texture": "#metal", "uv": [ 7.5, 8.5, 8.5, 9.5 ] },
				"up": { "texture": "#metal", "uv": [ 7.0, 6.0, 8.0, 7.0 ] },
				"down": { "texture": "#metal", "uv": [ 4.0, 1.5, 5.0, 2.5 ] }
			}
		}
	]}