{
  "code": "fireflies",
  "class": "entityfireflies",
  "hitboxSize": {
    "x": 0.3,
    "y": 0.3
  },
  "falldamage": false,
  "eyeHeight": 0.2,
  "drops": [],
  "variantgroups": [
    {
      "code": "type",
      "states": [ "treetop", "mysticlantern", "blueghost", "rover", "fairyring", "candle", "marshimp" ]
    }
  ],
  "attributesbytype": {
    "*-treetop": { "lightHsv": [ 34, 7, 5 ] },
    "*-mysticlantern": { "lightHsv": [ 13, 7, 7 ] },
    "*-blueghost": { "lightHsv": [ 43, 7, 9 ] },
    "*-rover": { "lightHsv": [ 17, 7, 5 ] },
    "*-fairyring": { "lightHsv": [ 37, 7, 7 ] },
    "*-candle": { "lightHsv": [ 5, 7, 7 ] },
    "*-marshimp": { "lightHsv": [ 3, 7, 6 ] },
    "*": { "lightHsv": [ 0, 0, 0 ] }
  },
  "client": {
    "renderer": "Shape",
    "shape": { "base": "entity/land/fireflies" },
    "size": 1.4,
    "behaviors": [
      { "code": "repulseagents" },
      {
        "code": "controlledphysics",
        "stepHeight": 0.6
      },
      {
        "code": "floatupwhenstuck",
        "onlyWhenDead": false
      },
      { "code": "interpolateposition" },
      { "code": "carryable" }
    ],
    "animations": [
      {
        "code": "wander",
        "animation": "idle",
        "blendMode": "AddAverage",
        "weight": 1
      }
    ],
    "texturesbytype": {
      "*-treetop*": {
        "plug": {
          "base": "entity/land/fireflies/plug"
        },
        "color": {
          "base": "entity/land/fireflies/34"
        },
        "glass": {
          "base": "entity/land/fireflies/glass"
        }
      },
      "*-mysticlantern*": {
        "plug": {
          "base": "entity/land/fireflies/plug"
        },
        "color": {
          "base": "entity/land/fireflies/13"
        },
        "glass": {
          "base": "entity/land/fireflies/glass"
        }
      },
      "*-blueghost*": {
        "plug": {
          "base": "entity/land/fireflies/plug"
        },
        "color": {
          "base": "entity/land/fireflies/6"
        },
        "glass": {
          "base": "entity/land/fireflies/glass"
        }
      },
      "*-rover*": {
        "plug": {
          "base": "entity/land/fireflies/plug"
        },
        "color": {
          "base": "entity/land/fireflies/17"
        },
        "glass": {
          "base": "entity/land/fireflies/glass"
        }
      },
      "*-fairyring*": {
        "plug": {
          "base": "entity/land/fireflies/plug"
        },
        "color": {
          "base": "entity/land/fireflies/37"
        },
        "glass": {
          "base": "entity/land/fireflies/glass"
        }
      },
      "*-candle*": {
        "plug": {
          "base": "entity/land/fireflies/plug"
        },
        "color": {
          "base": "entity/land/fireflies/18"
        },
        "glass": {
          "base": "entity/land/fireflies/glass"
        }
      },
      "*-marshimp*": {
        "plug": {
          "base": "entity/land/fireflies/plug"
        },
        "color": {
          "base": "entity/land/fireflies/20"
        },
        "glass": {
          "base": "entity/land/fireflies/glass"
        }
      },
      "*": {
        "plug": {
          "base": "entity/land/fireflies/plug"
        },
        "bait": {
          "base": "entity/land/fireflies/bait"
        },
        "glass": {
          "base": "entity/land/fireflies/glass"
        }
      }
    }
  },
  "server": {
    "behaviors": [
      { "code": "repulseagents" },
      {
        "code": "controlledphysics",
        "stepHeight": 0.6
      },
      {
        "code": "floatupwhenstuck",
        "onlyWhenDead": false
      },
      {
        "code": "taskai",
        "aitasks": [
          {
            "code": "wander",
            "priority": 1,
            "movespeed": 0,
            "animationSpeed": 1.0,
            "animation": "idle"
          }
        ]
      }
    ]
  }
}
