[
	{
	"ingredientPattern": "XX,BB",
	"ingredients": {
		"X": { "type": "item", "code": "bricklayers:powdered-magnetite" },
		"B": { "type": "item", "code": "game:clay-blue" }
	},
	"width": 2,
	"height": 2,
	"output": { "type": "item", "code": "game:clay-black", "quantity": 4 }
	},
	{
	"ingredientPattern": "XC,BB",
	"ingredients": {
		"C": { "type": "item", "code": "bricklayers:powdered-coal" },
		"X": { "type": "item", "code": "bricklayers:powdered-magnetite" },
		"B": { "type": "item", "code": "game:clay-blue" }
	},
	"width": 2,
	"height": 2,
	"output": { "type": "item", "code": "game:clay-black", "quantity": 4 }
	},
	{
	"ingredientPattern": "CC,BB",
	"ingredients": {
		"C": { "type": "item", "code": "bricklayers:powdered-coal" },
		"B": { "type": "item", "code": "game:clay-blue" }
	},
	"width": 2,
	"height": 2,
	"output": { "type": "item", "code": "game:clay-black", "quantity": 4 }
	},
	{
	"ingredientPattern": "LZ,BF",
	"ingredients": {
		"L": { "type": "item", "code": "game:lime" },
		"Z": { "type": "item", "code": "bricklayers:powdered-lapislazuli" },
		"B": { "type": "item", "code": "game:clay-blue" },
		"F": { "type": "item", "code": "game:clay-fire" }
	},
	"width": 2,
	"height": 2,
	"output": { "type": "item", "code": "game:clay-blurple", "quantity": 4 }
	},
	{
	"ingredientPattern": "LN,BF",
	"ingredients": {
		"L": { "type": "item", "code": "game:lime" },
		"N": { "type": "item", "code": "bricklayers:powdered-nickel" },
		"B": { "type": "item", "code": "game:clay-blue" },
		"F": { "type": "item", "code": "game:clay-fire" }
	},
	"width": 2,
	"height": 2,
	"output": { "type": "item", "code": "game:clay-blurple", "quantity": 4 }
	},
	{
	"ingredientPattern": "LM,FF",
	"ingredients": {
		"L": { "type": "item", "code": "game:lime" },
		"M": { "type": "item", "code": "bricklayers:powdered-magnetite" },
		"F": { "type": "item", "code": "game:clay-fire" }
	},
	"width": 2,
	"height": 2,
	"output": { "type": "item", "code": "game:clay-darkgrey", "quantity": 4 }
	},
	{
	"ingredientPattern": "LC,BF",
	"ingredients": {
		"L": { "type": "item", "code": "game:lime" },
		"C": { "type": "item", "code": "bricklayers:powdered-coal" },
		"B": { "type": "item", "code": "game:clay-blue" },
		"F": { "type": "item", "code": "game:clay-fire" }
	},
	"width": 2,
	"height": 2,
	"output": { "type": "item", "code": "game:clay-darkgrey", "quantity": 4 }
	},
	{
	"ingredientPattern": "LC,BF",
	"ingredients": {
		"L": { "type": "item", "code": "game:lime" },
		"C": { "type": "item", "code": "bricklayers:powdered-coal" },
		"B": { "type": "item", "code": "game:clay-blue" },
		"F": { "type": "item", "code": "game:clay-fire" }
	},
	"width": 2,
	"height": 2,
	"output": { "type": "item", "code": "game:clay-darkgrey", "quantity": 4 }
	},
	{
	"ingredientPattern": "CX,BG",
	"ingredients": {
		"C": { "type": "item", "code": "bricklayers:powdered-coal" },
		"X": { "type": "item", "code": "bricklayers:powdered-bauxite" },
		"B": { "type": "item", "code": "game:clay-blue" },
		"G": { "type": "item", "code": "game:clay-green" }
	},
	"width": 2,
	"height": 2,
	"output": { "type": "item", "code": "game:clay-brown", "quantity": 4 }
	},
	{
	"ingredientPattern": "CX,BG",
	"ingredients": {
		"C": { "type": "item", "code": "bricklayers:powdered-magnetite" },
		"X": { "type": "item", "code": "bricklayers:powdered-bauxite" },
		"B": { "type": "item", "code": "game:clay-blue" },
		"G": { "type": "item", "code": "game:clay-green" }
	},
	"width": 2,
	"height": 2,
	"output": { "type": "item", "code": "game:clay-brown", "quantity": 4 }
	},
	{
	"ingredientPattern": "CX,BG",
	"ingredients": {
		"C": { "type": "item", "code": "bricklayers:powdered-coal" },
		"X": { "type": "item", "code": "bricklayers:powdered-hematite" },
		"B": { "type": "item", "code": "game:clay-blue" },
		"G": { "type": "item", "code": "game:clay-green" }
	},
	"width": 2,
	"height": 2,
	"output": { "type": "item", "code": "game:clay-brown", "quantity": 4 }
	},
	{
	"ingredientPattern": "LC,BB",
	"ingredients": {
		"L": { "type": "item", "code": "game:lime" },
		"C": { "type": "item", "code": "bricklayers:powdered-copper" },
		"B": { "type": "item", "code": "game:clay-blue" }
	},
	"width": 2,
	"height": 2,
	"output": { "type": "item", "code": "game:clay-green", "quantity": 4 }
	},
	{
	"ingredientPattern": "QC,BB",
	"ingredients": {
		"Q": { "type": "item", "code": "game:crushed-quartz" },
		"C": { "type": "item", "code": "bricklayers:powdered-chromiumoxide" },
		"B": { "type": "item", "code": "game:clay-blue" }
	},
	"width": 2,
	"height": 2,
	"output": { "type": "item", "code": "game:clay-green", "quantity": 4 }
	},
	{
	"ingredientPattern": "OO,BB",
	"ingredients": {
		"O": { "type": "item", "code": "bricklayers:powdered-olivine" },
		"B": { "type": "item", "code": "game:clay-blue" }
	},
	"width": 2,
	"height": 2,
	"output": { "type": "item", "code": "game:clay-green", "quantity": 4 }
	},
	{
	"ingredientPattern": "LA,FF",
	"ingredients": {
		"L": { "type": "item", "code": "game:lime" },
		"A": { "type": "item", "code": "bricklayers:powdered-boneash" },
		"F": { "type": "item", "code": "game:clay-fire" }
	},
	"width": 2,
	"height": 2,
	"output": { "type": "item", "code": "game:clay-light", "quantity": 4 }
	},
	{
	"ingredientPattern": "LC,FF",
	"ingredients": {
		"L": { "type": "item", "code": "game:lime" },
		"C": { "type": "item", "code": "bricklayers:powdered-malachite" },
		"F": { "type": "item", "code": "game:clay-fire" }
	},
	"width": 2,
	"height": 2,
	"output": { "type": "item", "code": "game:clay-malachite", "quantity": 4 }
	},
	{
	"ingredientPattern": "XX,FF",
	"ingredients": {
		"X": { "type": "item", "code": "bricklayers:powdered-bauxite" },
		"F": { "type": "item", "code": "game:clay-fire" }
	},
	"width": 2,
	"height": 2,
	"recipeGroup": 4,
	"output": { "type": "item", "code": "game:clay-orange", "quantity": 4 }
	},
	{
	"ingredientPattern": "RY,FF",
	"ingredients": {
		"R": { "type": "item", "code": "bricklayers:powdered-hematite" },
		"Y": { "type": "item", "code": "bricklayers:powdered-limonite" },
		"F": { "type": "item", "code": "game:clay-fire" }
	},
	"width": 2,
	"height": 2,
	"output": { "type": "item", "code": "game:clay-orange", "quantity": 4 }
	},
	{
	"ingredientPattern": "RY,FF",
	"ingredients": {
		"R": { "type": "item", "code": "bricklayers:powdered-litharge" },
		"Y": { "type": "item", "code": "bricklayers:powdered-massicot" },
		"F": { "type": "item", "code": "game:clay-fire" }
	},
	"width": 2,
	"height": 2,
	"output": { "type": "item", "code": "game:clay-orange", "quantity": 4 }
	},
	{
	"ingredientPattern": "RY,FF",
	"ingredients": {
		"R": { "type": "item", "code": "bricklayers:powdered-hematite" },
		"Y": { "type": "item", "code": "bricklayers:powdered-massicot" },
		"F": { "type": "item", "code": "game:clay-fire" }
	},
	"width": 2,
	"height": 2,
	"output": { "type": "item", "code": "game:clay-orange", "quantity": 4 }
	},
	{
	"ingredientPattern": "RY,FF",
	"ingredients": {
		"R": { "type": "item", "code": "bricklayers:powdered-litharge" },
		"Y": { "type": "item", "code": "bricklayers:powdered-limonite" },
		"F": { "type": "item", "code": "game:clay-fire" }
	},
	"width": 2,
	"height": 2,
	"output": { "type": "item", "code": "game:clay-orange", "quantity": 4 }
	},
	{
	"ingredientPattern": "LR,FF",
	"ingredients": {
		"L": { "type": "item", "code": "game:lime" },
		"R": { "type": "item", "code": "bricklayers:powdered-litharge" },
		"F": { "type": "item", "code": "game:clay-fire" }
	},
	"width": 2,
	"height": 2,
	"output": { "type": "item", "code": "game:clay-pink", "quantity": 4 }
	},
	{
	"ingredientPattern": "LR,FF",
	"ingredients": {
		"L": { "type": "item", "code": "game:lime" },
		"R": { "type": "item", "code": "bricklayers:powdered-hematite" },
		"F": { "type": "item", "code": "game:clay-fire" }
	},
	"width": 2,
	"height": 2,
	"output": { "type": "item", "code": "game:clay-pink", "quantity": 4 }
	},
	{
	"ingredientPattern": "RB,FF",
	"ingredients": {
		"R": { "type": "item", "code": "bricklayers:powdered-litharge" },
		"B": { "type": "item", "code": "bricklayers:powdered-bauxite" },
		"F": { "type": "item", "code": "game:clay-fire" }
	},
	"width": 2,
	"height": 2,
	"output": { "type": "item", "code": "game:clay-red", "quantity": 4 }
	},
	{
	"ingredientPattern": "RB,FF",
	"ingredients": {
		"R": { "type": "item", "code": "bricklayers:powdered-hematite" },
		"B": { "type": "item", "code": "bricklayers:powdered-bauxite" },
		"F": { "type": "item", "code": "game:clay-fire" }
	},
	"width": 2,
	"height": 2,
	"output": { "type": "item", "code": "game:clay-red", "quantity": 4 }
	},
	{
	"ingredientPattern": "RN,BF",
	"ingredients": {
		"R": { "type": "item", "code": "bricklayers:powdered-hematite" },
		"N": { "type": "item", "code": "bricklayers:powdered-nickel" },
		"B": { "type": "item", "code": "game:clay-blue" },
		"F": { "type": "item", "code": "game:clay-fire" }
	},
	"width": 2,
	"height": 2,
	"output": { "type": "item", "code": "game:clay-purple", "quantity": 4 }
	},
	{
	"ingredientPattern": "RZ,BF",
	"ingredients": {
		"R": { "type": "item", "code": "bricklayers:powdered-hematite" },
		"Z": { "type": "item", "code": "bricklayers:powdered-lapislazuli" },
		"B": { "type": "item", "code": "game:clay-blue" },
		"F": { "type": "item", "code": "game:clay-fire" }
	},
	"width": 2,
	"height": 2,
	"output": { "type": "item", "code": "game:clay-purple", "quantity": 4 }
	},
	{
	"ingredientPattern": "RZ,BF",
	"ingredients": {
		"R": { "type": "item", "code": "bricklayers:powdered-cinnabar" },
		"Z": { "type": "item", "code": "bricklayers:powdered-lapislazuli" },
		"B": { "type": "item", "code": "game:clay-blue" },
		"F": { "type": "item", "code": "game:clay-fire" }
	},
	"width": 2,
	"height": 2,
	"output": { "type": "item", "code": "game:clay-purple", "quantity": 4 }
	},
	{
	"ingredientPattern": "RN,BF",
	"ingredients": {
		"R": { "type": "item", "code": "bricklayers:powdered-cinnabar" },
		"N": { "type": "item", "code": "bricklayers:powdered-nickel" },
		"B": { "type": "item", "code": "game:clay-blue" },
		"F": { "type": "item", "code": "game:clay-fire" }
	},
	"width": 2,
	"height": 2,
	"output": { "type": "item", "code": "game:clay-purple", "quantity": 4 }
	},
	{
	"ingredientPattern": "RR,BB",
	"ingredients": {
		"B": { "type": "item", "code": "game:clay-blurple" },
		"R": { "type": "item", "code": "game:clay-red" }
	},
	"width": 2,
	"height": 2,
	"recipeGroup": 2,
	"output": { "type": "item", "code": "game:clay-purple", "quantity": 4 }
	},
	{
	"ingredientPattern": "MM,FF",
	"ingredients": {
		"M": { "type": "item", "code": "bricklayers:powdered-massicot" },
		"F": { "type": "item", "code": "game:clay-fire" }
	},
	"width": 2,
	"height": 2,
	"output": { "type": "item", "code": "game:clay-yellow", "quantity": 4 }
	},
	{
	"ingredientPattern": "LY,FF",
	"ingredients": {
		"L": { "type": "item", "code": "game:lime" },
		"Y": { "type": "item", "code": "bricklayers:powdered-limonite" },
		"F": { "type": "item", "code": "game:clay-fire" }
	},
	"width": 2,
	"height": 2,
	"output": { "type": "item", "code": "game:clay-yellow", "quantity": 4 }
	}
]
