[
	{
	"ingredientPattern": "H,C",
	"ingredients": {
		"H": { "type": "item", "code": "game:hammer-*", "isTool": true },
		"C": { "type": "item", "code": "game:charcoal", "name": "ore", "quantity": 1 }
	},
	"width": 1,
	"height": 2,
	"output": { "type": "item", "code": "game:crushed-coal", "quantity": 1 }
	},
	{
	"ingredientPattern": "H,C",
	"ingredients": {
		"H": { "type": "item", "code": "game:hammer-*", "isTool": true, "toolDurabilityCost": 4 },
		"C": { "type": "item", "code": "game:ore-bituminouscoal", "name": "ore", "quantity": 1 }
	},
	"width": 1,
	"height": 2,
	"output": { "type": "item", "code": "game:crushed-coal", "quantity": 2 }
	}
]
