[
	{
	"code": "glassbatch-dark-magnetite",
	"ingredientPattern": "MI,BB",
	"ingredients": {
		"M": { "type": "item", "code": "bricklayers:powdered-magnetite", "quantity": 2 },
		"I": { "type": "item", "code": "bricklayers:powdered-ilmenite", "quantity": 2 },
		"B": { "type": "item", "code": "bricklayers:glassbatch-plain-*", "quantity": 1, "name": "color",
			"allowedVariants": [ "black", "blue", "brown", "pink", "red", "violet", "yellow" ] }
	},
	"width": 2,
	"height": 2,
	"output": { "type": "item", "code": "bricklayers:glassbatch-dark-{color}", "quantity": 4 }
	},
	{
	"code": "glassbatch-dark-nickel",
	"ingredientPattern": "NI,BB",
	"ingredients": {
		"N": { "type": "item", "code": "bricklayers:powdered-nickel", "quantity": 2 },
		"I": { "type": "item", "code": "bricklayers:powdered-ilmenite", "quantity": 2 },
		"B": { "type": "item", "code": "bricklayers:glassbatch-plain-*", "quantity": 1, "name": "color",
			"allowedVariants": [ "blue", "pink", "violet" ] }
	},
	"width": 2,
	"height": 2,
	"output": { "type": "item", "code": "bricklayers:glassbatch-dark-{color}", "quantity": 4 }
	},
	{
	"code": "glassbatch-dark-chromite",
	"ingredientPattern": "CI,BB",
	"ingredients": {
		"C": { "type": "item", "code": "bricklayers:powdered-chromite", "quantity": 2 },
		"I": { "type": "item", "code": "bricklayers:powdered-ilmenite", "quantity": 2 },
		"B": { "type": "item", "code": "bricklayers:glassbatch-plain-*", "quantity": 1, "name": "color",
			"allowedVariants": [ "green" ] }
	},
	"width": 2,
	"height": 2,
	"output": { "type": "item", "code": "bricklayers:glassbatch-dark-{color}", "quantity": 4 }
	}
]
