[
	{
	"code": "glassbatch-milky-cassiterite",
	"ingredientPattern": "TQ,BB",
	"ingredients": {
		"T": { "type": "item", "code": "bricklayers:powdered-cassiterite", "quantity": 1 },
		"Q": { "type": "item", "code": "bricklayers:powdered-quartz", "quantity": 2 },
		"B": { "type": "item", "code": "bricklayers:glassbatch-plain-*", "quantity": 1, "name": "color",
			"allowedVariants": [ "blue", "brown", "green", "pink", "violet", "red", "yellow", "black"] }
	},
	"width": 2,
	"height": 2,
	"output": { "type": "item", "code": "bricklayers:glassbatch-milky-{color}", "quantity": 4 }
	},
	{
	"code": "glassbatch-milky-boneash",
	"ingredientPattern": "AQ,BB",
	"ingredients": {
		"A": { "type": "item", "code": "bricklayers:powdered-boneash", "quantity": 2 },
		"Q": { "type": "item", "code": "bricklayers:powdered-quartz", "quantity": 2 },
		"B": { "type": "item", "code": "bricklayers:glassbatch-plain-*", "quantity": 1, "name": "color",
			"allowedVariants": [ "blue", "brown", "green", "pink", "violet", "red", "yellow", "black"] }
	},
	"width": 2,
	"height": 2,
	"output": { "type": "item", "code": "bricklayers:glassbatch-milky-{color}", "quantity": 4 }
	},
	{
	"code": "glassbatch-milky-smoky-boneash",
	"ingredientPattern": "TQ,BB",
	"ingredients": {
		"T": { "type": "item", "code": "bricklayers:powdered-boneash", "quantity": 1 },
		"Q": { "type": "item", "code": "bricklayers:powdered-quartz", "quantity": 2 },
		"B": { "type": "item", "code": "game:crushed-quartz", "quantity": 1 }
	},
	"width": 2,
	"height": 2,
	"output": { "type": "item", "code": "bricklayers:glassbatch-milky-smoky", "quantity": 4 }
	},
	{
	"code": "glassbatch-milky-smoky-cassiterite",
	"ingredientPattern": "TQ,BB",
	"ingredients": {
		"T": { "type": "item", "code": "bricklayers:powdered-cassiterite", "quantity": 1 },
		"Q": { "type": "item", "code": "bricklayers:powdered-quartz", "quantity": 2 },
		"B": { "type": "item", "code": "game:crushed-quartz", "quantity": 1 }
	},
	"width": 2,
	"height": 2,
	"output": { "type": "item", "code": "bricklayers:glassbatch-milky-smoky", "quantity": 4 }
	}
]
