[
	{
	"ingredientPattern": "AG,CL",
	"comment": "Spode's formulation: 6 parts bone ash, 4 parts china stone (white granite) and 3.5 parts china clay (Kaolin)",
	"ingredients": {
		"A": { "type": "item", "code": "bricklayers:powdered-boneash", "quantity": 12 },
		"G": { "type": "item", "code": "bricklayers:powdered-granite", "quantity": 8 },
		"C": { "type": "item", "code": "game:clay-light", "quantity": 4 },
		"L": { "type": "item", "code": "game:clay-light", "quantity": 3 }
	},
	"width": 2,
	"height": 2,
	"output": { "type": "item", "code": "game:clay-white", "quantity": 27 }
	},
	{
	"ingredientPattern": "AG,CB",
	"comment": "Spode's formulation: 6 parts bone ash, 4 parts china stone (white granite) and 3.5 parts china clay (Kaolin)",
	"ingredients": {
		"A": { "type": "item", "code": "bricklayers:powdered-boneash", "quantity": 12 },
		"G": { "type": "item", "code": "bricklayers:powdered-granite", "quantity": 8 },
		"C": { "type": "item", "code": "game:clay-light", "quantity": 4 },
		"B": { "type": "item", "code": "game:clay-blurple", "quantity": 3 }
	},
	"width": 2,
	"height": 2,
	"output": { "type": "item", "code": "game:clay-paleblue", "quantity": 27 }
	},
	{
	"ingredientPattern": "AG,CR",
	"comment": "Spode's formulation: 6 parts bone ash, 4 parts china stone (white granite) and 3.5 parts china clay (Kaolin)",
	"ingredients": {
		"A": { "type": "item", "code": "bricklayers:powdered-boneash", "quantity": 12 },
		"G": { "type": "item", "code": "bricklayers:powdered-granite", "quantity": 8 },
		"C": { "type": "item", "code": "game:clay-light", "quantity": 4 },
		"R": { "type": "item", "code": "game:clay-green", "quantity": 3 }
	},
	"width": 2,
	"height": 2,
	"output": { "type": "item", "code": "game:clay-palegreen", "quantity": 27 }
	},
	{
	"ingredientPattern": "AG,CR",
	"comment": "Spode's formulation: 6 parts bone ash, 4 parts china stone (white granite) and 3.5 parts china clay (Kaolin)",
	"ingredients": {
		"A": { "type": "item", "code": "bricklayers:powdered-boneash", "quantity": 12 },
		"G": { "type": "item", "code": "bricklayers:powdered-granite", "quantity": 8 },
		"C": { "type": "item", "code": "game:clay-light", "quantity": 4 },
		"R": { "type": "item", "code": "game:clay-red", "quantity": 3 }
	},
	"width": 2,
	"height": 2,
	"output": { "type": "item", "code": "game:clay-palered", "quantity": 27 }
	}
]
